{
	"credit": "Made with Blockbench",
	"parent": "block/block",
	"ambientocclusion": false,
	"textures": {
		"3": "block/cactus/cactus_flower",
		"bottom": "block/cactus_bottom",
		"top": "block/cactus_top",
		"particle": "block/cactus_side",
		"side": "block/cactus_side"
	},
	"elements": [
		{
			"from": [2, 0, 2],
			"to": [14, 16, 14],
			"faces": {
				"west": {"uv": [0, 0, 0, 0], "texture": "#3"},
				"up": {"uv": [1, 1, 15, 15], "texture": "#top", "cullface": "up"},
				"down": {"uv": [0, 0, 16, 16], "texture": "#bottom", "cullface": "down"}
			}
		},
		{
			"from": [1, 0, 2],
			"to": [15, 16, 14],
			"faces": {
				"north": {"uv": [0, 0, 16, 16], "texture": "#side"},
				"south": {"uv": [0, 0, 16, 16], "texture": "#side"}
			}
		},
		{
			"from": [2, 0, 1],
			"to": [14, 16, 15],
			"faces": {
				"east": {"uv": [0, 0, 16, 16], "texture": "#side"},
				"west": {"uv": [0, 0, 16, 16], "texture": "#side"}
			}
		},
		{
			"from": [1, 0, 2],
			"to": [1, 16, 3],
			"rotation": {"angle": 45, "axis": "y", "origin": [1, 8, 1.5]},
			"faces": {
				"north": {"uv": [0, 0, 0, 16], "texture": "#missing"},
				"east": {"uv": [11, 0, 14, 16], "texture": "#3"},
				"south": {"uv": [0, 0, 0, 16], "texture": "#missing"},
				"west": {"uv": [11, 0, 14, 16], "texture": "#3"},
				"up": {"uv": [0, 0, 0, 3], "texture": "#missing"},
				"down": {"uv": [0, 0, 0, 3], "texture": "#missing"}
			}
		},
		{
			"from": [10, 1, -8],
			"to": [10, 17, -7],
			"rotation": {"angle": -45, "axis": "y", "origin": [1, 8, 2.5]},
			"faces": {
				"north": {"uv": [0, 0, 0, 16], "texture": "#3"},
				"east": {"uv": [11, 0, 14, 16], "texture": "#3"},
				"south": {"uv": [0, 0, 0, 16], "texture": "#3"},
				"west": {"uv": [11, 0, 14, 16], "texture": "#3"},
				"up": {"uv": [0, 0, 0, 3], "texture": "#3"},
				"down": {"uv": [0, 0, 0, 3], "texture": "#3"}
			}
		},
		{
			"from": [11, 1, 10],
			"to": [11, 17, 11],
			"rotation": {"angle": -45, "axis": "y", "origin": [2, 8, 1.5]},
			"faces": {
				"north": {"uv": [0, 0, 0, 16], "texture": "#3"},
				"east": {"uv": [11, 0, 14, 16], "texture": "#3"},
				"south": {"uv": [0, 0, 0, 16], "texture": "#3"},
				"west": {"uv": [11, 0, 14, 16], "texture": "#3"},
				"up": {"uv": [0, 0, 0, 3], "texture": "#3"},
				"down": {"uv": [0, 0, 0, 3], "texture": "#3"}
			}
		},
		{
			"from": [1, 0, 19],
			"to": [1, 16, 20],
			"rotation": {"angle": 45, "axis": "y", "origin": [1, 8, 1.5]},
			"faces": {
				"north": {"uv": [0, 0, 0, 16], "texture": "#3"},
				"east": {"uv": [11, 0, 14, 16], "texture": "#3"},
				"south": {"uv": [0, 0, 0, 16], "texture": "#3"},
				"west": {"uv": [11, 0, 14, 16], "texture": "#3"},
				"up": {"uv": [0, 0, 0, 3], "texture": "#3"},
				"down": {"uv": [0, 0, 0, 3], "texture": "#3"}
			}
		},
		{
			"from": [13.5, 1, 10.5],
			"to": [14.5, 17, 10.5],
			"rotation": {"angle": 0, "axis": "y", "origin": [0, 8, 1.5]},
			"faces": {
				"north": {"uv": [11, 0, 14, 16], "texture": "#3"},
				"east": {"uv": [0, 0, 0, 16], "texture": "#3"},
				"south": {"uv": [11, 0, 14, 16], "texture": "#3"},
				"west": {"uv": [0, 0, 0, 16], "texture": "#3"},
				"up": {"uv": [0, 0, 0, 3], "rotation": 90, "texture": "#3"},
				"down": {"uv": [0, 0, 0, 3], "rotation": 270, "texture": "#3"}
			}
		},
		{
			"from": [1.5, 0, 5.5],
			"to": [2.5, 16, 5.5],
			"rotation": {"angle": 0, "axis": "y", "origin": [-12, 8, 1.5]},
			"faces": {
				"north": {"uv": [11, 0, 14, 16], "texture": "#3"},
				"east": {"uv": [0, 0, 0, 16], "texture": "#3"},
				"south": {"uv": [11, 0, 14, 16], "texture": "#3"},
				"west": {"uv": [0, 0, 0, 16], "texture": "#3"},
				"up": {"uv": [0, 0, 0, 3], "rotation": 90, "texture": "#3"},
				"down": {"uv": [0, 0, 0, 3], "rotation": 270, "texture": "#3"}
			}
		},
		{
			"from": [1.5, 1, 10.5],
			"to": [2.5, 17, 10.5],
			"rotation": {"angle": 0, "axis": "y", "origin": [-12, 8, 1.5]},
			"faces": {
				"north": {"uv": [11, 0, 14, 16], "texture": "#3"},
				"east": {"uv": [0, 0, 0, 16], "texture": "#3"},
				"south": {"uv": [11, 0, 14, 16], "texture": "#3"},
				"west": {"uv": [0, 0, 0, 16], "texture": "#3"},
				"up": {"uv": [0, 0, 0, 3], "rotation": 90, "texture": "#3"},
				"down": {"uv": [0, 0, 0, 3], "rotation": 270, "texture": "#3"}
			}
		},
		{
			"from": [13.5, -1, 5.5],
			"to": [14.5, 15, 5.5],
			"rotation": {"angle": 0, "axis": "y", "origin": [0, 8, 1.5]},
			"faces": {
				"north": {"uv": [11, 0, 14, 16], "texture": "#3"},
				"east": {"uv": [0, 0, 0, 16], "texture": "#3"},
				"south": {"uv": [11, 0, 14, 16], "texture": "#3"},
				"west": {"uv": [0, 0, 0, 16], "texture": "#3"},
				"up": {"uv": [0, 0, 0, 3], "rotation": 90, "texture": "#3"},
				"down": {"uv": [0, 0, 0, 3], "rotation": 270, "texture": "#3"}
			}
		},
		{
			"from": [5.5, -1, 0.5],
			"to": [5.5, 15, 1.5],
			"faces": {
				"north": {"uv": [0, 0, 0, 16], "texture": "#3"},
				"east": {"uv": [11, 0, 14, 16], "texture": "#3"},
				"south": {"uv": [0, 0, 0, 16], "texture": "#3"},
				"west": {"uv": [11, 0, 14, 16], "texture": "#3"},
				"up": {"uv": [0, 0, 0, 3], "rotation": 180, "texture": "#3"},
				"down": {"uv": [0, 0, 0, 3], "rotation": 180, "texture": "#3"}
			}
		},
		{
			"from": [10.5, 1, 1.5],
			"to": [10.5, 17, 2.5],
			"rotation": {"angle": 0, "axis": "y", "origin": [8, 8, 9]},
			"faces": {
				"north": {"uv": [0, 0, 0, 16], "texture": "#3"},
				"east": {"uv": [11, 0, 14, 16], "texture": "#3"},
				"south": {"uv": [0, 0, 0, 16], "texture": "#3"},
				"west": {"uv": [11, 0, 14, 16], "texture": "#3"},
				"up": {"uv": [0, 0, 0, 3], "rotation": 180, "texture": "#3"},
				"down": {"uv": [0, 0, 0, 3], "rotation": 180, "texture": "#3"}
			}
		},
		{
			"from": [5.5, 0, 13.5],
			"to": [5.5, 16, 14.5],
			"rotation": {"angle": 0, "axis": "y", "origin": [8, 8, 7]},
			"faces": {
				"north": {"uv": [0, 0, 0, 16], "texture": "#3"},
				"east": {"uv": [11, 0, 14, 16], "texture": "#3"},
				"south": {"uv": [0, 0, 0, 16], "texture": "#3"},
				"west": {"uv": [11, 0, 14, 16], "texture": "#3"},
				"up": {"uv": [0, 0, 0, 3], "rotation": 180, "texture": "#3"},
				"down": {"uv": [0, 0, 0, 3], "rotation": 180, "texture": "#3"}
			}
		},
		{
			"from": [10.5, 1, 13.5],
			"to": [10.5, 17, 14.5],
			"rotation": {"angle": 0, "axis": "y", "origin": [8, 8, 7]},
			"faces": {
				"north": {"uv": [0, 0, 0, 16], "texture": "#3"},
				"east": {"uv": [11, 0, 14, 16], "texture": "#3"},
				"south": {"uv": [0, 0, 0, 16], "texture": "#3"},
				"west": {"uv": [11, 0, 14, 16], "texture": "#3"},
				"up": {"uv": [0, 0, 0, 3], "rotation": 180, "texture": "#3"},
				"down": {"uv": [0, 0, 0, 3], "rotation": 180, "texture": "#3"}
			}
		},
		{
			"from": [6, 17, 0],
			"to": [10, 17, 8],
			"rotation": {"angle": 22.5, "axis": "x", "origin": [9, 14, 4]},
			"faces": {
				"north": {"uv": [0, 0, 4, 0], "texture": "#3"},
				"east": {"uv": [0, 0, 8, 0], "texture": "#3"},
				"south": {"uv": [0, 0, 4, 0], "texture": "#3"},
				"west": {"uv": [0, 0, 8, 0], "texture": "#3"},
				"up": {"uv": [0, 0, 5, 9], "texture": "#3"},
				"down": {"uv": [0, 0, 5, 9], "texture": "#3"}
			}
		},
		{
			"from": [6, 16.70711, 7.36396],
			"to": [10, 16.70711, 15.36396],
			"rotation": {"angle": -22.5, "axis": "x", "origin": [8, 15.70711, 10.36396]},
			"faces": {
				"north": {"uv": [0, 0, 4, 0], "texture": "#3"},
				"east": {"uv": [0, 0, 8, 0], "texture": "#3"},
				"south": {"uv": [0, 0, 4, 0], "texture": "#3"},
				"west": {"uv": [0, 0, 8, 0], "texture": "#3"},
				"up": {"uv": [0, 9, 5, 0], "texture": "#3"},
				"down": {"uv": [0, 0, 5, 9], "texture": "#3"}
			}
		},
		{
			"from": [8, 16, 6],
			"to": [16, 16, 10],
			"rotation": {"angle": 22.5, "axis": "z", "origin": [9, 13, 3]},
			"faces": {
				"north": {"uv": [0, 0, 8, 0], "texture": "#3"},
				"east": {"uv": [0, 0, 4, 0], "texture": "#3"},
				"south": {"uv": [0, 0, 8, 0], "texture": "#3"},
				"west": {"uv": [0, 0, 4, 0], "texture": "#3"},
				"up": {"uv": [0, 0, 5, 9], "rotation": 90, "texture": "#3"},
				"down": {"uv": [0, 0, 5, 9], "rotation": 270, "texture": "#3"}
			}
		},
		{
			"from": [8, 15, 6],
			"to": [8, 23, 10],
			"rotation": {"angle": 45, "axis": "z", "origin": [9, 15, 3]},
			"faces": {
				"north": {"uv": [0, 0, 8, 0], "rotation": 90, "texture": "#3"},
				"east": {"uv": [0, 9, 5, 0], "rotation": 180, "texture": "#3"},
				"south": {"uv": [0, 0, 8, 0], "rotation": 270, "texture": "#3"},
				"west": {"uv": [0, 0, 5, 9], "texture": "#3"},
				"up": {"uv": [0, 0, 4, 0], "rotation": 270, "texture": "#3"},
				"down": {"uv": [0, 0, 4, 0], "rotation": 270, "texture": "#3"}
			}
		},
		{
			"from": [7.97031, 16.70711, 6.56878],
			"to": [11.97031, 16.70711, 14.56878],
			"rotation": {"angle": 45, "axis": "y", "origin": [9.97031, 16.70711, 10.56878]},
			"faces": {
				"north": {"uv": [0, 0, 4, 0], "texture": "#3"},
				"east": {"uv": [0, 0, 8, 0], "texture": "#3"},
				"south": {"uv": [0, 0, 4, 0], "texture": "#3"},
				"west": {"uv": [0, 0, 8, 0], "texture": "#3"},
				"up": {"uv": [0, 9, 5, 0], "texture": "#3"},
				"down": {"uv": [0, 0, 5, 9], "texture": "#3"}
			}
		},
		{
			"from": [4, 16, 3],
			"to": [12, 16, 7],
			"rotation": {"angle": 45, "axis": "y", "origin": [9, 15, 3]},
			"faces": {
				"north": {"uv": [0, 0, 8, 0], "texture": "#3"},
				"east": {"uv": [0, 0, 4, 0], "texture": "#3"},
				"south": {"uv": [0, 0, 8, 0], "texture": "#3"},
				"west": {"uv": [0, 0, 4, 0], "texture": "#3"},
				"up": {"uv": [0, 0, 5, 9], "rotation": 90, "texture": "#3"},
				"down": {"uv": [0, 0, 5, 9], "rotation": 270, "texture": "#3"}
			}
		},
		{
			"from": [2, 16, 7],
			"to": [10, 16, 11],
			"rotation": {"angle": 22.5, "axis": "y", "origin": [4, 16, 9]},
			"faces": {
				"north": {"uv": [0, 0, 8, 0], "texture": "#3"},
				"east": {"uv": [0, 0, 4, 0], "texture": "#3"},
				"south": {"uv": [0, 0, 8, 0], "texture": "#3"},
				"west": {"uv": [0, 0, 4, 0], "texture": "#3"},
				"up": {"uv": [0, 0, 5, 9], "rotation": 270, "texture": "#3"},
				"down": {"uv": [0, 9, 5, 0], "rotation": 90, "texture": "#3"}
			}
		},
		{
			"from": [7, 15, 9],
			"to": [10, 20, 9],
			"faces": {
				"north": {"uv": [6, 1, 9, 5], "texture": "#3"},
				"east": {"uv": [0, 0, 0, 5], "texture": "#3"},
				"south": {"uv": [6, 1, 9, 5], "texture": "#3"},
				"west": {"uv": [0, 0, 0, 5], "texture": "#3"},
				"up": {"uv": [0, 0, 3, 0], "texture": "#3"},
				"down": {"uv": [0, 0, 3, 0], "texture": "#3"}
			}
		},
		{
			"from": [10, 15, 6],
			"to": [10, 20, 9],
			"rotation": {"angle": 0, "axis": "y", "origin": [8.5, 17.5, 7.5]},
			"faces": {
				"north": {"uv": [0, 0, 0, 5], "texture": "#3"},
				"east": {"uv": [6, 1, 9, 5], "texture": "#3"},
				"south": {"uv": [0, 0, 0, 5], "texture": "#3"},
				"west": {"uv": [6, 1, 9, 5], "texture": "#3"},
				"up": {"uv": [0, 0, 3, 0], "rotation": 90, "texture": "#3"},
				"down": {"uv": [0, 0, 3, 0], "rotation": 270, "texture": "#3"}
			}
		},
		{
			"from": [7, 15, 6],
			"to": [7, 20, 9],
			"rotation": {"angle": 0, "axis": "y", "origin": [8.5, 17.5, 7.5]},
			"faces": {
				"north": {"uv": [0, 0, 0, 5], "texture": "#3"},
				"east": {"uv": [6, 1, 9, 5], "texture": "#3"},
				"south": {"uv": [0, 0, 0, 5], "texture": "#3"},
				"west": {"uv": [6, 1, 9, 5], "texture": "#3"},
				"up": {"uv": [0, 0, 3, 0], "rotation": 90, "texture": "#3"},
				"down": {"uv": [0, 0, 3, 0], "rotation": 270, "texture": "#3"}
			}
		},
		{
			"from": [7, 15, 6],
			"to": [10, 20, 6],
			"faces": {
				"north": {"uv": [6, 1, 9, 5], "texture": "#3"},
				"east": {"uv": [0, 0, 0, 5], "texture": "#3"},
				"south": {"uv": [6, 1, 9, 5], "texture": "#3"},
				"west": {"uv": [0, 0, 0, 5], "texture": "#3"},
				"up": {"uv": [0, 0, 3, 0], "texture": "#3"},
				"down": {"uv": [0, 0, 3, 0], "texture": "#3"}
			}
		}
	]
}