{
	"credit": "Made with Blockbench",
	"textures": {
		"1": "block/coral/brain_coral"
	},
	"elements": [
		{
			"from": [5, 0, 5],
			"to": [10, 1, 10],
			"faces": {
				"north": {"uv": [4, 4, 9, 5], "texture": "#1"},
				"east": {"uv": [7, 7, 12, 8], "texture": "#1"},
				"south": {"uv": [4, 4, 9, 5], "texture": "#1"},
				"west": {"uv": [4, 4, 9, 5], "texture": "#1"},
				"up": {"uv": [5, 8, 10, 13], "texture": "#1"},
				"down": {"uv": [6, 8, 11, 13], "texture": "#1"}
			}
		},
		{
			"from": [9, 0, 9],
			"to": [14, 3, 14],
			"faces": {
				"north": {"uv": [6, 10, 11, 13], "texture": "#1"},
				"east": {"uv": [9, 11, 14, 14], "texture": "#1"},
				"south": {"uv": [6, 10, 11, 13], "texture": "#1"},
				"west": {"uv": [6, 10, 11, 13], "texture": "#1"},
				"up": {"uv": [8, 8, 13, 13], "texture": "#1"},
				"down": {"uv": [4, 9, 9, 14], "texture": "#1"}
			}
		},
		{
			"from": [2, 0, 4],
			"to": [7, 3, 9],
			"faces": {
				"north": {"uv": [5, 8, 10, 11], "texture": "#1"},
				"east": {"uv": [5, 8, 10, 11], "texture": "#1"},
				"south": {"uv": [5, 8, 10, 11], "texture": "#1"},
				"west": {"uv": [6, 3, 11, 6], "texture": "#1"},
				"up": {"uv": [5, 7, 10, 12], "texture": "#1"},
				"down": {"uv": [6, 8, 11, 13], "texture": "#1"}
			}
		},
		{
			"from": [9, 0, 4],
			"to": [11, 9, 6],
			"faces": {
				"north": {"uv": [8, 3, 10, 12], "texture": "#1"},
				"east": {"uv": [7, 6, 9, 15], "texture": "#1"},
				"south": {"uv": [9, 6, 11, 15], "texture": "#1"},
				"west": {"uv": [8, 5, 10, 14], "texture": "#1"},
				"up": {"uv": [6, 7, 8, 9], "texture": "#1"},
				"down": {"uv": [6, 7, 8, 9], "texture": "#1"}
			}
		},
		{
			"from": [10, 8, 3],
			"to": [12, 11, 5],
			"faces": {
				"north": {"uv": [0, 0, 2, 3], "texture": "#1"},
				"east": {"uv": [0, 0, 2, 3], "texture": "#1"},
				"south": {"uv": [0, 0, 2, 3], "texture": "#1"},
				"west": {"uv": [0, 0, 2, 3], "texture": "#1"},
				"up": {"uv": [0, 0, 2, 2], "texture": "#1"},
				"down": {"uv": [0, 0, 2, 2], "texture": "#1"}
			}
		},
		{
			"from": [7, 4, 14],
			"to": [9, 13, 16],
			"rotation": {"angle": 45, "axis": "x", "origin": [8, 8, 8]},
			"faces": {
				"north": {"uv": [7, 5, 9, 14], "texture": "#1"},
				"east": {"uv": [7, 5, 9, 14], "texture": "#1"},
				"south": {"uv": [7, 5, 9, 14], "texture": "#1"},
				"west": {"uv": [7, 5, 9, 14], "texture": "#1"},
				"up": {"uv": [7, 10, 9, 12], "texture": "#1"},
				"down": {"uv": [6, 7, 8, 9], "texture": "#1"}
			}
		},
		{
			"from": [7, 0, 6],
			"to": [9, 2, 12],
			"rotation": {"angle": 45, "axis": "x", "origin": [8, 8, 8]},
			"faces": {
				"north": {"uv": [8, 11, 10, 13], "rotation": 180, "texture": "#1"},
				"east": {"uv": [8, 6, 10, 12], "rotation": 180, "texture": "#1"},
				"south": {"uv": [8, 11, 10, 13], "texture": "#1"},
				"west": {"uv": [5, 9, 11, 12], "rotation": 180, "texture": "#1"},
				"up": {"uv": [8, 6, 10, 12], "rotation": 180, "texture": "#1"},
				"down": {"uv": [8, 6, 10, 12], "rotation": 180, "texture": "#1"}
			}
		},
		{
			"from": [7, 1, 8],
			"to": [9, 8, 10],
			"rotation": {"angle": 0, "axis": "y", "origin": [8, 5.5, 9]},
			"faces": {
				"north": {"uv": [7, 6, 9, 13], "texture": "#1"},
				"east": {"uv": [7, 6, 9, 13], "texture": "#1"},
				"south": {"uv": [7, 6, 9, 13], "texture": "#1"},
				"west": {"uv": [7, 6, 9, 13], "texture": "#1"},
				"up": {"uv": [8, 8, 10, 10], "texture": "#1"},
				"down": {"uv": [7, 8, 9, 10], "texture": "#1"}
			}
		},
		{
			"from": [8, 7, 9],
			"to": [10, 12, 11],
			"rotation": {"angle": 0, "axis": "y", "origin": [8, 5.5, 9]},
			"faces": {
				"north": {"uv": [7, 8, 9, 13], "texture": "#1"},
				"east": {"uv": [7, 8, 9, 10], "texture": "#1"},
				"south": {"uv": [7, 8, 9, 13], "texture": "#1"},
				"west": {"uv": [7, 8, 9, 13], "texture": "#1"},
				"up": {"uv": [7, 8, 9, 10], "texture": "#1"},
				"down": {"uv": [7, 10, 9, 12], "texture": "#1"}
			}
		},
		{
			"from": [2, 9, 8],
			"to": [4, 15, 10],
			"faces": {
				"north": {"uv": [8, 7, 10, 13], "texture": "#1"},
				"east": {"uv": [8, 7, 10, 13], "texture": "#1"},
				"south": {"uv": [8, 7, 10, 13], "texture": "#1"},
				"west": {"uv": [8, 7, 10, 13], "texture": "#1"},
				"up": {"uv": [7, 8, 9, 10], "texture": "#1"},
				"down": {"uv": [0, 0, 2, 2], "texture": "#1"}
			}
		},
		{
			"from": [2, 9, 8],
			"to": [4, 15, 10],
			"rotation": {"angle": 45, "axis": "z", "origin": [8, 8, 8]},
			"faces": {
				"north": {"uv": [9, 6, 11, 12], "texture": "#1"},
				"east": {"uv": [9, 6, 11, 12], "texture": "#1"},
				"south": {"uv": [9, 6, 11, 12], "texture": "#1"},
				"west": {"uv": [9, 6, 11, 12], "texture": "#1"},
				"up": {"uv": [7, 7, 9, 9], "texture": "#1"},
				"down": {"uv": [7, 7, 9, 9], "texture": "#1"}
			}
		},
		{
			"from": [3, 0, 6],
			"to": [6, 12, 9],
			"faces": {
				"north": {"uv": [7, 4, 10, 16], "texture": "#1"},
				"east": {"uv": [7, 5, 10, 16], "texture": "#1"},
				"south": {"uv": [7, 4, 10, 16], "texture": "#1"},
				"west": {"uv": [7, 4, 10, 16], "texture": "#1"},
				"up": {"uv": [7, 8, 10, 11], "texture": "#1"},
				"down": {"uv": [0, 0, 3, 3], "texture": "#1"}
			}
		},
		{
			"from": [10, 0, 10],
			"to": [13, 7, 13],
			"faces": {
				"north": {"uv": [8, 6, 11, 13], "texture": "#1"},
				"east": {"uv": [8, 6, 11, 13], "texture": "#1"},
				"south": {"uv": [8, 6, 11, 13], "texture": "#1"},
				"west": {"uv": [8, 6, 11, 13], "texture": "#1"},
				"up": {"uv": [6, 4, 9, 7], "texture": "#1"},
				"down": {"uv": [7, 5, 10, 8], "texture": "#1"}
			}
		},
		{
			"from": [3, 0, 11],
			"to": [6, 7, 14],
			"faces": {
				"north": {"uv": [7, 6, 10, 13], "texture": "#1"},
				"east": {"uv": [7, 6, 10, 13], "texture": "#1"},
				"south": {"uv": [7, 6, 10, 13], "texture": "#1"},
				"west": {"uv": [7, 6, 10, 13], "texture": "#1"},
				"up": {"uv": [6, 8, 9, 11], "texture": "#1"},
				"down": {"uv": [6, 8, 9, 11], "texture": "#1"}
			}
		},
		{
			"from": [12, 7, 11],
			"to": [14, 14, 12],
			"rotation": {"angle": -45, "axis": "z", "origin": [8, 8, 8]},
			"faces": {
				"north": {"uv": [8, 4, 10, 11], "texture": "#1"},
				"east": {"uv": [7, 5, 8, 12], "texture": "#1"},
				"south": {"uv": [7, 6, 9, 13], "texture": "#1"},
				"west": {"uv": [8, 7, 9, 14], "texture": "#1"},
				"up": {"uv": [8, 6, 10, 7], "texture": "#1"},
				"down": {"uv": [8, 6, 10, 7], "texture": "#1"}
			}
		}
	]
}