{
	"credit": "Coco MCBBS",
	"ambientocclusion": false,
	"parent": "block/leaves",
	"textures": {
		"0": "block/leaves_birch",
		"1": "block/leaves_birch_a",
		"3": "block/cherry/cherry",
		"particle": "block/leaves_birch"
	},
	"elements": [
		{
			"from": [0, 0, 0],
			"to": [16, 16, 16],
			"faces": {
				"north": {"uv": [0, 0, 16, 16], "texture": "#0" },
				"east": {"uv": [0, 0, 16, 16], "texture": "#0" },
				"south": {"uv": [0, 0, 16, 16], "texture": "#0" },
				"west": {"uv": [0, 0, 16, 16], "texture": "#0" },
				"up": {"uv": [0, 0, 16, 16], "texture": "#0" },
				"down": {"uv": [0, 0, 16, 16], "texture": "#0" }
			}
		},
		{
			"from": [-8.5535, -9, 8.05042],
			"to": [23.4465, 24, 8.05042],
			"shade": false,
			"rotation": {"angle": 22.5, "axis": "y", "origin": [7.91007, 7.5, 8.12799]},
			"faces": {
				"north": {"uv": [0, 0, 16, 16], "rotation": 180, "texture": "#1" },
				"east": {"uv": [0, 0, 16, 0], "rotation": 270, "texture": "#missing"},
				"south": {"uv": [0, 0, 16, 16], "texture": "#1" },
				"west": {"uv": [0, 0, 16, 0], "rotation": 90, "texture": "#1"},
				"up": {"uv": [0, 0, 16, 0], "texture": "#1" },
				"down": {"uv": [0, 0, 16, 0], "rotation": 180, "texture": "#missing"}
			}
		},
		{
			"from": [8.46038, -9, -7.8808],
			"to": [8.46038, 24, 24.1192],
			"shade": false,
			"rotation": {"angle": 0, "axis": "y", "origin": [7.91007, 7.5, 8.12799]},
			"faces": {
				"north": {"uv": [0, 0, 16, 0], "rotation": 270, "texture": "#missing"},
				"east": {"uv": [0, 0, 16, 16], "texture": "#1" },
				"south": {"uv": [0, 0, 16, 0], "rotation": 90, "texture": "#missing"},
				"west": {"uv": [0, 0, 16, 16], "rotation": 180, "texture": "#1" },
				"up": {"uv": [0, 0, 16, 0], "rotation": 270, "texture": "#1" },
				"down": {"uv": [0, 0, 16, 0], "rotation": 270, "texture": "#missing"}
			}
		},
		{
			"from": [-8.3035, -9, 7.80912],
			"to": [23.6965, 24, 7.80912],
			"shade": false,
			"rotation": {"angle": 0, "axis": "y", "origin": [7.91007, 7.5, 8.12799]},
			"faces": {
				"north": {"uv": [0, 0, 16, 16], "rotation": 180, "texture": "#1" },
				"east": {"uv": [0, 0, 16, 0], "rotation": 270, "texture": "#missing"},
				"south": {"uv": [0, 0, 16, 16], "texture": "#1" },
				"west": {"uv": [0, 0, 16, 0], "rotation": 90, "texture": "#missing"},
				"up": {"uv": [0, 0, 16, 0], "texture": "#1" },
				"down": {"uv": [0, 0, 16, 0], "rotation": 180, "texture": "#missing"}
			}
		},
		{
			"from": [7.90382, -9, -7.80085],
			"to": [7.90382, 24, 24.19915],
			"shade": false,
			"rotation": {"angle": -45, "axis": "y", "origin": [7.91007, 7.5, 8.12799]},
			"faces": {
				"north": {"uv": [0, 0, 16, 0], "rotation": 90, "texture": "#1"},
				"east": {"uv": [0, 0, 16, 16], "rotation": 180, "texture": "#1" },
				"south": {"uv": [0, 0, 16, 0], "rotation": 270, "texture": "#1"},
				"west": {"uv": [0, 0, 16, 16], "texture": "#1" },
				"up": {"uv": [0, 0, 16, 0], "rotation": 90, "texture": "#1" },
				"down": {"uv": [0, 0, 16, 0], "rotation": 90, "texture": "#missing"}
			}
		},
				{
			"from": [7, -6, -3],
			"to": [10, -3, 0],
			"rotation": {"angle": -22.5, "axis": "y", "origin": [8.5, -4.5, -1.5]},
			"faces": {
				"north": {"uv": [4, 1, 8, 5], "texture": "#3"},
				"east": {"uv": [4, 1, 8, 5], "rotation": 270, "texture": "#3"},
				"south": {"uv": [4, 1, 8, 5], "texture": "#3"},
				"west": {"uv": [4, 1, 8, 5], "rotation": 270, "texture": "#3"},
				"up": {"uv": [4, 1, 8, 5], "rotation": 270, "texture": "#3"},
				"down": {"uv": [4, 1, 8, 5], "texture": "#3"}
			}
		},
		{
			"from": [7, -3, -2],
			"to": [9, -2, -1],
			"rotation": {"angle": -22.5, "axis": "z", "origin": [6.5, -4.5, -3.5]},
			"faces": {
				"north": {"uv": [1, 1, 2, 3], "texture": "#3"},
				"east": {"uv": [1, 2, 2, 4], "texture": "#3"},
				"south": {"uv": [1, 2, 2, 4], "texture": "#3"},
				"west": {"uv": [1, 2, 2, 4], "texture": "#3"},
				"up": {"uv": [1, 2, 2, 4], "texture": "#3"},
				"down": {"uv": [1, 2, 2, 4], "texture": "#3"}
			}
		},
		{
			"from": [8, -3, -2],
			"to": [9, 1, -1],
			"rotation": {"angle": -22.5, "axis": "z", "origin": [8.5, -2.5, -1.5]},
			"faces": {
				"north": {"uv": [1, 1, 2, 5], "rotation": 180, "texture": "#3"},
				"east": {"uv": [1, 1, 2, 5], "rotation": 180, "texture": "#3"},
				"south": {"uv": [1, 1, 2, 5], "rotation": 180, "texture": "#3"},
				"west": {"uv": [1, 1, 2, 5], "rotation": 180, "texture": "#3"},
				"up": {"uv": [1, 1, 2, 5], "rotation": 180, "texture": "#3"},
				"down": {"uv": [1, 1, 2, 5], "rotation": 180, "texture": "#3"}
			}
		},
		{
			"from": [9, 0, -1],
			"to": [10, 1, 4],
			"rotation": {"angle": -22.5, "axis": "z", "origin": [9.5, 0.5, 1.5]},
			"faces": {
				"north": {"uv": [3, 8, 8, 9], "rotation": 270, "texture": "#3"},
				"east": {"uv": [3, 8, 8, 9], "rotation": 270, "texture": "#3"},
				"south": {"uv": [3, 8, 8, 9], "rotation": 270, "texture": "#3"},
				"west": {"uv": [3, 8, 8, 9], "rotation": 270, "texture": "#3"},
				"up": {"uv": [3, 8, 8, 9], "rotation": 270, "texture": "#3"},
				"down": {"uv": [3, 8, 8, 9], "rotation": 270, "texture": "#3"}
			}
		}
	],
	"groups": [
		{
			"name": "stone_1",
			"shade": false,
			"origin": [8, 8, 8],
			"children": [0, 1, 2, 3, 4]
		}
	]
}