{
	"credit": "Coco MCBBS",
	"ambientocclusion": false,
	"parent": "block/leaves",
	"textures": {
		"0": "block/leaves_birch",
		"1": "block/leaves_birch_a",
		"3": "block/cherry/cherry",
		"particle": "block/leaves_birch"
	},
	"elements": [
		{
			"from": [0, 0, 0],
			"to": [16, 16, 16],
			"faces": {
				"north": {"uv": [0, 0, 16, 16], "texture": "#0"},
				"east": {"uv": [0, 0, 16, 16], "texture": "#0"},
				"south": {"uv": [0, 0, 16, 16], "texture": "#0"},
				"west": {"uv": [0, 0, 16, 16], "texture": "#0"},
				"up": {"uv": [0, 0, 16, 16], "texture": "#0"},
				"down": {"uv": [0, 0, 16, 16], "texture": "#0"}
			}
		},
		{
			"from": [1.5, -9, -8.5],
			"to": [1.5, 24, 23.5],
			"shade": false,
			"rotation": {"angle": -22.5, "axis": "y", "origin": [2, -8.5, 19.5]},
			"faces": {
				"north": {"uv": [0, 0, 16, 0], "rotation": 270, "texture": "#missing"},
				"east": {"uv": [0, 0, 16, 16], "texture": "#1"},
				"south": {"uv": [0, 0, 16, 0], "rotation": 90, "texture": "#missing"},
				"west": {"uv": [0, 0, 16, 16], "rotation": 180, "texture": "#1"},
				"up": {"uv": [0, 0, 16, 0], "rotation": 270, "texture": "#1"},
				"down": {"uv": [0, 0, 16, 0], "rotation": 270, "texture": "#missing"}
			}
		},
		{
			"from": [14.5, -9, -8.5],
			"to": [14.5, 24, 23.5],
			"shade": false,
			"rotation": {"angle": 22.5, "axis": "y", "origin": [10, -10.5, 19.5]},
			"faces": {
				"north": {"uv": [0, 0, 16, 0], "rotation": 270, "texture": "#missing"},
				"east": {"uv": [0, 0, 16, 16], "texture": "#1"},
				"south": {"uv": [0, 0, 16, 0], "rotation": 90, "texture": "#missing"},
				"west": {"uv": [0, 0, 16, 16], "rotation": 180, "texture": "#1"},
				"up": {"uv": [0, 0, 16, 0], "rotation": 270, "texture": "#1"},
				"down": {"uv": [0, 0, 16, 0], "rotation": 270, "texture": "#missing"}
			}
		},
		{
			"from": [-7, -9, 17],
			"to": [25, 24, 17],
			"shade": false,
			"rotation": {"angle": 22.5, "axis": "y", "origin": [-7, -10.5, 14.5]},
			"faces": {
				"north": {"uv": [0, 0, 16, 16], "rotation": 180, "texture": "#1"},
				"east": {"uv": [0, 0, 16, 0], "rotation": 270, "texture": "#missing"},
				"south": {"uv": [0, 0, 16, 16], "texture": "#1"},
				"west": {"uv": [0, 0, 16, 0], "rotation": 90, "texture": "#missing"},
				"up": {"uv": [0, 0, 16, 0], "texture": "#1"},
				"down": {"uv": [0, 0, 16, 0], "rotation": 180, "texture": "#missing"}
			}
		},
		{
			"from": [-7, -9, 1],
			"to": [25, 24, 1],
			"shade": false,
			"rotation": {"angle": -22.5, "axis": "y", "origin": [-5, -6.5, 2.5]},
			"faces": {
				"north": {"uv": [0, 0, 16, 16], "rotation": 180, "texture": "#1"},
				"east": {"uv": [0, 0, 16, 0], "rotation": 270, "texture": "#missing"},
				"south": {"uv": [0, 0, 16, 16], "texture": "#1"},
				"west": {"uv": [0, 0, 16, 0], "rotation": 90, "texture": "#missing"},
				"up": {"uv": [0, 0, 16, 0], "texture": "#1"},
				"down": {"uv": [0, 0, 16, 0], "rotation": 180, "texture": "#missing"}
			}
		},
		{
			"from": [1, -5, -2],
			"to": [4, -2, 1],
			"rotation": {"angle": -22.5, "axis": "y", "origin": [2.5, -3.5, -0.5]},
			"faces": {
				"north": {"uv": [4, 1, 8, 5], "texture": "#3"},
				"east": {"uv": [4, 1, 8, 5], "rotation": 270, "texture": "#3"},
				"south": {"uv": [4, 1, 8, 5], "texture": "#3"},
				"west": {"uv": [4, 1, 8, 5], "rotation": 270, "texture": "#3"},
				"up": {"uv": [4, 1, 8, 5], "rotation": 270, "texture": "#3"},
				"down": {"uv": [4, 1, 8, 5], "texture": "#3"}
			}
		},
		{
			"from": [9, -5, -2],
			"to": [12, -2, 1],
			"rotation": {"angle": 0, "axis": "y", "origin": [11, 3, 6]},
			"faces": {
				"north": {"uv": [4, 1, 8, 5], "texture": "#3"},
				"east": {"uv": [4, 1, 8, 5], "rotation": 270, "texture": "#3"},
				"south": {"uv": [4, 1, 8, 5], "texture": "#3"},
				"west": {"uv": [4, 1, 8, 5], "rotation": 270, "texture": "#3"},
				"up": {"uv": [4, 1, 8, 5], "texture": "#3"},
				"down": {"uv": [4, 1, 8, 5], "texture": "#3"}
			}
		},
		{
			"from": [1, -2, -1],
			"to": [3, -1, 0],
			"rotation": {"angle": -22.5, "axis": "z", "origin": [0.5, -3.5, -2.5]},
			"faces": {
				"north": {"uv": [1, 1, 2, 3], "texture": "#3"},
				"east": {"uv": [1, 2, 2, 4], "texture": "#3"},
				"south": {"uv": [1, 2, 2, 4], "texture": "#3"},
				"west": {"uv": [1, 2, 2, 4], "texture": "#3"},
				"up": {"uv": [1, 2, 2, 4], "texture": "#3"},
				"down": {"uv": [1, 2, 2, 4], "texture": "#3"}
			}
		},
		{
			"from": [8.65119, -4.72627, -1],
			"to": [10.65119, -3.72627, 0],
			"rotation": {"angle": 22.5, "axis": "z", "origin": [4.65119, -1.22627, -0.5]},
			"faces": {
				"north": {"uv": [1, 1, 2, 3], "texture": "#3"},
				"east": {"uv": [1, 2, 2, 4], "texture": "#3"},
				"south": {"uv": [1, 2, 2, 4], "texture": "#3"},
				"west": {"uv": [1, 2, 2, 4], "texture": "#3"},
				"up": {"uv": [1, 2, 2, 4], "texture": "#3"},
				"down": {"uv": [1, 2, 2, 4], "texture": "#3"}
			}
		},
		{
			"from": [2, -2, -1],
			"to": [3, 2, 0],
			"rotation": {"angle": -22.5, "axis": "z", "origin": [2.5, -1.5, -0.5]},
			"faces": {
				"north": {"uv": [1, 1, 2, 5], "rotation": 180, "texture": "#3"},
				"east": {"uv": [1, 1, 2, 5], "rotation": 180, "texture": "#3"},
				"south": {"uv": [1, 1, 2, 5], "rotation": 180, "texture": "#3"},
				"west": {"uv": [1, 1, 2, 5], "rotation": 180, "texture": "#3"},
				"up": {"uv": [1, 1, 2, 5], "rotation": 180, "texture": "#3"},
				"down": {"uv": [1, 1, 2, 5], "rotation": 180, "texture": "#3"}
			}
		},
		{
			"from": [9.57403, -2.11418, -1],
			"to": [10.57403, 1.88582, 0],
			"rotation": {"angle": 22.5, "axis": "z", "origin": [10.07403, -0.11418, 0.5]},
			"faces": {
				"north": {"uv": [1, 1, 2, 5], "rotation": 180, "texture": "#3"},
				"east": {"uv": [1, 1, 2, 5], "rotation": 180, "texture": "#3"},
				"south": {"uv": [1, 1, 2, 5], "rotation": 180, "texture": "#3"},
				"west": {"uv": [1, 1, 2, 5], "rotation": 180, "texture": "#3"},
				"up": {"uv": [1, 1, 2, 5], "rotation": 180, "texture": "#3"},
				"down": {"uv": [1, 1, 2, 5], "rotation": 180, "texture": "#3"}
			}
		},
		{
			"from": [9, 1, 0],
			"to": [10, 2, 5],
			"rotation": {"angle": 0, "axis": "y", "origin": [7.5, 1.5, 1.5]},
			"faces": {
				"north": {"uv": [3, 8, 8, 9], "texture": "#3"},
				"east": {"uv": [3, 8, 8, 9], "texture": "#3"},
				"south": {"uv": [3, 8, 4, 9], "texture": "#3"},
				"west": {"uv": [3, 8, 8, 9], "texture": "#3"},
				"up": {"uv": [3, 8, 8, 9], "rotation": 270, "texture": "#3"},
				"down": {"uv": [3, 8, 8, 9], "rotation": 90, "texture": "#3"}
			}
		},
		{
			"from": [3, 1, 0],
			"to": [4, 2, 5],
			"rotation": {"angle": 0, "axis": "y", "origin": [7.5, 1.5, 1.5]},
			"faces": {
				"north": {"uv": [3, 8, 8, 9], "rotation": 270, "texture": "#3"},
				"east": {"uv": [3, 8, 8, 9], "rotation": 270, "texture": "#3"},
				"south": {"uv": [3, 8, 8, 9], "rotation": 270, "texture": "#3"},
				"west": {"uv": [3, 8, 8, 9], "rotation": 270, "texture": "#3"},
				"up": {"uv": [3, 8, 8, 9], "rotation": 270, "texture": "#3"},
				"down": {"uv": [3, 8, 8, 9], "rotation": 270, "texture": "#3"}
			}
		}
	],
	"groups": [
		{
			"name": "stone_1",
			"shade": false,
			"origin": [8, 8, 8],
			"children": [0, 1, 2, 3, 4]
		}
	]
}