{
	"ambientocclusion": false,
	"textures": {
		"0": "block/grass/tall_grass_top",
		"particle": "block/tall_grass_top"
	},
	"elements": [
		{
			"from": [0, 0, 0],
			"to": [0, 1, 0],
			"color": 4,
			"faces": {
				"north": {"uv": [0, 0, 0, 1], "texture": "#missing"},
				"east": {"uv": [0, 0, 0, 1], "texture": "#missing"},
				"south": {"uv": [0, 0, 0, 1], "texture": "#missing"},
				"west": {"uv": [0, 0, 0, 1], "texture": "#missing"},
				"up": {"uv": [0, 0, 0, 0], "texture": "#missing"},
				"down": {"uv": [0, 0, 0, 0], "texture": "#missing"}
			}
		}
	]
}