{
	"credit": "Made with Blockbench",
	"textures": {
		"0": "block/animals/bone_block_side",
		"particle": "block/animals/bone_block_side"
	},
	"elements": [
		{
			"from": [12, 0, 7],
			"to": [17, 1, 9],
			"rotation": {"angle": 22.5, "axis": "y", "origin": [19.5, 3.5, 7.5]},
			"faces": {
				"north": {"uv": [0, 0, 3, 5], "rotation": 90, "texture": "#0"},
				"east": {"uv": [0, 0, 3, 3], "rotation": 270, "texture": "#0"},
				"south": {"uv": [0, 0, 3, 5], "rotation": 270, "texture": "#0"},
				"west": {"uv": [0, 0, 3, 3], "rotation": 270, "texture": "#0"},
				"up": {"uv": [0, 0, 3, 5], "rotation": 270, "texture": "#0"},
				"down": {"uv": [0, 0, 3, 5], "rotation": 270, "texture": "#0"}
			}
		},
		{
			"from": [-0.55025, -0.36396, 2.5],
			"to": [0.44975, 7.63604, 4.5],
			"rotation": {"angle": 0, "axis": "z", "origin": [-4.5, -6.5, 2.5]},
			"faces": {
				"north": {"uv": [0, 0, 8, 1], "rotation": 90, "texture": "#0"},
				"east": {"uv": [0, 0, 8, 2], "rotation": 90, "texture": "#0"},
				"south": {"uv": [0, 0, 8, 1], "rotation": 270, "texture": "#0"},
				"west": {"uv": [0, 0, 8, 2], "rotation": 90, "texture": "#0"},
				"up": {"uv": [0, 0, 2, 1], "rotation": 270, "texture": "#0"},
				"down": {"uv": [0, 0, 2, 1], "rotation": 270, "texture": "#0"}
			}
		},
		{
			"from": [10.44975, -0.36396, 13.5],
			"to": [11.44975, 7.63604, 15.5],
			"rotation": {"angle": 0, "axis": "z", "origin": [-4.5, -6.5, 2.5]},
			"faces": {
				"north": {"uv": [0, 0, 8, 1], "rotation": 90, "texture": "#0"},
				"east": {"uv": [0, 0, 8, 2], "rotation": 90, "texture": "#0"},
				"south": {"uv": [0, 0, 8, 1], "rotation": 270, "texture": "#0"},
				"west": {"uv": [0, 0, 8, 2], "rotation": 90, "texture": "#0"},
				"up": {"uv": [0, 0, 2, 1], "rotation": 270, "texture": "#0"},
				"down": {"uv": [0, 0, 2, 1], "rotation": 270, "texture": "#0"}
			}
		},
		{
			"from": [10.44975, -0.36396, 7.5],
			"to": [11.44975, 8.63604, 9.5],
			"rotation": {"angle": 0, "axis": "z", "origin": [-4.5, -3.5, 2.5]},
			"faces": {
				"north": {"uv": [0, 0, 8, 1], "rotation": 90, "texture": "#0"},
				"east": {"uv": [0, 0, 8, 2], "rotation": 90, "texture": "#0"},
				"south": {"uv": [0, 0, 8, 1], "rotation": 270, "texture": "#0"},
				"west": {"uv": [0, 0, 8, 2], "rotation": 90, "texture": "#0"},
				"up": {"uv": [0, 0, 2, 1], "rotation": 270, "texture": "#0"},
				"down": {"uv": [0, 0, 2, 1], "rotation": 270, "texture": "#0"}
			}
		},
		{
			"from": [10.44975, -0.36396, 2.5],
			"to": [11.44975, 7.63604, 4.5],
			"rotation": {"angle": 0, "axis": "z", "origin": [-4.5, -6.5, 2.5]},
			"faces": {
				"north": {"uv": [0, 0, 8, 1], "rotation": 90, "texture": "#0"},
				"east": {"uv": [0, 0, 8, 2], "rotation": 90, "texture": "#0"},
				"south": {"uv": [0, 0, 8, 1], "rotation": 270, "texture": "#0"},
				"west": {"uv": [0, 0, 8, 2], "rotation": 90, "texture": "#0"},
				"up": {"uv": [0, 0, 2, 1], "rotation": 270, "texture": "#0"},
				"down": {"uv": [0, 0, 2, 1], "rotation": 270, "texture": "#0"}
			}
		},
		{
			"from": [-0.55025, -0.36396, 7.5],
			"to": [0.44975, 8.63604, 9.5],
			"rotation": {"angle": 0, "axis": "z", "origin": [-4.5, -3.5, 2.5]},
			"faces": {
				"north": {"uv": [0, 0, 8, 1], "rotation": 90, "texture": "#0"},
				"east": {"uv": [0, 0, 8, 2], "rotation": 90, "texture": "#0"},
				"south": {"uv": [0, 0, 8, 1], "rotation": 270, "texture": "#0"},
				"west": {"uv": [0, 0, 8, 2], "rotation": 90, "texture": "#0"},
				"up": {"uv": [0, 0, 2, 1], "rotation": 270, "texture": "#0"},
				"down": {"uv": [0, 0, 2, 1], "rotation": 270, "texture": "#0"}
			}
		},
		{
			"from": [-0.55025, -0.36396, 13.5],
			"to": [0.44975, 7.63604, 15.5],
			"rotation": {"angle": 0, "axis": "z", "origin": [-4.5, -6.5, 2.5]},
			"faces": {
				"north": {"uv": [0, 0, 8, 1], "rotation": 90, "texture": "#0"},
				"east": {"uv": [0, 0, 8, 2], "rotation": 90, "texture": "#0"},
				"south": {"uv": [0, 0, 8, 1], "rotation": 270, "texture": "#0"},
				"west": {"uv": [0, 0, 8, 2], "rotation": 90, "texture": "#0"},
				"up": {"uv": [0, 0, 2, 1], "rotation": 270, "texture": "#0"},
				"down": {"uv": [0, 0, 2, 1], "rotation": 270, "texture": "#0"}
			}
		},
		{
			"from": [5, 6, 3],
			"to": [7, 9, 14],
			"rotation": {"angle": -22.5, "axis": "z", "origin": [7, 8, 9]},
			"faces": {
				"north": {"uv": [0, 0, 4, 4], "rotation": 90, "texture": "#0"},
				"east": {"uv": [0, 0, 4, 4], "rotation": 270, "texture": "#0"},
				"south": {"uv": [0, 0, 4, 4], "rotation": 270, "texture": "#0"},
				"west": {"uv": [0, 0, 3, 15], "rotation": 270, "texture": "#0"},
				"up": {"uv": [0, 0, 12, 2], "rotation": 270, "texture": "#0"},
				"down": {"uv": [2, 1, 16, 4], "rotation": 270, "texture": "#0"}
			}
		},
		{
			"from": [0, 7, 13],
			"to": [11, 8, 16],
			"faces": {
				"north": {"uv": [0, 0, 1, 7], "rotation": 90, "texture": "#0"},
				"east": {"uv": [0, 0, 1, 6], "rotation": 270, "texture": "#0"},
				"south": {"uv": [0, 0, 1, 7], "rotation": 270, "texture": "#0"},
				"west": {"uv": [0, 0, 1, 6], "rotation": 270, "texture": "#0"},
				"up": {"uv": [0, 0, 4, 13], "rotation": 270, "texture": "#0"},
				"down": {"uv": [0, 0, 6, 7], "rotation": 270, "texture": "#0"}
			}
		},
		{
			"from": [0, 8, 7],
			"to": [11, 9, 10],
			"rotation": {"angle": 0, "axis": "y", "origin": [8, 11, 8]},
			"faces": {
				"north": {"uv": [0, 0, 1, 7], "rotation": 90, "texture": "#0"},
				"east": {"uv": [0, 0, 1, 6], "rotation": 270, "texture": "#0"},
				"south": {"uv": [0, 0, 1, 7], "rotation": 270, "texture": "#0"},
				"west": {"uv": [0, 0, 1, 6], "rotation": 270, "texture": "#0"},
				"up": {"uv": [0, 0, 4, 13], "rotation": 270, "texture": "#0"},
				"down": {"uv": [0, 0, 6, 7], "rotation": 270, "texture": "#0"}
			}
		},
		{
			"from": [0, 7, 2],
			"to": [11, 8, 5],
			"faces": {
				"north": {"uv": [0, 0, 1, 7], "rotation": 90, "texture": "#0"},
				"east": {"uv": [0, 0, 1, 6], "rotation": 270, "texture": "#0"},
				"south": {"uv": [0, 0, 1, 7], "rotation": 270, "texture": "#0"},
				"west": {"uv": [0, 0, 1, 6], "rotation": 270, "texture": "#0"},
				"up": {"uv": [0, 0, 4, 14], "rotation": 270, "texture": "#0"},
				"down": {"uv": [0, 0, 6, 7], "rotation": 270, "texture": "#0"}
			}
		}
	],
	"groups": [
		{
			"name": "gj",
			"origin": [19.5, 3.5, 7.5],
			"children": [0,
				{
					"name": "gj",
					"origin": [19.5, 3.5, 7.5],
					"children": []
				}
			]
		},
		{
			"name": "gj",
			"origin": [19.5, 3.5, 7.5],
			"children": [1, 2, 3, 4, 5, 6]
		},
		{
			"name": "gj",
			"origin": [19.5, 3.5, 7.5],
			"children": []
		}, 7, 8, 9, 10]
}