{
	"credit": "Made with Blockbench",
	"ambientocclusion": false,
	"textures": {
		"0": "block/lily/daylily",
		"particle": "block/lily/daylily"
	},
	"elements": [
		{
			"from": [7, 0, 8],
			"to": [7, 9, 13],
			"rotation": {"angle": 0, "axis": "y", "origin": [1, 4.5, 1.5]},
			"faces": {
				"north": {"uv": [0, 0, 0, 9], "texture": "#missing"},
				"east": {"uv": [10, 0, 5, 9], "texture": "#0"},
				"south": {"uv": [0, 0, 0, 9], "texture": "#missing"},
				"west": {"uv": [5, 0, 10, 9], "texture": "#0"},
				"up": {"uv": [0, 0, 0, 5], "texture": "#missing"},
				"down": {"uv": [0, 0, 0, 5], "texture": "#missing"}
			}
		},
		{
			"from": [1.5, 0, 7.5],
			"to": [6.5, 9, 7.5],
			"rotation": {"angle": 0, "axis": "y", "origin": [7, 3.5, 7.5]},
			"faces": {
				"north": {"uv": [5, 0, 10, 9], "texture": "#0"},
				"east": {"uv": [0, 0, 0, 9], "texture": "#0"},
				"south": {"uv": [10, 0, 5, 9], "texture": "#0"},
				"west": {"uv": [0, 0, 0, 9], "texture": "#0"},
				"up": {"uv": [0, 0, 0, 5], "rotation": 90, "texture": "#0"},
				"down": {"uv": [0, 0, 0, 5], "rotation": 270, "texture": "#0"}
			}
		},
		{
			"from": [7, 0, 2],
			"to": [7, 9, 7],
			"rotation": {"angle": -22.5, "axis": "x", "origin": [7, 3.5, 7.5]},
			"faces": {
				"north": {"uv": [0, 0, 0, 9], "texture": "#missing"},
				"east": {"uv": [5, 0, 10, 9], "texture": "#0"},
				"south": {"uv": [0, 0, 0, 9], "texture": "#missing"},
				"west": {"uv": [10, 0, 5, 9], "texture": "#0"},
				"up": {"uv": [0, 0, 0, 5], "rotation": 180, "texture": "#missing"},
				"down": {"uv": [0, 0, 0, 5], "rotation": 180, "texture": "#missing"}
			}
		},
		{
			"from": [7, 0, 2],
			"to": [7, 9, 7],
			"rotation": {"angle": -45, "axis": "y", "origin": [7, 3.5, 7.5]},
			"faces": {
				"north": {"uv": [0, 0, 0, 9], "texture": "#0"},
				"east": {"uv": [5, 0, 10, 9], "texture": "#0"},
				"south": {"uv": [0, 0, 0, 9], "texture": "#0"},
				"west": {"uv": [10, 0, 5, 9], "texture": "#0"},
				"up": {"uv": [0, 0, 0, 5], "rotation": 180, "texture": "#0"},
				"down": {"uv": [0, 0, 0, 5], "rotation": 180, "texture": "#0"}
			}
		},
		{
			"from": [8.5, 0, 7.5],
			"to": [13.5, 9, 7.5],
			"rotation": {"angle": -22.5, "axis": "z", "origin": [7, 3.5, 7.5]},
			"faces": {
				"north": {"uv": [10, 0, 5, 9], "texture": "#0"},
				"east": {"uv": [0, 0, 0, 9], "texture": "#0"},
				"south": {"uv": [5, 0, 10, 9], "texture": "#0"},
				"west": {"uv": [0, 0, 0, 9], "texture": "#0"},
				"up": {"uv": [0, 0, 0, 5], "rotation": 270, "texture": "#0"},
				"down": {"uv": [0, 0, 0, 5], "rotation": 90, "texture": "#0"}
			}
		},
		{
			"from": [7, 0, 7],
			"to": [8, 9, 8],
			"rotation": {"angle": 0, "axis": "y", "origin": [8, 8, 7]},
			"faces": {
				"north": {"uv": [0, 0, 1, 9], "texture": "#0"},
				"east": {"uv": [0, 0, 1, 9], "texture": "#0"},
				"south": {"uv": [0, 0, 1, 9], "texture": "#0"},
				"west": {"uv": [0, 0, 1, 9], "texture": "#0"},
				"up": {"uv": [0, 0, 1, 1], "texture": "#0"},
				"down": {"uv": [0, 0, 1, 1], "texture": "#0"}
			}
		},
		{
			"from": [8, 9, 7],
			"to": [8, 15, 8],
			"rotation": {"angle": -22.5, "axis": "z", "origin": [7, 9, 7]},
			"faces": {
				"north": {"uv": [0, 0, 0, 5], "texture": "#0"},
				"east": {"uv": [0, 0, 1, 5], "texture": "#0"},
				"south": {"uv": [0, 0, 0, 5], "texture": "#0"},
				"west": {"uv": [0, 0, 1, 5], "texture": "#0"},
				"up": {"uv": [0, 0, 0, 1], "texture": "#0"},
				"down": {"uv": [0, 0, 0, 1], "texture": "#0"}
			}
		},
		{
			"from": [7, 9, 7],
			"to": [7, 12, 8],
			"rotation": {"angle": 45, "axis": "z", "origin": [7, 9, 7]},
			"faces": {
				"north": {"uv": [0, 0, 0, 5], "texture": "#0"},
				"east": {"uv": [0, 0, 1, 5], "texture": "#0"},
				"south": {"uv": [0, 0, 0, 5], "texture": "#0"},
				"west": {"uv": [0, 0, 1, 5], "texture": "#0"},
				"up": {"uv": [0, 0, 0, 1], "texture": "#0"},
				"down": {"uv": [0, 0, 0, 1], "texture": "#0"}
			}
		},
		{
			"from": [7, 9, 4],
			"to": [8, 9, 7],
			"rotation": {"angle": 22.5, "axis": "x", "origin": [7, 9, 7]},
			"faces": {
				"north": {"uv": [0, 0, 0, 1], "rotation": 270, "texture": "#0"},
				"east": {"uv": [0, 0, 0, 5], "rotation": 90, "texture": "#0"},
				"south": {"uv": [0, 0, 0, 1], "rotation": 270, "texture": "#0"},
				"west": {"uv": [0, 0, 0, 5], "rotation": 270, "texture": "#0"},
				"up": {"uv": [0, 0, 1, 5], "texture": "#0"},
				"down": {"uv": [0, 0, 1, 5], "rotation": 180, "texture": "#0"}
			}
		},
		{
			"from": [10, 14, 1],
			"to": [12, 14, 7],
			"rotation": {"angle": 0, "axis": "y", "origin": [11, 14, 7]},
			"faces": {
				"north": {"uv": [0, 0, 3, 0], "texture": "#0"},
				"east": {"uv": [0, 0, 7, 0], "texture": "#0"},
				"south": {"uv": [0, 0, 3, 0], "texture": "#0"},
				"west": {"uv": [0, 0, 7, 0], "texture": "#0"},
				"up": {"uv": [1, 0, 4, 9], "texture": "#0"},
				"down": {"uv": [1, 9, 4, 0], "texture": "#0"}
			}
		},
		{
			"from": [10, 14, 1],
			"to": [12, 14, 7],
			"rotation": {"angle": 22.5, "axis": "x", "origin": [11, 14, 7]},
			"faces": {
				"north": {"uv": [0, 0, 3, 0], "texture": "#0"},
				"east": {"uv": [0, 0, 7, 0], "texture": "#0"},
				"south": {"uv": [0, 0, 3, 0], "texture": "#0"},
				"west": {"uv": [0, 0, 7, 0], "texture": "#0"},
				"up": {"uv": [1, 0, 4, 9], "texture": "#0"},
				"down": {"uv": [1, 9, 4, 0], "texture": "#0"}
			}
		},
		{
			"from": [11, 14, 6],
			"to": [17, 14, 8],
			"rotation": {"angle": -45, "axis": "y", "origin": [11, 14, 7]},
			"faces": {
				"north": {"uv": [0, 0, 7, 0], "texture": "#0"},
				"east": {"uv": [0, 0, 3, 0], "texture": "#0"},
				"south": {"uv": [0, 0, 7, 0], "texture": "#0"},
				"west": {"uv": [0, 0, 3, 0], "texture": "#0"},
				"up": {"uv": [1, 0, 4, 9], "rotation": 90, "texture": "#0"},
				"down": {"uv": [1, 9, 4, 0], "rotation": 270, "texture": "#0"}
			}
		},
		{
			"from": [5, 14, 6],
			"to": [11, 14, 8],
			"rotation": {"angle": 22.5, "axis": "y", "origin": [11, 14, 7]},
			"faces": {
				"north": {"uv": [0, 0, 7, 0], "texture": "#0"},
				"east": {"uv": [0, 0, 3, 0], "texture": "#0"},
				"south": {"uv": [0, 0, 7, 0], "texture": "#0"},
				"west": {"uv": [0, 0, 3, 0], "texture": "#0"},
				"up": {"uv": [1, 0, 4, 9], "rotation": 270, "texture": "#0"},
				"down": {"uv": [1, 9, 4, 0], "rotation": 90, "texture": "#0"}
			}
		},
		{
			"from": [10, 14, 7],
			"to": [12, 14, 13],
			"rotation": {"angle": 0, "axis": "y", "origin": [11, 14, 7]},
			"faces": {
				"north": {"uv": [0, 0, 3, 0], "texture": "#0"},
				"east": {"uv": [0, 0, 7, 0], "texture": "#0"},
				"south": {"uv": [0, 0, 3, 0], "texture": "#0"},
				"west": {"uv": [0, 0, 7, 0], "texture": "#0"},
				"up": {"uv": [1, 0, 4, 9], "rotation": 180, "texture": "#0"},
				"down": {"uv": [1, 9, 4, 0], "rotation": 180, "texture": "#0"}
			}
		},
		{
			"from": [10, 14, 7],
			"to": [12, 14, 13],
			"rotation": {"angle": -45, "axis": "x", "origin": [11, 14, 7]},
			"faces": {
				"north": {"uv": [0, 0, 3, 0], "texture": "#0"},
				"east": {"uv": [0, 0, 7, 0], "texture": "#0"},
				"south": {"uv": [0, 0, 3, 0], "texture": "#0"},
				"west": {"uv": [0, 0, 7, 0], "texture": "#0"},
				"up": {"uv": [1, 0, 4, 9], "rotation": 180, "texture": "#0"},
				"down": {"uv": [1, 9, 4, 0], "rotation": 180, "texture": "#0"}
			}
		},
		{
			"from": [11, 14, 6],
			"to": [17, 14, 8],
			"rotation": {"angle": 45, "axis": "y", "origin": [11, 14, 7]},
			"faces": {
				"north": {"uv": [0, 0, 7, 0], "texture": "#0"},
				"east": {"uv": [0, 0, 3, 0], "texture": "#0"},
				"south": {"uv": [0, 0, 7, 0], "texture": "#0"},
				"west": {"uv": [0, 0, 3, 0], "texture": "#0"},
				"up": {"uv": [1, 0, 4, 9], "rotation": 90, "texture": "#0"},
				"down": {"uv": [1, 9, 4, 0], "rotation": 270, "texture": "#0"}
			}
		},
		{
			"from": [11, 14, 6],
			"to": [17, 14, 8],
			"rotation": {"angle": 22.5, "axis": "z", "origin": [11, 14, 7]},
			"faces": {
				"north": {"uv": [0, 0, 7, 0], "texture": "#0"},
				"east": {"uv": [0, 0, 3, 0], "texture": "#0"},
				"south": {"uv": [0, 0, 7, 0], "texture": "#0"},
				"west": {"uv": [0, 0, 3, 0], "texture": "#0"},
				"up": {"uv": [1, 0, 4, 9], "rotation": 90, "texture": "#0"},
				"down": {"uv": [1, 9, 4, 0], "rotation": 270, "texture": "#0"}
			}
		},
		{
			"from": [10, 14, 1],
			"to": [12, 14, 7],
			"rotation": {"angle": 45, "axis": "y", "origin": [11, 14, 7]},
			"faces": {
				"north": {"uv": [0, 0, 3, 0], "texture": "#0"},
				"east": {"uv": [0, 0, 7, 0], "texture": "#0"},
				"south": {"uv": [0, 0, 3, 0], "texture": "#0"},
				"west": {"uv": [0, 0, 7, 0], "texture": "#0"},
				"up": {"uv": [1, 0, 4, 9], "texture": "#0"},
				"down": {"uv": [1, 9, 4, 0], "texture": "#0"}
			}
		},
		{
			"from": [5, 14, 6],
			"to": [11, 14, 8],
			"rotation": {"angle": -22.5, "axis": "z", "origin": [11, 14, 7]},
			"faces": {
				"north": {"uv": [0, 0, 7, 0], "texture": "#0"},
				"east": {"uv": [0, 0, 3, 0], "texture": "#0"},
				"south": {"uv": [0, 0, 7, 0], "texture": "#0"},
				"west": {"uv": [0, 0, 3, 0], "texture": "#0"},
				"up": {"uv": [1, 0, 4, 9], "rotation": 270, "texture": "#0"},
				"down": {"uv": [1, 9, 4, 0], "rotation": 90, "texture": "#0"}
			}
		},
		{
			"from": [9, 14, 7],
			"to": [12, 17, 7],
			"rotation": {"angle": 22.5, "axis": "y", "origin": [10.5, 15.5, 7]},
			"faces": {
				"north": {"uv": [11, 1, 16, 9], "texture": "#0"},
				"east": {"uv": [0, 0, 0, 3], "texture": "#0"},
				"south": {"uv": [11, 1, 16, 9], "texture": "#0"},
				"west": {"uv": [0, 0, 0, 3], "texture": "#0"},
				"up": {"uv": [0, 0, 3, 0], "texture": "#0"},
				"down": {"uv": [0, 0, 3, 0], "texture": "#0"}
			}
		},
		{
			"from": [10.5, 14, 5.5],
			"to": [10.5, 17, 8.5],
			"rotation": {"angle": 22.5, "axis": "y", "origin": [10.5, 15.5, 7]},
			"faces": {
				"north": {"uv": [0, 0, 0, 3], "texture": "#0"},
				"east": {"uv": [11, 1, 16, 9], "texture": "#0"},
				"south": {"uv": [0, 0, 0, 3], "texture": "#0"},
				"west": {"uv": [11, 1, 16, 9], "texture": "#0"},
				"up": {"uv": [0, 0, 3, 0], "rotation": 90, "texture": "#0"},
				"down": {"uv": [0, 0, 3, 0], "rotation": 270, "texture": "#0"}
			}
		},
		{
			"from": [6, 11, 7],
			"to": [7, 16, 8],
			"rotation": {"angle": 22.5, "axis": "z", "origin": [8, 8, 9]},
			"faces": {
				"north": {"uv": [4, 0, 5, 5], "texture": "#0"},
				"east": {"uv": [4, 0, 5, 5], "texture": "#0"},
				"south": {"uv": [4, 0, 5, 5], "texture": "#0"},
				"west": {"uv": [4, 0, 5, 5], "texture": "#0"},
				"up": {"uv": [4, 0, 5, 1], "texture": "#0"},
				"down": {"uv": [4, 0, 5, 1], "texture": "#0"}
			}
		},
		{
			"from": [7, 11, 5],
			"to": [8, 14, 6],
			"rotation": {"angle": -22.5, "axis": "x", "origin": [8, 8, 9]},
			"faces": {
				"north": {"uv": [4, 0, 5, 5], "texture": "#0"},
				"east": {"uv": [4, 0, 5, 5], "texture": "#0"},
				"south": {"uv": [4, 0, 5, 5], "texture": "#0"},
				"west": {"uv": [4, 0, 5, 5], "texture": "#0"},
				"up": {"uv": [4, 0, 5, 1], "texture": "#0"},
				"down": {"uv": [4, 0, 5, 1], "texture": "#0"}
			}
		},
		{
			"from": [7, 8, 6],
			"to": [10, 8, 11],
			"rotation": {"angle": 45, "axis": "x", "origin": [8.5, 8, 11.5]},
			"faces": {
				"north": {"uv": [0, 0, 3, 0], "texture": "#0"},
				"east": {"uv": [0, 0, 5, 0], "texture": "#0"},
				"south": {"uv": [0, 0, 3, 0], "texture": "#0"},
				"west": {"uv": [0, 0, 5, 0], "texture": "#0"},
				"up": {"uv": [8, 9, 11, 14], "texture": "#0"},
				"down": {"uv": [8, 14, 11, 9], "rotation": 90, "texture": "#0"}
			}
		},
		{
			"from": [9, 8, 10],
			"to": [14, 8, 13],
			"rotation": {"angle": 22.5, "axis": "z", "origin": [8.5, 8, 11.5]},
			"faces": {
				"north": {"uv": [0, 0, 5, 0], "texture": "#0"},
				"east": {"uv": [0, 0, 3, 0], "texture": "#0"},
				"south": {"uv": [0, 0, 5, 0], "texture": "#0"},
				"west": {"uv": [0, 0, 3, 0], "texture": "#0"},
				"up": {"uv": [8, 9, 11, 14], "rotation": 90, "texture": "#0"},
				"down": {"uv": [8, 14, 11, 9], "rotation": 90, "texture": "#0"}
			}
		},
		{
			"from": [7, 8, 12],
			"to": [10, 8, 17],
			"rotation": {"angle": -22.5, "axis": "x", "origin": [8.5, 8, 11.5]},
			"faces": {
				"north": {"uv": [0, 0, 3, 0], "texture": "#0"},
				"east": {"uv": [0, 0, 5, 0], "texture": "#0"},
				"south": {"uv": [0, 0, 3, 0], "texture": "#0"},
				"west": {"uv": [0, 0, 5, 0], "texture": "#0"},
				"up": {"uv": [8, 9, 11, 14], "rotation": 180, "texture": "#0"},
				"down": {"uv": [8, 14, 11, 9], "rotation": 90, "texture": "#0"}
			}
		},
		{
			"from": [3, 8, 10],
			"to": [8, 8, 13],
			"rotation": {"angle": -22.5, "axis": "z", "origin": [8.5, 8, 11.5]},
			"faces": {
				"north": {"uv": [0, 0, 5, 0], "texture": "#0"},
				"east": {"uv": [0, 0, 3, 0], "texture": "#0"},
				"south": {"uv": [0, 0, 5, 0], "texture": "#0"},
				"west": {"uv": [0, 0, 3, 0], "texture": "#0"},
				"up": {"uv": [8, 9, 11, 14], "rotation": 270, "texture": "#0"},
				"down": {"uv": [8, 14, 11, 9], "rotation": 90, "texture": "#0"}
			}
		},
		{
			"from": [8, 8, 11],
			"to": [9, 9, 12],
			"rotation": {"angle": 0, "axis": "y", "origin": [15, 16, 14]},
			"faces": {
				"north": {"uv": [12, 2, 13, 3], "texture": "#0"},
				"east": {"uv": [12, 2, 13, 3], "texture": "#0"},
				"south": {"uv": [12, 2, 13, 3], "texture": "#0"},
				"west": {"uv": [12, 2, 13, 3], "texture": "#0"},
				"up": {"uv": [12, 2, 13, 3], "texture": "#0"},
				"down": {"uv": [12, 2, 13, 3], "texture": "#0"}
			}
		},
		{
			"from": [8, 5, 9],
			"to": [8, 13, 10],
			"rotation": {"angle": 45, "axis": "x", "origin": [7, 8, 5]},
			"faces": {
				"north": {"uv": [0, 0, 0, 10], "texture": "#missing"},
				"east": {"uv": [0, 0, 1, 9], "texture": "#0"},
				"south": {"uv": [0, 0, 0, 10], "texture": "#missing"},
				"west": {"uv": [0, 0, 1, 9], "texture": "#0"},
				"up": {"uv": [0, 0, 0, 1], "texture": "#missing"},
				"down": {"uv": [0, 0, 0, 1], "texture": "#missing"}
			}
		}
	],
	"groups": [
		{
			"name": "1",
			"origin": [7, 9, 8],
			"children": [0, 1, 2, 3, 4, 5, 6, 7, 8]
		},
		{
			"name": "2",
			"origin": [9.5, 1.5, 8],
			"children": [9, 10, 11, 12, 13, 14, 15, 16, 17, 18, 19, 20,
				{
					"name": "2",
					"origin": [9.5, 1.5, 8],
					"children": []
				}, 21, 22]
		}, 23, 24, 25, 26, 27, 28]
}