{
	"credit": "Made with Blockbench",
	"textures": {
		"0": "block/sand/dead_bush",
		"particle": "block/sand/dead_bush"
	},
	"elements": [
		{
			"from": [7, 0, 5],
			"to": [10, 7, 8],
			"faces": {
				"north": {"uv": [7, 9, 10, 16], "texture": "#0"},
				"east": {"uv": [7, 9, 10, 16], "texture": "#0"},
				"south": {"uv": [7, 9, 10, 16], "texture": "#0"},
				"west": {"uv": [7, 9, 10, 16], "texture": "#0"},
				"up": {"uv": [7, 13, 10, 16], "texture": "#0"},
				"down": {"uv": [7, 13, 10, 16], "texture": "#0"}
			}
		},
		{
			"from": [8, 7, 6],
			"to": [10, 14, 8],
			"faces": {
				"north": {"uv": [7, 8, 9, 15], "texture": "#0"},
				"east": {"uv": [7, 8, 9, 15], "texture": "#0"},
				"south": {"uv": [7, 8, 9, 15], "texture": "#0"},
				"west": {"uv": [7, 8, 9, 15], "texture": "#0"},
				"up": {"uv": [7, 9, 9, 11], "texture": "#0"},
				"down": {"uv": [0, 0, 2, 2], "texture": "#missing"}
			}
		},
		{
			"from": [8, 14, 6],
			"to": [9, 18, 7],
			"faces": {
				"north": {"uv": [7, 8, 8, 12], "texture": "#0"},
				"east": {"uv": [7, 8, 8, 12], "texture": "#0"},
				"south": {"uv": [7, 8, 8, 12], "texture": "#0"},
				"west": {"uv": [7, 8, 8, 12], "texture": "#0"},
				"up": {"uv": [7, 8, 8, 9], "texture": "#0"},
				"down": {"uv": [0, 0, 1, 1], "texture": "#missing"}
			}
		},
		{
			"from": [7, 18, 6],
			"to": [8, 20, 7],
			"faces": {
				"north": {"uv": [7, 8, 8, 10], "texture": "#0"},
				"east": {"uv": [7, 8, 8, 10], "texture": "#0"},
				"south": {"uv": [7, 8, 8, 10], "texture": "#0"},
				"west": {"uv": [7, 8, 8, 10], "texture": "#0"},
				"up": {"uv": [7, 8, 8, 9], "texture": "#0"},
				"down": {"uv": [0, 0, 1, 1], "texture": "#0"}
			}
		},
		{
			"from": [10, 0, 6],
			"to": [11, 3, 7],
			"faces": {
				"north": {"uv": [7, 8, 8, 12], "texture": "#0"},
				"east": {"uv": [7, 8, 8, 12], "texture": "#0"},
				"south": {"uv": [7, 8, 8, 12], "texture": "#0"},
				"west": {"uv": [7, 8, 8, 12], "texture": "#0"},
				"up": {"uv": [7, 8, 8, 9], "texture": "#0"},
				"down": {"uv": [0, 0, 1, 1], "texture": "#0"}
			}
		},
		{
			"from": [8, 7, 11],
			"to": [9, 8, 18],
			"rotation": {"angle": -22.5, "axis": "x", "origin": [1.5, 0.8, 5.5]},
			"faces": {
				"north": {"uv": [9, 9, 8, 8], "texture": "#0"},
				"east": {"uv": [12, 9, 5, 8], "texture": "#0"},
				"south": {"uv": [9, 9, 8, 8], "texture": "#0"},
				"west": {"uv": [12, 9, 5, 8], "texture": "#0"},
				"up": {"uv": [9, 15, 8, 8], "texture": "#0"},
				"down": {"uv": [9, 15, 8, 8], "texture": "#0"}
			}
		},
		{
			"from": [7, 1.3, 7.3],
			"to": [9, 6.3, 9.3],
			"rotation": {"angle": 22.5, "axis": "x", "origin": [1.5, 0.8, 5.5]},
			"faces": {
				"north": {"uv": [12, 9, 7, 7], "rotation": 270, "texture": "#0"},
				"east": {"uv": [12, 9, 7, 7], "rotation": 270, "texture": "#0"},
				"south": {"uv": [12, 9, 7, 7], "rotation": 270, "texture": "#0"},
				"west": {"uv": [12, 9, 7, 7], "rotation": 270, "texture": "#0"},
				"up": {"uv": [9, 9, 8, 8], "texture": "#0"},
				"down": {"uv": [9, 9, 8, 8], "rotation": 180, "texture": "#0"}
			}
		},
		{
			"from": [7, 6.3, 8.3],
			"to": [8, 9.3, 9.3],
			"rotation": {"angle": 22.5, "axis": "x", "origin": [1.5, 0.8, 5.5]},
			"faces": {
				"north": {"uv": [12, 9, 9, 7], "rotation": 270, "texture": "#0"},
				"east": {"uv": [12, 9, 9, 7], "rotation": 270, "texture": "#0"},
				"south": {"uv": [12, 9, 9, 7], "rotation": 270, "texture": "#0"},
				"west": {"uv": [12, 9, 9, 7], "rotation": 270, "texture": "#0"},
				"up": {"uv": [9, 9, 8, 8], "texture": "#0"},
				"down": {"uv": [9, 9, 8, 8], "rotation": 180, "texture": "#0"}
			}
		},
		{
			"from": [9, 10, 6],
			"to": [15, 11, 7],
			"rotation": {"angle": 0, "axis": "y", "origin": [1.5, 0.8, 5.5]},
			"faces": {
				"north": {"uv": [12, 9, 5, 8], "texture": "#0"},
				"east": {"uv": [9, 9, 8, 8], "texture": "#0"},
				"south": {"uv": [12, 9, 5, 8], "texture": "#0"},
				"west": {"uv": [9, 9, 8, 8], "texture": "#0"},
				"up": {"uv": [9, 15, 8, 8], "rotation": 270, "texture": "#0"},
				"down": {"uv": [9, 15, 8, 8], "rotation": 90, "texture": "#0"}
			}
		},
		{
			"from": [1, 10, 6],
			"to": [5, 11, 7],
			"rotation": {"angle": 22.5, "axis": "y", "origin": [3, 10.5, 6.5]},
			"faces": {
				"north": {"uv": [12, 9, 5, 8], "texture": "#0"},
				"east": {"uv": [9, 9, 8, 8], "texture": "#0"},
				"south": {"uv": [12, 9, 5, 8], "texture": "#0"},
				"west": {"uv": [9, 9, 8, 8], "texture": "#0"},
				"up": {"uv": [9, 15, 8, 8], "rotation": 270, "texture": "#0"},
				"down": {"uv": [9, 15, 8, 8], "rotation": 90, "texture": "#0"}
			}
		},
		{
			"from": [6, 10, 6],
			"to": [7, 17, 7],
			"rotation": {"angle": 45, "axis": "z", "origin": [11.5, 10.5, 6.5]},
			"faces": {
				"north": {"uv": [12, 9, 5, 8], "rotation": 90, "texture": "#0"},
				"east": {"uv": [9, 15, 8, 8], "texture": "#0"},
				"south": {"uv": [12, 9, 5, 8], "rotation": 270, "texture": "#0"},
				"west": {"uv": [9, 15, 8, 8], "rotation": 180, "texture": "#0"},
				"up": {"uv": [9, 9, 8, 8], "rotation": 270, "texture": "#0"},
				"down": {"uv": [9, 9, 8, 8], "rotation": 270, "texture": "#0"}
			}
		},
		{
			"from": [3, 0, 6],
			"to": [4, 1, 13],
			"rotation": {"angle": 22.5, "axis": "y", "origin": [3.5, 0.5, 9.5]},
			"faces": {
				"north": {"uv": [9, 9, 8, 8], "rotation": 90, "texture": "#0"},
				"east": {"uv": [9, 15, 8, 8], "rotation": 270, "texture": "#0"},
				"south": {"uv": [9, 9, 8, 8], "rotation": 270, "texture": "#0"},
				"west": {"uv": [9, 15, 8, 8], "rotation": 270, "texture": "#0"},
				"up": {"uv": [12, 9, 5, 8], "rotation": 270, "texture": "#0"},
				"down": {"uv": [12, 9, 5, 8], "rotation": 270, "texture": "#0"}
			}
		},
		{
			"from": [1, 6, 6],
			"to": [2, 12, 7],
			"rotation": {"angle": 45, "axis": "z", "origin": [11.5, 10.5, 6.5]},
			"faces": {
				"north": {"uv": [11, 9, 5, 8], "rotation": 90, "texture": "#0"},
				"east": {"uv": [9, 15, 8, 8], "texture": "#0"},
				"south": {"uv": [12, 9, 5, 8], "rotation": 270, "texture": "#0"},
				"west": {"uv": [9, 15, 8, 8], "rotation": 180, "texture": "#0"},
				"up": {"uv": [9, 9, 8, 8], "rotation": 270, "texture": "#0"},
				"down": {"uv": [9, 9, 8, 8], "rotation": 270, "texture": "#0"}
			}
		},
		{
			"from": [8, 7.93414, 3.75094],
			"to": [9, 14.93414, 4.75094],
			"rotation": {"angle": -22.5, "axis": "x", "origin": [8.5, 10.43414, 11.25094]},
			"faces": {
				"north": {"uv": [9, 15, 8, 8], "rotation": 180, "texture": "#0"},
				"east": {"uv": [12, 9, 5, 8], "rotation": 90, "texture": "#0"},
				"south": {"uv": [9, 15, 8, 8], "texture": "#0"},
				"west": {"uv": [12, 9, 5, 8], "rotation": 270, "texture": "#0"},
				"up": {"uv": [9, 9, 8, 8], "texture": "#0"},
				"down": {"uv": [9, 9, 8, 8], "rotation": 180, "texture": "#0"}
			}
		},
		{
			"from": [10, 7.93414, 6.75094],
			"to": [11, 14.93414, 7.75094],
			"rotation": {"angle": 22.5, "axis": "x", "origin": [8.5, 10.43414, 11.25094]},
			"faces": {
				"north": {"uv": [9, 15, 8, 8], "rotation": 180, "texture": "#0"},
				"east": {"uv": [12, 9, 5, 8], "rotation": 90, "texture": "#0"},
				"south": {"uv": [9, 15, 8, 8], "texture": "#0"},
				"west": {"uv": [12, 9, 5, 8], "rotation": 270, "texture": "#0"},
				"up": {"uv": [9, 9, 8, 8], "texture": "#0"},
				"down": {"uv": [9, 9, 8, 8], "rotation": 180, "texture": "#0"}
			}
		},
		{
			"from": [8, 8, 13],
			"to": [9, 11, 14],
			"rotation": {"angle": 0, "axis": "x", "origin": [8.5, 13.5, 13.5]},
			"faces": {
				"north": {"uv": [7, 8, 8, 11], "rotation": 180, "texture": "#0"},
				"east": {"uv": [7, 8, 8, 11], "rotation": 180, "texture": "#0"},
				"south": {"uv": [7, 8, 8, 11], "rotation": 180, "texture": "#0"},
				"west": {"uv": [7, 8, 8, 11], "rotation": 180, "texture": "#0"},
				"up": {"uv": [8, 11, 9, 12], "texture": "#0"},
				"down": {"uv": [8, 11, 9, 12], "texture": "#0"}
			}
		},
		{
			"from": [8, 6, 3],
			"to": [9, 9, 4],
			"rotation": {"angle": 0, "axis": "y", "origin": [8.5, 13.5, 13.5]},
			"faces": {
				"north": {"uv": [7, 8, 8, 11], "rotation": 180, "texture": "#0"},
				"east": {"uv": [7, 8, 8, 11], "rotation": 180, "texture": "#0"},
				"south": {"uv": [7, 8, 8, 11], "rotation": 180, "texture": "#0"},
				"west": {"uv": [7, 8, 8, 11], "rotation": 180, "texture": "#0"},
				"up": {"uv": [8, 11, 9, 12], "texture": "#0"},
				"down": {"uv": [8, 11, 9, 12], "texture": "#0"}
			}
		},
		{
			"from": [8, 9, 0],
			"to": [9, 10, 4],
			"rotation": {"angle": -22.5, "axis": "x", "origin": [8.5, 7.5, 3.5]},
			"faces": {
				"north": {"uv": [8, 11, 9, 12], "rotation": 180, "texture": "#0"},
				"east": {"uv": [7, 7, 8, 11], "rotation": 90, "texture": "#0"},
				"south": {"uv": [8, 11, 9, 12], "texture": "#0"},
				"west": {"uv": [7, 8, 8, 11], "rotation": 270, "texture": "#0"},
				"up": {"uv": [7, 8, 8, 11], "texture": "#0"},
				"down": {"uv": [7, 8, 8, 11], "rotation": 180, "texture": "#0"}
			}
		}
	]
}