{
	"credit": "Made with Blockbench",
	"ambientocclusion": false,
	"textures": {
		"0": "block/other_plants/epiphyllum",
		"particle": "block/other_plants/epiphyllum"
	},
	"elements": [
		{
			"from": [6, 0, 8],
			"to": [7, 13, 9],
			"rotation": {"angle": 22.5, "axis": "z", "origin": [9, 8, 8]},
			"faces": {
				"north": {"uv": [2, 0, 3, 11], "texture": "#0"},
				"east": {"uv": [2, 0, 3, 11], "texture": "#0"},
				"south": {"uv": [2, 0, 3, 11], "texture": "#0"},
				"west": {"uv": [2, 0, 3, 11], "texture": "#0"},
				"up": {"uv": [2, 0, 3, 1], "texture": "#0"},
				"down": {"uv": [2, 0, 3, 1], "texture": "#0"}
			}
		},
		{
			"from": [7, 0, 8],
			"to": [12, 11, 8],
			"rotation": {"angle": -22.5, "axis": "x", "origin": [9.5, 0.5, 8]},
			"faces": {
				"north": {"uv": [0, 0, 5, 11], "texture": "#0"},
				"east": {"uv": [0, 0, 0, 11], "texture": "#missing"},
				"south": {"uv": [0, 0, 5, 11], "texture": "#0"},
				"west": {"uv": [0, 0, 0, 11], "texture": "#missing"},
				"up": {"uv": [0, 0, 5, 0], "texture": "#missing"},
				"down": {"uv": [0, 0, 5, 0], "texture": "#missing"}
			}
		},
		{
			"from": [7, 0.5, 7.5],
			"to": [12, 0.5, 18.5],
			"rotation": {"angle": -45, "axis": "x", "origin": [9.5, 0.5, 8]},
			"faces": {
				"north": {"uv": [0, 0, 5, 0], "rotation": 180, "texture": "#missing"},
				"east": {"uv": [0, 0, 0, 11], "rotation": 270, "texture": "#missing"},
				"south": {"uv": [0, 0, 5, 0], "texture": "#missing"},
				"west": {"uv": [0, 0, 0, 11], "rotation": 90, "texture": "#missing"},
				"up": {"uv": [0, 0, 5, 11], "rotation": 180, "texture": "#0"},
				"down": {"uv": [0, 0, 5, 11], "texture": "#0"}
			}
		},
		{
			"from": [9.5, 0, 5.5],
			"to": [9.5, 11, 10.5],
			"rotation": {"angle": -22.5, "axis": "z", "origin": [9.5, 0.5, 8]},
			"faces": {
				"north": {"uv": [0, 0, 0, 11], "texture": "#missing"},
				"east": {"uv": [0, 0, 5, 11], "texture": "#0"},
				"south": {"uv": [0, 0, 0, 11], "texture": "#missing"},
				"west": {"uv": [0, 0, 5, 11], "texture": "#0"},
				"up": {"uv": [0, 0, 5, 0], "rotation": 90, "texture": "#missing"},
				"down": {"uv": [0, 0, 5, 0], "rotation": 270, "texture": "#missing"}
			}
		},
		{
			"from": [-4, 3.5, 5.5],
			"to": [7, 3.5, 10.5],
			"rotation": {"angle": -22.5, "axis": "z", "origin": [9.5, 0.5, 8]},
			"faces": {
				"north": {"uv": [0, 0, 0, 11], "rotation": 90, "texture": "#0"},
				"east": {"uv": [0, 0, 5, 0], "rotation": 180, "texture": "#0"},
				"south": {"uv": [0, 0, 0, 11], "rotation": 270, "texture": "#0"},
				"west": {"uv": [0, 0, 5, 0], "texture": "#0"},
				"up": {"uv": [0, 0, 5, 11], "rotation": 270, "texture": "#0"},
				"down": {"uv": [0, 0, 5, 11], "rotation": 270, "texture": "#0"}
			}
		},
		{
			"from": [10.5, 1, 5.5],
			"to": [10.5, 12, 10.5],
			"rotation": {"angle": -45, "axis": "z", "origin": [9.5, 0.5, 8]},
			"faces": {
				"north": {"uv": [0, 0, 0, 11], "texture": "#0"},
				"east": {"uv": [0, 0, 5, 11], "texture": "#0"},
				"south": {"uv": [0, 0, 0, 11], "texture": "#0"},
				"west": {"uv": [0, 0, 5, 11], "texture": "#0"},
				"up": {"uv": [0, 0, 5, 0], "rotation": 90, "texture": "#0"},
				"down": {"uv": [0, 0, 5, 0], "rotation": 270, "texture": "#0"}
			}
		},
		{
			"from": [7.25701, 7.83311, 6.5],
			"to": [7.25701, 16.83311, 9.5],
			"rotation": {"angle": -45, "axis": "z", "origin": [3.25701, 6.33311, 8]},
			"faces": {
				"north": {"uv": [0, 0, 0, 11], "texture": "#0"},
				"east": {"uv": [0, 0, 4, 11], "texture": "#0"},
				"south": {"uv": [0, 0, 0, 11], "texture": "#0"},
				"west": {"uv": [0, 0, 5, 11], "texture": "#0"},
				"up": {"uv": [0, 0, 4, 0], "rotation": 90, "texture": "#0"},
				"down": {"uv": [0, 0, 4, 0], "rotation": 270, "texture": "#0"}
			}
		},
		{
			"from": [3, 11, 0],
			"to": [8, 11, 9],
			"rotation": {"angle": 22.5, "axis": "x", "origin": [5.5, 11, 8.5]},
			"faces": {
				"north": {"uv": [0, 0, 5, 0], "texture": "#0"},
				"east": {"uv": [0, 0, 9, 0], "texture": "#0"},
				"south": {"uv": [0, 0, 5, 0], "texture": "#0"},
				"west": {"uv": [0, 0, 9, 0], "texture": "#0"},
				"up": {"uv": [5, 0, 10, 9], "texture": "#0"},
				"down": {"uv": [5, 9, 10, 0], "texture": "#0"}
			}
		},
		{
			"from": [-3, 11, 6],
			"to": [6, 11, 11],
			"rotation": {"angle": -22.5, "axis": "z", "origin": [5.5, 11, 8.5]},
			"faces": {
				"north": {"uv": [0, 0, 9, 0], "texture": "#0"},
				"east": {"uv": [0, 0, 5, 0], "texture": "#0"},
				"south": {"uv": [0, 0, 9, 0], "texture": "#0"},
				"west": {"uv": [0, 0, 5, 0], "texture": "#0"},
				"up": {"uv": [5, 0, 10, 9], "rotation": 270, "texture": "#0"},
				"down": {"uv": [5, 9, 10, 0], "rotation": 90, "texture": "#0"}
			}
		},
		{
			"from": [3, 11, 8],
			"to": [8, 11, 17],
			"rotation": {"angle": -22.5, "axis": "x", "origin": [5.5, 11, 8.5]},
			"faces": {
				"north": {"uv": [0, 0, 5, 0], "texture": "#0"},
				"east": {"uv": [0, 0, 9, 0], "texture": "#0"},
				"south": {"uv": [0, 0, 5, 0], "texture": "#0"},
				"west": {"uv": [0, 0, 9, 0], "texture": "#0"},
				"up": {"uv": [5, 0, 10, 9], "rotation": 180, "texture": "#0"},
				"down": {"uv": [5, 9, 10, 0], "rotation": 180, "texture": "#0"}
			}
		},
		{
			"from": [5, 11, 6],
			"to": [14, 11, 11],
			"rotation": {"angle": 22.5, "axis": "z", "origin": [5.5, 11, 8.5]},
			"faces": {
				"north": {"uv": [0, 0, 9, 0], "texture": "#0"},
				"east": {"uv": [0, 0, 5, 0], "texture": "#0"},
				"south": {"uv": [0, 0, 9, 0], "texture": "#0"},
				"west": {"uv": [0, 0, 5, 0], "texture": "#0"},
				"up": {"uv": [5, 0, 10, 9], "rotation": 90, "texture": "#0"},
				"down": {"uv": [5, 9, 10, 0], "rotation": 270, "texture": "#0"}
			}
		},
		{
			"from": [3, 11, 0],
			"to": [8, 11, 9],
			"rotation": {"angle": 45, "axis": "x", "origin": [5.5, 11, 8.5]},
			"faces": {
				"north": {"uv": [0, 0, 5, 0], "texture": "#0"},
				"east": {"uv": [0, 0, 9, 0], "texture": "#0"},
				"south": {"uv": [0, 0, 5, 0], "texture": "#0"},
				"west": {"uv": [0, 0, 9, 0], "texture": "#0"},
				"up": {"uv": [5, 0, 10, 9], "texture": "#0"},
				"down": {"uv": [5, 9, 10, 0], "texture": "#0"}
			}
		},
		{
			"from": [5, 11, 6],
			"to": [14, 11, 11],
			"rotation": {"angle": 45, "axis": "z", "origin": [5.5, 11, 8.5]},
			"faces": {
				"north": {"uv": [0, 0, 9, 0], "texture": "#0"},
				"east": {"uv": [0, 0, 5, 0], "texture": "#0"},
				"south": {"uv": [0, 0, 9, 0], "texture": "#0"},
				"west": {"uv": [0, 0, 5, 0], "texture": "#0"},
				"up": {"uv": [5, 0, 10, 9], "rotation": 90, "texture": "#0"},
				"down": {"uv": [5, 9, 10, 0], "rotation": 270, "texture": "#0"}
			}
		},
		{
			"from": [3, 11, 8],
			"to": [8, 11, 17],
			"rotation": {"angle": -45, "axis": "x", "origin": [5.5, 11, 8.5]},
			"faces": {
				"north": {"uv": [0, 0, 5, 0], "texture": "#0"},
				"east": {"uv": [0, 0, 9, 0], "texture": "#0"},
				"south": {"uv": [0, 0, 5, 0], "texture": "#0"},
				"west": {"uv": [0, 0, 9, 0], "texture": "#0"},
				"up": {"uv": [5, 0, 10, 9], "rotation": 180, "texture": "#0"},
				"down": {"uv": [5, 9, 10, 0], "rotation": 180, "texture": "#0"}
			}
		},
		{
			"from": [-3, 11, 6],
			"to": [6, 11, 11],
			"rotation": {"angle": -45, "axis": "z", "origin": [5.5, 11, 8.5]},
			"faces": {
				"north": {"uv": [0, 0, 9, 0], "texture": "#0"},
				"east": {"uv": [0, 0, 5, 0], "texture": "#0"},
				"south": {"uv": [0, 0, 9, 0], "texture": "#0"},
				"west": {"uv": [0, 0, 5, 0], "texture": "#0"},
				"up": {"uv": [5, 0, 10, 9], "rotation": 270, "texture": "#0"},
				"down": {"uv": [5, 9, 10, 0], "rotation": 90, "texture": "#0"}
			}
		},
		{
			"from": [-1.5, 11, 7.5],
			"to": [5.5, 11, 9.5],
			"rotation": {"angle": 0, "axis": "y", "origin": [5, 11, 8.5]},
			"faces": {
				"north": {"uv": [0, 0, 8, 0], "texture": "#0"},
				"east": {"uv": [0, 0, 2, 0], "texture": "#0"},
				"south": {"uv": [0, 0, 8, 0], "texture": "#0"},
				"west": {"uv": [0, 0, 2, 0], "texture": "#0"},
				"up": {"uv": [10, 2, 13, 8], "rotation": 90, "texture": "#0"},
				"down": {"uv": [0, 0, 2, 8], "rotation": 270, "texture": "#0"}
			}
		},
		{
			"from": [4, 11, 8],
			"to": [6, 11, 15],
			"rotation": {"angle": 22.5, "axis": "y", "origin": [5, 11, 8.5]},
			"faces": {
				"north": {"uv": [0, 0, 2, 0], "texture": "#0"},
				"east": {"uv": [0, 0, 8, 0], "texture": "#0"},
				"south": {"uv": [0, 0, 2, 0], "texture": "#0"},
				"west": {"uv": [0, 0, 8, 0], "texture": "#0"},
				"up": {"uv": [10, 2, 13, 8], "texture": "#0"},
				"down": {"uv": [0, 0, 2, 8], "texture": "#0"}
			}
		},
		{
			"from": [-1.5, 11, 7.5],
			"to": [5.5, 11, 9.5],
			"rotation": {"angle": 45, "axis": "y", "origin": [5, 11, 8.5]},
			"faces": {
				"north": {"uv": [0, 0, 8, 0], "texture": "#0"},
				"east": {"uv": [0, 0, 2, 0], "texture": "#0"},
				"south": {"uv": [0, 0, 8, 0], "texture": "#0"},
				"west": {"uv": [0, 0, 2, 0], "texture": "#0"},
				"up": {"uv": [10, 2, 13, 8], "rotation": 90, "texture": "#0"},
				"down": {"uv": [0, 0, 2, 8], "rotation": 270, "texture": "#0"}
			}
		},
		{
			"from": [4, 11, 2],
			"to": [6, 11, 9],
			"rotation": {"angle": 45, "axis": "y", "origin": [5, 11, 8.5]},
			"faces": {
				"north": {"uv": [0, 0, 2, 0], "texture": "#0"},
				"east": {"uv": [0, 0, 8, 0], "texture": "#0"},
				"south": {"uv": [0, 0, 2, 0], "texture": "#0"},
				"west": {"uv": [0, 0, 8, 0], "texture": "#0"},
				"up": {"uv": [10, 2, 13, 8], "rotation": 180, "texture": "#0"},
				"down": {"uv": [0, 0, 2, 8], "rotation": 180, "texture": "#0"}
			}
		},
		{
			"from": [4.5, 11, 7.5],
			"to": [11.5, 11, 9.5],
			"rotation": {"angle": 45, "axis": "y", "origin": [5, 11, 8.5]},
			"faces": {
				"north": {"uv": [0, 0, 8, 0], "texture": "#0"},
				"east": {"uv": [0, 0, 2, 0], "texture": "#0"},
				"south": {"uv": [0, 0, 8, 0], "texture": "#0"},
				"west": {"uv": [0, 0, 2, 0], "texture": "#0"},
				"up": {"uv": [10, 2, 13, 8], "rotation": 270, "texture": "#0"},
				"down": {"uv": [0, 0, 2, 8], "rotation": 90, "texture": "#0"}
			}
		},
		{
			"from": [4, 11, 8],
			"to": [6, 11, 15],
			"rotation": {"angle": 45, "axis": "y", "origin": [5, 11, 8.5]},
			"faces": {
				"north": {"uv": [0, 0, 2, 0], "texture": "#0"},
				"east": {"uv": [0, 0, 8, 0], "texture": "#0"},
				"south": {"uv": [0, 0, 2, 0], "texture": "#0"},
				"west": {"uv": [0, 0, 8, 0], "texture": "#0"},
				"up": {"uv": [10, 2, 13, 8], "texture": "#0"},
				"down": {"uv": [0, 0, 2, 8], "texture": "#0"}
			}
		},
		{
			"from": [4, 11, 2],
			"to": [6, 11, 9],
			"rotation": {"angle": -22.5, "axis": "y", "origin": [5, 11, 8.5]},
			"faces": {
				"north": {"uv": [0, 0, 2, 0], "texture": "#0"},
				"east": {"uv": [0, 0, 8, 0], "texture": "#0"},
				"south": {"uv": [0, 0, 2, 0], "texture": "#0"},
				"west": {"uv": [0, 0, 8, 0], "texture": "#0"},
				"up": {"uv": [10, 2, 13, 8], "rotation": 180, "texture": "#0"},
				"down": {"uv": [0, 0, 2, 8], "rotation": 180, "texture": "#0"}
			}
		},
		{
			"from": [-1.5, 11, 7.5],
			"to": [5.5, 11, 9.5],
			"rotation": {"angle": -22.5, "axis": "y", "origin": [5, 11, 8.5]},
			"faces": {
				"north": {"uv": [0, 0, 8, 0], "texture": "#0"},
				"east": {"uv": [0, 0, 2, 0], "texture": "#0"},
				"south": {"uv": [0, 0, 8, 0], "texture": "#0"},
				"west": {"uv": [0, 0, 2, 0], "texture": "#0"},
				"up": {"uv": [10, 2, 13, 8], "rotation": 90, "texture": "#0"},
				"down": {"uv": [0, 0, 2, 8], "rotation": 270, "texture": "#0"}
			}
		},
		{
			"from": [4, 11, 8],
			"to": [6, 11, 15],
			"rotation": {"angle": -22.5, "axis": "y", "origin": [5, 11, 8.5]},
			"faces": {
				"north": {"uv": [0, 0, 2, 0], "texture": "#0"},
				"east": {"uv": [0, 0, 8, 0], "texture": "#0"},
				"south": {"uv": [0, 0, 2, 0], "texture": "#0"},
				"west": {"uv": [0, 0, 8, 0], "texture": "#0"},
				"up": {"uv": [10, 2, 13, 8], "texture": "#0"},
				"down": {"uv": [0, 0, 2, 8], "texture": "#0"}
			}
		},
		{
			"from": [4.5, 11, 7.5],
			"to": [11.5, 11, 9.5],
			"rotation": {"angle": -22.5, "axis": "y", "origin": [5, 11, 8.5]},
			"faces": {
				"north": {"uv": [0, 0, 8, 0], "texture": "#0"},
				"east": {"uv": [0, 0, 2, 0], "texture": "#0"},
				"south": {"uv": [0, 0, 8, 0], "texture": "#0"},
				"west": {"uv": [0, 0, 2, 0], "texture": "#0"},
				"up": {"uv": [10, 2, 13, 8], "rotation": 270, "texture": "#0"},
				"down": {"uv": [0, 0, 2, 8], "rotation": 90, "texture": "#0"}
			}
		},
		{
			"from": [4.5, 11, 7.5],
			"to": [11.5, 11, 9.5],
			"rotation": {"angle": 22.5, "axis": "y", "origin": [5, 11, 8.5]},
			"faces": {
				"north": {"uv": [0, 0, 8, 0], "texture": "#0"},
				"east": {"uv": [0, 0, 2, 0], "texture": "#0"},
				"south": {"uv": [0, 0, 8, 0], "texture": "#0"},
				"west": {"uv": [0, 0, 2, 0], "texture": "#0"},
				"up": {"uv": [10, 2, 13, 8], "rotation": 270, "texture": "#0"},
				"down": {"uv": [0, 0, 2, 8], "rotation": 90, "texture": "#0"}
			}
		},
		{
			"from": [4, 11, 2],
			"to": [6, 11, 9],
			"rotation": {"angle": 22.5, "axis": "y", "origin": [5, 11, 8.5]},
			"faces": {
				"north": {"uv": [0, 0, 2, 0], "texture": "#0"},
				"east": {"uv": [0, 0, 8, 0], "texture": "#0"},
				"south": {"uv": [0, 0, 2, 0], "texture": "#0"},
				"west": {"uv": [0, 0, 8, 0], "texture": "#0"},
				"up": {"uv": [10, 2, 13, 8], "rotation": 180, "texture": "#0"},
				"down": {"uv": [0, 0, 2, 8], "rotation": 180, "texture": "#0"}
			}
		},
		{
			"from": [-1.5, 11, 7.5],
			"to": [5.5, 11, 9.5],
			"rotation": {"angle": 22.5, "axis": "y", "origin": [5, 11, 8.5]},
			"faces": {
				"north": {"uv": [0, 0, 8, 0], "texture": "#0"},
				"east": {"uv": [0, 0, 2, 0], "texture": "#0"},
				"south": {"uv": [0, 0, 8, 0], "texture": "#0"},
				"west": {"uv": [0, 0, 2, 0], "texture": "#0"},
				"up": {"uv": [10, 2, 13, 8], "rotation": 90, "texture": "#0"},
				"down": {"uv": [0, 0, 2, 8], "rotation": 270, "texture": "#0"}
			}
		},
		{
			"from": [4, 11, 2],
			"to": [6, 11, 9],
			"rotation": {"angle": 0, "axis": "y", "origin": [5, 11, 8.5]},
			"faces": {
				"north": {"uv": [0, 0, 2, 0], "texture": "#0"},
				"east": {"uv": [0, 0, 8, 0], "texture": "#0"},
				"south": {"uv": [0, 0, 2, 0], "texture": "#0"},
				"west": {"uv": [0, 0, 8, 0], "texture": "#0"},
				"up": {"uv": [10, 2, 13, 8], "rotation": 180, "texture": "#0"},
				"down": {"uv": [0, 0, 2, 8], "rotation": 180, "texture": "#0"}
			}
		},
		{
			"from": [4.5, 11, 7.5],
			"to": [11.5, 11, 9.5],
			"rotation": {"angle": 0, "axis": "y", "origin": [5, 11, 8.5]},
			"faces": {
				"north": {"uv": [0, 0, 8, 0], "texture": "#0"},
				"east": {"uv": [0, 0, 2, 0], "texture": "#0"},
				"south": {"uv": [0, 0, 8, 0], "texture": "#0"},
				"west": {"uv": [0, 0, 2, 0], "texture": "#0"},
				"up": {"uv": [10, 2, 13, 8], "rotation": 270, "texture": "#0"},
				"down": {"uv": [0, 0, 2, 8], "rotation": 90, "texture": "#0"}
			}
		},
		{
			"from": [4, 11, 8],
			"to": [6, 11, 15],
			"rotation": {"angle": 0, "axis": "y", "origin": [5, 11, 8.5]},
			"faces": {
				"north": {"uv": [0, 0, 2, 0], "texture": "#0"},
				"east": {"uv": [0, 0, 8, 0], "texture": "#0"},
				"south": {"uv": [0, 0, 2, 0], "texture": "#0"},
				"west": {"uv": [0, 0, 8, 0], "texture": "#0"},
				"up": {"uv": [10, 2, 13, 8], "texture": "#0"},
				"down": {"uv": [0, 0, 2, 8], "texture": "#0"}
			}
		}
	],
	"groups": [
		{
			"name": "1",
			"origin": [3.25701, 6.33311, 8],
			"children": [0, 1, 2, 3, 4, 5, 6]
		},
		{
			"name": "2",
			"origin": [7, 0, 8.5],
			"children": [7, 8, 9, 10, 11, 12, 13, 14, 15, 16, 17, 18, 19, 20, 21, 22, 23, 24, 25, 26, 27, 28, 29, 30]
		}
	]
}