{
	"credit": "Made with Blockbench",
	"textures": {
		"0": "block/evergreen/pink_tulip",
		"particle": "block/evergreen/pink_tulip"
	},
	"elements": [
		{
			"from": [12, 0, 7],
			"to": [13, 13, 8],
			"rotation": {"angle": -22.5, "axis": "z", "origin": [8, 8, 8]},
			"faces": {
				"north": {"uv": [12, 1, 13, 8], "texture": "#0"},
				"east": {"uv": [12, 1, 13, 8], "texture": "#0"},
				"south": {"uv": [12, 1, 13, 8], "texture": "#0"},
				"west": {"uv": [12, 1, 13, 8], "texture": "#0"},
				"up": {"uv": [12, 1, 13, 2], "texture": "#0"},
				"down": {"uv": [12, 1, 13, 2], "texture": "#0"}
			}
		},
		{
			"from": [4, 2, 8],
			"to": [15, 3, 9],
			"rotation": {"angle": -45, "axis": "z", "origin": [8, 8, 8]},
			"faces": {
				"north": {"uv": [12, 1, 13, 8], "rotation": 90, "texture": "#0"},
				"east": {"uv": [1, 0, 2, 1], "rotation": 180, "texture": "#0"},
				"south": {"uv": [12, 1, 13, 8], "rotation": 90, "texture": "#0"},
				"west": {"uv": [1, 0, 2, 1], "rotation": 180, "texture": "#0"},
				"up": {"uv": [12, 1, 13, 8], "rotation": 90, "texture": "#0"},
				"down": {"uv": [12, 1, 13, 8], "rotation": 90, "texture": "#0"}
			}
		},
		{
			"from": [6, 0, 7],
			"to": [10, 8, 7],
			"rotation": {"angle": -22.5, "axis": "x", "origin": [8, 0, 7]},
			"faces": {
				"north": {"uv": [0, 0, 4, 8], "texture": "#0"},
				"east": {"uv": [0, 0, 0, 8], "texture": "#missing"},
				"south": {"uv": [0, 0, 4, 8], "texture": "#0"},
				"west": {"uv": [0, 0, 0, 8], "texture": "#missing"},
				"up": {"uv": [0, 0, 0, 4], "rotation": 90, "texture": "#missing"},
				"down": {"uv": [0, 0, 0, 4], "rotation": 270, "texture": "#missing"}
			}
		},
		{
			"from": [6, 6, 13],
			"to": [9, 14, 13],
			"rotation": {"angle": -45, "axis": "x", "origin": [8, 0, 7]},
			"faces": {
				"north": {"uv": [0, 0, 4, 8], "texture": "#0"},
				"east": {"uv": [0, 0, 0, 8], "texture": "#0"},
				"south": {"uv": [0, 0, 4, 8], "texture": "#0"},
				"west": {"uv": [0, 0, 0, 8], "texture": "#0"},
				"up": {"uv": [0, 0, 0, 3], "rotation": 90, "texture": "#0"},
				"down": {"uv": [0, 0, 0, 3], "rotation": 270, "texture": "#0"}
			}
		},
		{
			"from": [12, 5, 13],
			"to": [15, 13, 13],
			"rotation": {"angle": -45, "axis": "x", "origin": [8, 0, 7]},
			"faces": {
				"north": {"uv": [0, 0, 4, 8], "texture": "#0"},
				"east": {"uv": [0, 0, 0, 8], "texture": "#0"},
				"south": {"uv": [0, 0, 4, 8], "texture": "#0"},
				"west": {"uv": [0, 0, 0, 8], "texture": "#0"},
				"up": {"uv": [0, 0, 0, 3], "rotation": 90, "texture": "#0"},
				"down": {"uv": [0, 0, 0, 3], "rotation": 270, "texture": "#0"}
			}
		},
		{
			"from": [6, 9.00416, 5.97908],
			"to": [9, 9.00416, 13.97908],
			"rotation": {"angle": -22.5, "axis": "x", "origin": [7.5, 10.00416, 8.97908]},
			"faces": {
				"north": {"uv": [0, 0, 0, 3], "rotation": 90, "texture": "#0"},
				"east": {"uv": [0, 0, 0, 8], "rotation": 270, "texture": "#0"},
				"south": {"uv": [0, 0, 0, 3], "rotation": 90, "texture": "#0"},
				"west": {"uv": [0, 0, 0, 8], "rotation": 90, "texture": "#0"},
				"up": {"uv": [0, 0, 4, 8], "rotation": 180, "texture": "#0"},
				"down": {"uv": [0, 0, 4, 8], "texture": "#0"}
			}
		},
		{
			"from": [6, 15.83727, 5.26391],
			"to": [9, 15.83727, 13.26391],
			"rotation": {"angle": -45, "axis": "x", "origin": [7.5, 15.83727, 11.26391]},
			"faces": {
				"north": {"uv": [0, 0, 0, 3], "rotation": 90, "texture": "#0"},
				"east": {"uv": [0, 0, 0, 8], "rotation": 270, "texture": "#0"},
				"south": {"uv": [0, 0, 0, 3], "rotation": 90, "texture": "#0"},
				"west": {"uv": [0, 0, 0, 8], "rotation": 90, "texture": "#0"},
				"up": {"uv": [0, 0, 4, 8], "rotation": 180, "texture": "#0"},
				"down": {"uv": [0, 0, 4, 8], "texture": "#0"}
			}
		},
		{
			"from": [6, 3, 5],
			"to": [9, 11, 5],
			"rotation": {"angle": 45, "axis": "x", "origin": [8, 0, 7]},
			"faces": {
				"north": {"uv": [0, 0, 4, 8], "texture": "#0"},
				"east": {"uv": [0, 0, 0, 8], "texture": "#0"},
				"south": {"uv": [0, 0, 4, 8], "texture": "#0"},
				"west": {"uv": [0, 0, 0, 8], "texture": "#0"},
				"up": {"uv": [0, 0, 0, 3], "rotation": 90, "texture": "#0"},
				"down": {"uv": [0, 0, 0, 3], "rotation": 270, "texture": "#0"}
			}
		},
		{
			"from": [6, -1, 7],
			"to": [10, -1, 15],
			"rotation": {"angle": -45, "axis": "x", "origin": [8, 0, 7]},
			"faces": {
				"north": {"uv": [0, 0, 0, 4], "rotation": 90, "texture": "#0"},
				"east": {"uv": [0, 0, 0, 8], "rotation": 270, "texture": "#0"},
				"south": {"uv": [0, 0, 0, 4], "rotation": 90, "texture": "#0"},
				"west": {"uv": [0, 0, 0, 8], "rotation": 90, "texture": "#0"},
				"up": {"uv": [0, 0, 4, 8], "rotation": 180, "texture": "#0"},
				"down": {"uv": [0, 0, 4, 8], "texture": "#0"}
			}
		},
		{
			"from": [1, -1, 7],
			"to": [7, 7, 7],
			"rotation": {"angle": 22.5, "axis": "z", "origin": [5, 1, 7]},
			"faces": {
				"north": {"uv": [5, 0, 11, 8], "texture": "#0"},
				"east": {"uv": [0, 0, 0, 9], "texture": "#missing"},
				"south": {"uv": [11, 0, 5, 8], "texture": "#0"},
				"west": {"uv": [0, 0, 0, 9], "texture": "#missing"},
				"up": {"uv": [0, 0, 7, 0], "texture": "#missing"},
				"down": {"uv": [0, 0, 7, 0], "texture": "#missing"}
			}
		},
		{
			"from": [0, 7, 8],
			"to": [6, 15, 8],
			"rotation": {"angle": 22.5, "axis": "z", "origin": [5, 1, 7]},
			"faces": {
				"north": {"uv": [5, 0, 11, 8], "texture": "#0"},
				"east": {"uv": [0, 0, 0, 9], "texture": "#0"},
				"south": {"uv": [11, 0, 5, 8], "texture": "#0"},
				"west": {"uv": [0, 0, 0, 9], "texture": "#0"},
				"up": {"uv": [0, 0, 7, 0], "texture": "#0"},
				"down": {"uv": [0, 0, 7, 0], "texture": "#0"}
			}
		},
		{
			"from": [2, 4, 6],
			"to": [8, 12, 6],
			"rotation": {"angle": -22.5, "axis": "y", "origin": [5, 1, 7]},
			"faces": {
				"north": {"uv": [5, 0, 11, 8], "texture": "#0"},
				"east": {"uv": [0, 0, 0, 9], "texture": "#0"},
				"south": {"uv": [11, 0, 5, 8], "texture": "#0"},
				"west": {"uv": [0, 0, 0, 9], "texture": "#0"},
				"up": {"uv": [0, 0, 7, 0], "texture": "#0"},
				"down": {"uv": [0, 0, 7, 0], "texture": "#0"}
			}
		},
		{
			"from": [1, -1, 10],
			"to": [7, 7, 10],
			"rotation": {"angle": 22.5, "axis": "z", "origin": [5, 1, 7]},
			"faces": {
				"north": {"uv": [5, 0, 11, 8], "texture": "#0"},
				"east": {"uv": [0, 0, 0, 9], "texture": "#0"},
				"south": {"uv": [11, 0, 5, 8], "texture": "#0"},
				"west": {"uv": [0, 0, 0, 9], "texture": "#0"},
				"up": {"uv": [0, 0, 7, 0], "texture": "#0"},
				"down": {"uv": [0, 0, 7, 0], "texture": "#0"}
			}
		},
		{
			"from": [9, 2, 7],
			"to": [15, 10, 7],
			"rotation": {"angle": -22.5, "axis": "z", "origin": [5, 1, 7]},
			"faces": {
				"north": {"uv": [11, 0, 5, 8], "texture": "#0"},
				"east": {"uv": [0, 0, 0, 9], "texture": "#0"},
				"south": {"uv": [5, 0, 11, 8], "texture": "#0"},
				"west": {"uv": [0, 0, 0, 9], "texture": "#0"},
				"up": {"uv": [0, 0, 7, 0], "rotation": 180, "texture": "#0"},
				"down": {"uv": [0, 0, 7, 0], "rotation": 180, "texture": "#0"}
			}
		},
		{
			"from": [8, 0, 5],
			"to": [14, 8, 5],
			"rotation": {"angle": -45, "axis": "y", "origin": [5, 1, 7]},
			"faces": {
				"north": {"uv": [11, 0, 5, 8], "texture": "#0"},
				"east": {"uv": [0, 0, 0, 9], "texture": "#0"},
				"south": {"uv": [5, 0, 11, 8], "texture": "#0"},
				"west": {"uv": [0, 0, 0, 9], "texture": "#0"},
				"up": {"uv": [0, 0, 7, 0], "rotation": 180, "texture": "#0"},
				"down": {"uv": [0, 0, 7, 0], "rotation": 180, "texture": "#0"}
			}
		},
		{
			"from": [8, 11, 7],
			"to": [14, 19, 7],
			"rotation": {"angle": -22.5, "axis": "z", "origin": [5, 1, 7]},
			"faces": {
				"north": {"uv": [11, 0, 5, 8], "texture": "#0"},
				"east": {"uv": [0, 0, 0, 9], "texture": "#0"},
				"south": {"uv": [5, 0, 11, 8], "texture": "#0"},
				"west": {"uv": [0, 0, 0, 9], "texture": "#0"},
				"up": {"uv": [0, 0, 7, 0], "rotation": 180, "texture": "#0"},
				"down": {"uv": [0, 0, 7, 0], "rotation": 180, "texture": "#0"}
			}
		},
		{
			"from": [7, 0, 2],
			"to": [7, 8, 8],
			"rotation": {"angle": -22.5, "axis": "x", "origin": [5, 1, 7]},
			"faces": {
				"north": {"uv": [0, 0, 0, 9], "texture": "#0"},
				"east": {"uv": [5, 0, 11, 8], "texture": "#0"},
				"south": {"uv": [0, 0, 0, 9], "texture": "#0"},
				"west": {"uv": [11, 0, 5, 8], "texture": "#0"},
				"up": {"uv": [0, 0, 7, 0], "rotation": 90, "texture": "#0"},
				"down": {"uv": [0, 0, 7, 0], "rotation": 270, "texture": "#0"}
			}
		},
		{
			"from": [7, -2, 7],
			"to": [7, 4, 15],
			"rotation": {"angle": -22.5, "axis": "x", "origin": [5, 1, 7]},
			"faces": {
				"north": {"uv": [0, 0, 7, 0], "rotation": 90, "texture": "#0"},
				"east": {"uv": [5, 0, 11, 8], "rotation": 270, "texture": "#0"},
				"south": {"uv": [0, 0, 7, 0], "rotation": 90, "texture": "#0"},
				"west": {"uv": [11, 0, 5, 8], "rotation": 90, "texture": "#0"},
				"up": {"uv": [0, 0, 0, 9], "rotation": 180, "texture": "#0"},
				"down": {"uv": [0, 0, 0, 9], "texture": "#0"}
			}
		},
		{
			"from": [7, 0, 7],
			"to": [8, 13, 8],
			"faces": {
				"north": {"uv": [12, 1, 13, 8], "texture": "#0"},
				"east": {"uv": [12, 1, 13, 8], "texture": "#0"},
				"south": {"uv": [12, 1, 13, 8], "texture": "#0"},
				"west": {"uv": [12, 1, 13, 8], "texture": "#0"},
				"up": {"uv": [12, 1, 13, 2], "texture": "#0"},
				"down": {"uv": [12, 1, 13, 2], "texture": "#0"}
			}
		}
	]
}