{
	"credit": "Made with Blockbench",
	"ambientocclusion": false,
	"textures": {
		"0": "block/fern",
		"1": "block/orchid/lily_of_the_valley1",
		"particle": "block/fern"
	},
	"elements": [
		{
			"from": [0, -1, 3],
			"to": [16, 15, 3],
			"rotation": {"angle": -45, "axis": "x", "origin": [8, 7, 8]},
			"faces": {
				"north": {"uv": [0, 0, 16, 16], "texture": "#0", "tintindex": 0},
				"east": {"uv": [0, 0, 0, 16], "texture": "#0", "tintindex": 0},
				"south": {"uv": [16, 0, 0, 16], "texture": "#0", "tintindex": 0},
				"west": {"uv": [0, 0, 0, 16], "texture": "#0", "tintindex": 0},
				"up": {"uv": [0, 0, 16, 0], "texture": "#0", "tintindex": 0},
				"down": {"uv": [0, 0, 16, 0], "texture": "#0", "tintindex": 0}
			}
		},
		{
			"from": [0, -1, 12],
			"to": [16, 15, 12],
			"rotation": {"angle": 45, "axis": "x", "origin": [8, 7, 8]},
			"faces": {
				"north": {"uv": [0, 0, 16, 16], "texture": "#0", "tintindex": 0},
				"east": {"uv": [0, 0, 0, 16], "texture": "#0", "tintindex": 0},
				"south": {"uv": [16, 0, 0, 16], "texture": "#0", "tintindex": 0},
				"west": {"uv": [0, 0, 0, 16], "texture": "#0", "tintindex": 0},
				"up": {"uv": [0, 0, 16, 0], "texture": "#0", "tintindex": 0},
				"down": {"uv": [0, 0, 16, 0], "texture": "#0", "tintindex": 0}
			}
		},
		{
			"from": [3, -1, 0],
			"to": [3, 15, 16],
			"rotation": {"angle": 45, "axis": "z", "origin": [8, 7, 8]},
			"faces": {
				"north": {"uv": [0, 0, 0, 16], "texture": "#0", "tintindex": 0},
				"east": {"uv": [16, 0, 0, 16], "texture": "#0", "tintindex": 0},
				"south": {"uv": [0, 0, 0, 16], "texture": "#0", "tintindex": 0},
				"west": {"uv": [0, 0, 16, 16], "texture": "#0", "tintindex": 0},
				"up": {"uv": [0, 0, 16, 0], "rotation": 270, "texture": "#0", "tintindex": 0},
				"down": {"uv": [0, 0, 16, 0], "rotation": 90, "texture": "#0", "tintindex": 0}
			}
		},
		{
			"from": [13, -1, 0],
			"to": [13, 15, 16],
			"rotation": {"angle": -45, "axis": "z", "origin": [8, 7, 8]},
			"faces": {
				"north": {"uv": [0, 0, 0, 16], "texture": "#0", "tintindex": 0},
				"east": {"uv": [0, 0, 16, 16], "texture": "#0", "tintindex": 0},
				"south": {"uv": [0, 0, 0, 16], "texture": "#0", "tintindex": 0},
				"west": {"uv": [16, 0, 0, 16], "texture": "#0", "tintindex": 0},
				"up": {"uv": [0, 0, 16, 0], "rotation": 90, "texture": "#0", "tintindex": 0},
				"down": {"uv": [0, 0, 16, 0], "rotation": 270, "texture": "#0", "tintindex": 0}
			}
		},
		{
			"from": [7, 2, 8],
			"to": [11, 11, 8],
			"rotation": {"angle": 0, "axis": "y", "origin": [9, 6.5, 8]},
			"faces": {
				"north": {"uv": [0, 7, 4, 16], "texture": "#1", "tintindex": 0},
				"east": {"uv": [0, 0, 0, 9], "texture": "#missing"},
				"south": {"uv": [4, 7, 0, 16], "texture": "#1", "tintindex": 0},
				"west": {"uv": [0, 0, 0, 9], "texture": "#missing"},
				"up": {"uv": [0, 0, 4, 0], "texture": "#missing"},
				"down": {"uv": [0, 0, 4, 0], "texture": "#missing"}
			}
		},
		{
			"from": [9, 2, 6],
			"to": [9, 11, 10],
			"rotation": {"angle": 0, "axis": "y", "origin": [9, 6.5, 8]},
			"faces": {
				"north": {"uv": [0, 0, 0, 9], "texture": "#1", "tintindex": 0},
				"east": {"uv": [4, 7, 0, 16], "texture": "#1", "tintindex": 0},
				"south": {"uv": [0, 0, 0, 9], "texture": "#1", "tintindex": 0},
				"west": {"uv": [0, 7, 4, 16], "texture": "#1", "tintindex": 0},
				"up": {"uv": [0, 0, 4, 0], "rotation": 270, "texture": "#1", "tintindex": 0},
				"down": {"uv": [0, 0, 4, 0], "rotation": 90, "texture": "#1", "tintindex": 0}
			}
		}
	]
}