{
	"credit": "Made with Blockbench",
	"textures": {
		"1": "block/animals/glowworm",
		"particle": "block/grass/grass_minecraft"
	},
	"elements": [
		{
			"from": [-7, -11, 11],
			"to": [-6.2, -10.6, 11.4],
			"rotation": {"angle": 0, "axis": "y", "origin": [-6.825, -10.8, 11.2]},
			"faces": {
				"north": {"uv": [0, 0, 3.8, 7.4], "rotation": 90, "texture": "#1"},
				"east": {"uv": [0, 0, 3.8, 4.4], "rotation": 90, "texture": "#1"},
				"south": {"uv": [0, 0, 3.8, 7.4], "rotation": 90, "texture": "#1"},
				"west": {"uv": [0, 0, 3.8, 4.4], "rotation": 90, "texture": "#1"},
				"up": {"uv": [0, 0, 3.8, 7.4], "rotation": 90, "texture": "#1"},
				"down": {"uv": [0, 0, 3.8, 7.4], "rotation": 90, "texture": "#1"}
			}
		},
		{
			"from": [-7, -10.6, 10.4],
			"to": [-6.4, -10.6, 12],
			"rotation": {"angle": 0, "axis": "y", "origin": [-6.825, -10.8, 11.2]},
			"faces": {
				"north": {"uv": [0, 13, 8.8, 16], "texture": "#1"},
				"east": {"uv": [0, 0, 3.8, 4.4], "rotation": 90, "texture": "#1"},
				"south": {"uv": [0, 0, 3.8, 7.4], "rotation": 90, "texture": "#1"},
				"west": {"uv": [0, 0, 3.8, 4.4], "rotation": 90, "texture": "#1"},
				"up": {"uv": [0, 13, 8.8, 15.8], "rotation": 90, "texture": "#1"},
				"down": {"uv": [0, 13, 8.8, 15.8], "rotation": 90, "texture": "#1"}
			}
		},
		{
			"from": [-7.3, -11.05, 10.95],
			"to": [-6.8, -10.55, 11.45],
			"rotation": {"angle": 0, "axis": "y", "origin": [-6.825, -10.8, 11.2]},
			"faces": {
				"north": {"uv": [9, 3, 9.5, 3.5], "texture": "#1"},
				"east": {"uv": [9, 3, 9.5, 3.5], "texture": "#1"},
				"south": {"uv": [9, 3, 9.5, 3.5], "texture": "#1"},
				"west": {"uv": [9, 3, 9.5, 3.5], "texture": "#1"},
				"up": {"uv": [9, 3, 9.5, 3.5], "texture": "#1"},
				"down": {"uv": [9, 3, 9.5, 3.5], "texture": "#1"}
			}
		},
		{
			"from": [25.63333, -12, 11],
			"to": [26.43333, -11.6, 11.4],
			"rotation": {"angle": 45, "axis": "y", "origin": [9.21667, -10.73333, 11.2]},
			"faces": {
				"north": {"uv": [0, 0, 3.8, 7.4], "rotation": 90, "texture": "#1"},
				"east": {"uv": [0, 0, 3.8, 4.4], "rotation": 90, "texture": "#1"},
				"south": {"uv": [0, 0, 3.8, 7.4], "rotation": 90, "texture": "#1"},
				"west": {"uv": [0, 0, 3.8, 4.4], "rotation": 90, "texture": "#1"},
				"up": {"uv": [0, 0, 3.8, 7.4], "rotation": 270, "texture": "#1"},
				"down": {"uv": [0, 0, 3.8, 7.4], "rotation": 270, "texture": "#1"}
			}
		},
		{
			"from": [25.83333, -11.6, 10.4],
			"to": [26.43333, -11.6, 12],
			"rotation": {"angle": 45, "axis": "y", "origin": [9.21667, -10.73333, 11.2]},
			"faces": {
				"north": {"uv": [0, 0, 3.8, 7.4], "rotation": 90, "texture": "#1"},
				"east": {"uv": [0, 0, 3.8, 4.4], "rotation": 90, "texture": "#1"},
				"south": {"uv": [0, 13, 8.8, 16], "texture": "#1"},
				"west": {"uv": [0, 0, 3.8, 4.4], "rotation": 90, "texture": "#1"},
				"up": {"uv": [0, 13, 8.8, 15.8], "rotation": 270, "texture": "#1"},
				"down": {"uv": [0, 13, 8.8, 15.8], "rotation": 270, "texture": "#1"}
			}
		},
		{
			"from": [26.23333, -12.05, 10.95],
			"to": [26.73333, -11.55, 11.45],
			"rotation": {"angle": 45, "axis": "y", "origin": [9.21667, -10.73333, 11.2]},
			"faces": {
				"north": {"uv": [9, 3, 9.5, 3.5], "texture": "#1"},
				"east": {"uv": [9, 3, 9.5, 3.5], "texture": "#1"},
				"south": {"uv": [9, 3, 9.5, 3.5], "texture": "#1"},
				"west": {"uv": [9, 3, 9.5, 3.5], "texture": "#1"},
				"up": {"uv": [9, 3, 9.5, 3.5], "rotation": 180, "texture": "#1"},
				"down": {"uv": [9, 3, 9.5, 3.5], "rotation": 180, "texture": "#1"}
			}
		},
		{
			"from": [-6, -10, 2],
			"to": [-5.2, -9.6, 2.4],
			"rotation": {"angle": -22.5, "axis": "y", "origin": [3.175, -10.8, 4.2]},
			"faces": {
				"north": {"uv": [0, 0, 3.8, 7.4], "rotation": 90, "texture": "#1"},
				"east": {"uv": [0, 0, 3.8, 4.4], "rotation": 90, "texture": "#1"},
				"south": {"uv": [0, 0, 3.8, 7.4], "rotation": 90, "texture": "#1"},
				"west": {"uv": [0, 0, 3.8, 4.4], "rotation": 90, "texture": "#1"},
				"up": {"uv": [0, 0, 3.8, 7.4], "rotation": 90, "texture": "#1"},
				"down": {"uv": [0, 0, 3.8, 7.4], "rotation": 90, "texture": "#1"}
			}
		},
		{
			"from": [-6, -9.6, 1.4],
			"to": [-5.4, -9.6, 3],
			"rotation": {"angle": -22.5, "axis": "y", "origin": [3.175, -10.8, 4.2]},
			"faces": {
				"north": {"uv": [0, 13, 8.8, 16], "texture": "#1"},
				"east": {"uv": [0, 0, 3.8, 4.4], "rotation": 90, "texture": "#1"},
				"south": {"uv": [0, 0, 3.8, 7.4], "rotation": 90, "texture": "#1"},
				"west": {"uv": [0, 0, 3.8, 4.4], "rotation": 90, "texture": "#1"},
				"up": {"uv": [0, 13, 8.8, 15.8], "rotation": 90, "texture": "#1"},
				"down": {"uv": [0, 13, 8.8, 15.8], "rotation": 90, "texture": "#1"}
			}
		},
		{
			"from": [-6.3, -10.05, 1.95],
			"to": [-5.8, -9.55, 2.45],
			"rotation": {"angle": -22.5, "axis": "y", "origin": [3.175, -10.8, 4.2]},
			"faces": {
				"north": {"uv": [9, 3, 9.5, 3.5], "texture": "#1"},
				"east": {"uv": [9, 3, 9.5, 3.5], "texture": "#1"},
				"south": {"uv": [9, 3, 9.5, 3.5], "texture": "#1"},
				"west": {"uv": [9, 3, 9.5, 3.5], "texture": "#1"},
				"up": {"uv": [9, 3, 9.5, 3.5], "texture": "#1"},
				"down": {"uv": [9, 3, 9.5, 3.5], "texture": "#1"}
			}
		},
		{
			"from": [8, -8, 18],
			"to": [8.8, -7.6, 18.4],
			"rotation": {"angle": 22.5, "axis": "y", "origin": [8.175, -7.8, 16.2]},
			"faces": {
				"north": {"uv": [0, 0, 3.8, 7.4], "rotation": 90, "texture": "#1"},
				"east": {"uv": [0, 0, 3.8, 4.4], "rotation": 90, "texture": "#1"},
				"south": {"uv": [0, 0, 3.8, 7.4], "rotation": 90, "texture": "#1"},
				"west": {"uv": [0, 0, 3.8, 4.4], "rotation": 90, "texture": "#1"},
				"up": {"uv": [0, 0, 3.8, 7.4], "rotation": 90, "texture": "#1"},
				"down": {"uv": [0, 0, 3.8, 7.4], "rotation": 90, "texture": "#1"}
			}
		},
		{
			"from": [8, -7.6, 17.4],
			"to": [8.6, -7.6, 19],
			"rotation": {"angle": 22.5, "axis": "y", "origin": [8.175, -7.8, 16.2]},
			"faces": {
				"north": {"uv": [0, 13, 8.8, 16], "texture": "#1"},
				"east": {"uv": [0, 0, 3.8, 4.4], "rotation": 90, "texture": "#1"},
				"south": {"uv": [0, 0, 3.8, 7.4], "rotation": 90, "texture": "#1"},
				"west": {"uv": [0, 0, 3.8, 4.4], "rotation": 90, "texture": "#1"},
				"up": {"uv": [0, 13, 8.8, 15.8], "rotation": 90, "texture": "#1"},
				"down": {"uv": [0, 13, 8.8, 15.8], "rotation": 90, "texture": "#1"}
			}
		},
		{
			"from": [7.7, -8.05, 17.95],
			"to": [8.2, -7.55, 18.45],
			"rotation": {"angle": 22.5, "axis": "y", "origin": [8.175, -7.8, 16.2]},
			"faces": {
				"north": {"uv": [9, 3, 9.5, 3.5], "texture": "#1"},
				"east": {"uv": [9, 3, 9.5, 3.5], "texture": "#1"},
				"south": {"uv": [9, 3, 9.5, 3.5], "texture": "#1"},
				"west": {"uv": [9, 3, 9.5, 3.5], "texture": "#1"},
				"up": {"uv": [9, 3, 9.5, 3.5], "texture": "#1"},
				"down": {"uv": [9, 3, 9.5, 3.5], "texture": "#1"}
			}
		},
		{
			"from": [2.55, -12, 5],
			"to": [3.35, -11.6, 5.4],
			"rotation": {"angle": 22.5, "axis": "y", "origin": [17.175, -10.8, 7.2]},
			"faces": {
				"north": {"uv": [0, 0, 3.8, 7.4], "rotation": 90, "texture": "#1"},
				"east": {"uv": [0, 0, 3.8, 4.4], "rotation": 90, "texture": "#1"},
				"south": {"uv": [0, 0, 3.8, 7.4], "rotation": 90, "texture": "#1"},
				"west": {"uv": [0, 0, 3.8, 4.4], "rotation": 90, "texture": "#1"},
				"up": {"uv": [0, 0, 3.8, 7.4], "rotation": 270, "texture": "#1"},
				"down": {"uv": [0, 0, 3.8, 7.4], "rotation": 270, "texture": "#1"}
			}
		},
		{
			"from": [2.75, -11.6, 4.4],
			"to": [3.35, -11.6, 6],
			"rotation": {"angle": 22.5, "axis": "y", "origin": [17.175, -10.8, 7.2]},
			"faces": {
				"north": {"uv": [0, 0, 3.8, 7.4], "rotation": 90, "texture": "#1"},
				"east": {"uv": [0, 0, 3.8, 4.4], "rotation": 90, "texture": "#1"},
				"south": {"uv": [0, 13, 8.8, 16], "texture": "#1"},
				"west": {"uv": [0, 0, 3.8, 4.4], "rotation": 90, "texture": "#1"},
				"up": {"uv": [0, 13, 8.8, 15.8], "rotation": 270, "texture": "#1"},
				"down": {"uv": [0, 13, 8.8, 15.8], "rotation": 270, "texture": "#1"}
			}
		},
		{
			"from": [3.15, -12.05, 4.95],
			"to": [3.65, -11.55, 5.45],
			"rotation": {"angle": 22.5, "axis": "y", "origin": [17.175, -10.8, 7.2]},
			"faces": {
				"north": {"uv": [9, 3, 9.5, 3.5], "texture": "#1"},
				"east": {"uv": [9, 3, 9.5, 3.5], "texture": "#1"},
				"south": {"uv": [9, 3, 9.5, 3.5], "texture": "#1"},
				"west": {"uv": [9, 3, 9.5, 3.5], "texture": "#1"},
				"up": {"uv": [9, 3, 9.5, 3.5], "rotation": 180, "texture": "#1"},
				"down": {"uv": [9, 3, 9.5, 3.5], "rotation": 180, "texture": "#1"}
			}
		},
		{
			"from": [14.01667, -10, 13.61667],
			"to": [14.41667, -9.6, 14.41667],
			"rotation": {"angle": 0, "axis": "y", "origin": [14.21667, -10.23333, 11.2]},
			"faces": {
				"north": {"uv": [0, 0, 3.8, 4.4], "rotation": 90, "texture": "#1"},
				"east": {"uv": [0, 0, 3.8, 7.4], "rotation": 90, "texture": "#1"},
				"south": {"uv": [0, 0, 3.8, 4.4], "rotation": 90, "texture": "#1"},
				"west": {"uv": [0, 0, 3.8, 7.4], "rotation": 90, "texture": "#1"},
				"up": {"uv": [0, 0, 3.8, 7.4], "texture": "#1"},
				"down": {"uv": [0, 0, 3.8, 7.4], "rotation": 180, "texture": "#1"}
			}
		},
		{
			"from": [13.41667, -9.6, 13.81667],
			"to": [15.01667, -9.6, 14.41667],
			"rotation": {"angle": 0, "axis": "y", "origin": [14.21667, -10.23333, 11.2]},
			"faces": {
				"north": {"uv": [0, 0, 3.8, 4.4], "rotation": 90, "texture": "#1"},
				"east": {"uv": [0, 0, 3.8, 7.4], "rotation": 90, "texture": "#1"},
				"south": {"uv": [0, 0, 3.8, 4.4], "rotation": 90, "texture": "#1"},
				"west": {"uv": [0, 13, 8.8, 16], "texture": "#1"},
				"up": {"uv": [0, 13, 8.8, 15.8], "texture": "#1"},
				"down": {"uv": [0, 13, 8.8, 15.8], "rotation": 180, "texture": "#1"}
			}
		},
		{
			"from": [13.96667, -10.05, 14.21667],
			"to": [14.46667, -9.55, 14.71667],
			"rotation": {"angle": 0, "axis": "y", "origin": [14.21667, -10.23333, 11.2]},
			"faces": {
				"north": {"uv": [9, 3, 9.5, 3.5], "texture": "#1"},
				"east": {"uv": [9, 3, 9.5, 3.5], "texture": "#1"},
				"south": {"uv": [9, 3, 9.5, 3.5], "texture": "#1"},
				"west": {"uv": [9, 3, 9.5, 3.5], "texture": "#1"},
				"up": {"uv": [9, 3, 9.5, 3.5], "rotation": 270, "texture": "#1"},
				"down": {"uv": [9, 3, 9.5, 3.5], "rotation": 90, "texture": "#1"}
			}
		},
		{
			"from": [15.13799, -15, 8.86201],
			"to": [15.53799, -14.6, 9.66201],
			"rotation": {"angle": 45, "axis": "y", "origin": [6.21667, -10.23333, 11.2]},
			"faces": {
				"north": {"uv": [0, 0, 3.8, 4.4], "rotation": 90, "texture": "#1"},
				"east": {"uv": [0, 0, 3.8, 7.4], "rotation": 90, "texture": "#1"},
				"south": {"uv": [0, 0, 3.8, 4.4], "rotation": 90, "texture": "#1"},
				"west": {"uv": [0, 0, 3.8, 7.4], "rotation": 90, "texture": "#1"},
				"up": {"uv": [0, 0, 3.8, 7.4], "rotation": 180, "texture": "#1"},
				"down": {"uv": [0, 0, 3.8, 7.4], "texture": "#1"}
			}
		},
		{
			"from": [14.53799, -14.6, 8.86201],
			"to": [16.13799, -14.6, 9.46201],
			"rotation": {"angle": 45, "axis": "y", "origin": [6.21667, -10.23333, 11.2]},
			"faces": {
				"north": {"uv": [0, 0, 3.8, 4.4], "rotation": 90, "texture": "#1"},
				"east": {"uv": [0, 13, 8.8, 16], "texture": "#1"},
				"south": {"uv": [0, 0, 3.8, 4.4], "rotation": 90, "texture": "#1"},
				"west": {"uv": [0, 0, 3.8, 7.4], "rotation": 90, "texture": "#1"},
				"up": {"uv": [0, 13, 8.8, 15.8], "rotation": 180, "texture": "#1"},
				"down": {"uv": [0, 13, 8.8, 15.8], "texture": "#1"}
			}
		},
		{
			"from": [15.08799, -15.05, 8.56201],
			"to": [15.58799, -14.55, 9.06201],
			"rotation": {"angle": 45, "axis": "y", "origin": [6.21667, -10.23333, 11.2]},
			"faces": {
				"north": {"uv": [9, 3, 9.5, 3.5], "texture": "#1"},
				"east": {"uv": [9, 3, 9.5, 3.5], "texture": "#1"},
				"south": {"uv": [9, 3, 9.5, 3.5], "texture": "#1"},
				"west": {"uv": [9, 3, 9.5, 3.5], "texture": "#1"},
				"up": {"uv": [9, 3, 9.5, 3.5], "rotation": 90, "texture": "#1"},
				"down": {"uv": [9, 3, 9.5, 3.5], "rotation": 270, "texture": "#1"}
			}
		}
	],
	"groups": [
		{
			"name": "group",
			"origin": [3.175, 18.2, 8.2],
			"children": [0, 1, 2,
				{
					"name": "group",
					"origin": [3.175, 18.2, 8.2],
					"children": [3, 4, 5]
				}
			]
		},
		{
			"name": "group",
			"origin": [3.175, 18.2, 8.2],
			"children": [6, 7, 8]
		},
		{
			"name": "group",
			"origin": [3.175, 18.2, 8.2],
			"children": [9, 10, 11]
		},
		{
			"name": "group",
			"origin": [3.175, 18.2, 8.2],
			"children": [12, 13, 14]
		},
		{
			"name": "group",
			"origin": [3.175, 18.2, 8.2],
			"children": [15, 16, 17,
				{
					"name": "group",
					"origin": [3.175, 18.2, 8.2],
					"children": [18, 19, 20]
				}
			]
		}
	]
}