{
	"credit": "Made with Blockbench",
	"textures": {
		"0": "block/treasure/normal",
		"1": "block/sand",
		"particle": "block/treasure/normal"
	},
	"elements": [
		{
			"from": [2, -3, 2],
			"to": [15, 3, 3],
			"rotation": {"angle": 45, "axis": "z", "origin": [8.5, 3, 6]},
			"faces": {
				"north": {"uv": [2.5, 8, 9, 11], "texture": "#0"},
				"east": {"uv": [8.5, 8, 9, 11], "texture": "#0"},
				"south": {"uv": [2.5, 8, 9, 11], "texture": "#0"},
				"west": {"uv": [8.5, 8, 9, 11], "texture": "#0"},
				"up": {"uv": [2.5, 8, 9, 8.5], "texture": "#0"},
				"down": {"uv": [2.5, 8, 9, 8.5], "texture": "#0"}
			}
		},
		{
			"from": [2, -3, 11],
			"to": [15, 3, 12],
			"rotation": {"angle": 45, "axis": "z", "origin": [8.5, 3, 6]},
			"faces": {
				"north": {"uv": [2.5, 8, 9, 11], "texture": "#0"},
				"east": {"uv": [8.5, 8, 9, 11], "texture": "#0"},
				"south": {"uv": [2.5, 8, 9, 11], "texture": "#0"},
				"west": {"uv": [8.5, 8, 9, 11], "texture": "#0"},
				"up": {"uv": [2.5, 8, 9, 8.5], "texture": "#0"},
				"down": {"uv": [2.5, 8, 9, 8.5], "texture": "#0"}
			}
		},
		{
			"from": [17.61091, -5.96016, 3],
			"to": [18.61091, 0.03984, 11],
			"rotation": {"angle": 45, "axis": "z", "origin": [7.11091, -2.96016, 7]},
			"faces": {
				"north": {"uv": [9.5, 8, 10, 10.5], "texture": "#0"},
				"east": {"uv": [10, 8, 15.5, 11], "texture": "#0"},
				"south": {"uv": [9.5, 8, 10, 10.5], "texture": "#0"},
				"west": {"uv": [10, 8, 15.5, 11], "texture": "#0"},
				"up": {"uv": [10, 8, 15.5, 8.5], "texture": "#0"},
				"down": {"uv": [10, 8, 15.5, 8.5], "texture": "#0"}
			}
		},
		{
			"from": [2, 0, 3],
			"to": [11, 1, 11],
			"rotation": {"angle": 45, "axis": "z", "origin": [10, 8, 9]},
			"faces": {
				"north": {"uv": [0, 0, 9, 1], "texture": "#missing"},
				"east": {"uv": [9.5, 2.5, 16, 3], "texture": "#0"},
				"south": {"uv": [0, 0, 9, 1], "texture": "#missing"},
				"west": {"uv": [9.5, 2.5, 16, 3], "texture": "#0"},
				"up": {"uv": [9.5, 2.5, 16, 7.5], "texture": "#0"},
				"down": {"uv": [9.5, 2.5, 16, 7.5], "texture": "#0"}
			}
		},
		{
			"from": [-6, 4, 2],
			"to": [7, 8, 12],
			"rotation": {"angle": 22.5, "axis": "z", "origin": [9, 8, 9]},
			"faces": {
				"north": {"uv": [2.5, 0, 9, 2], "texture": "#0"},
				"east": {"uv": [9.5, 0, 16, 2], "texture": "#0"},
				"south": {"uv": [2.5, 0, 9, 2], "texture": "#0"},
				"west": {"uv": [9.5, 0, 16, 2], "texture": "#0"},
				"up": {"uv": [9.5, 2.5, 16, 7.5], "texture": "#0"},
				"down": {"uv": [2.5, 2.5, 9, 7.5], "texture": "#0"}
			}
		},
		{
			"from": [-1, 3, 1],
			"to": [2, 6, 2],
			"rotation": {"angle": 22.5, "axis": "z", "origin": [8, 8, 9]},
			"faces": {
				"north": {"uv": [0.5, 9, 2, 11], "texture": "#0"},
				"east": {"uv": [1.5, 9, 2, 11], "texture": "#0"},
				"south": {"uv": [0.5, 9, 2, 11], "texture": "#0"},
				"west": {"uv": [1.5, 9, 2, 11], "texture": "#0"},
				"up": {"uv": [0.5, 10.5, 2, 11], "texture": "#0"},
				"down": {"uv": [0.5, 10.5, 2, 11], "texture": "#0"}
			}
		},
		{
			"from": [10, 0, 7],
			"to": [12, 2, 9],
			"rotation": {"angle": 0, "axis": "y", "origin": [8, 8, 9]},
			"faces": {
				"north": {"uv": [0.5, 3, 1.5, 4], "texture": "#0"},
				"east": {"uv": [0.5, 3, 1.5, 4], "texture": "#0"},
				"south": {"uv": [0.5, 3, 1.5, 4], "texture": "#0"},
				"west": {"uv": [0.5, 3, 1.5, 4], "texture": "#0"},
				"up": {"uv": [0.5, 3, 1.5, 4], "texture": "#0"},
				"down": {"uv": [0.5, 3, 1.5, 4], "texture": "#0"}
			}
		},
		{
			"from": [10, 1, 8],
			"to": [12, 3, 10],
			"rotation": {"angle": 22.5, "axis": "z", "origin": [11, 2, 9]},
			"faces": {
				"north": {"uv": [0.5, 3, 1.5, 4], "texture": "#0"},
				"east": {"uv": [0.5, 3, 1.5, 4], "texture": "#0"},
				"south": {"uv": [0.5, 3, 1.5, 4], "texture": "#0"},
				"west": {"uv": [0.5, 3, 1.5, 4], "texture": "#0"},
				"up": {"uv": [0.5, 3, 1.5, 4], "texture": "#0"},
				"down": {"uv": [0.5, 3, 1.5, 4], "texture": "#0"}
			}
		},
		{
			"from": [10, 1, 4],
			"to": [12, 3, 6],
			"rotation": {"angle": 0, "axis": "y", "origin": [8, 8, 9]},
			"faces": {
				"north": {"uv": [0.5, 3, 1.5, 4], "texture": "#0"},
				"east": {"uv": [0.5, 3, 1.5, 4], "texture": "#0"},
				"south": {"uv": [0.5, 3, 1.5, 4], "texture": "#0"},
				"west": {"uv": [0.5, 3, 1.5, 4], "texture": "#0"},
				"up": {"uv": [0.5, 3, 1.5, 4], "texture": "#0"},
				"down": {"uv": [0.5, 3, 1.5, 4], "texture": "#0"}
			}
		},
		{
			"from": [9, -1, 6],
			"to": [11, 1, 8],
			"rotation": {"angle": 0, "axis": "y", "origin": [8, 8, 9]},
			"faces": {
				"north": {"uv": [0.5, 3, 1.5, 4], "texture": "#0"},
				"east": {"uv": [0.5, 3, 1.5, 4], "texture": "#0"},
				"south": {"uv": [0.5, 3, 1.5, 4], "texture": "#0"},
				"west": {"uv": [0.5, 3, 1.5, 4], "texture": "#0"},
				"up": {"uv": [0.5, 3, 1.5, 4], "texture": "#0"},
				"down": {"uv": [0.5, 3, 1.5, 4], "texture": "#0"}
			}
		},
		{
			"from": [7, -1, 5],
			"to": [9, 1, 9],
			"rotation": {"angle": 0, "axis": "y", "origin": [8, 8, 9]},
			"faces": {
				"north": {"uv": [0.5, 3, 1.5, 4], "texture": "#0"},
				"east": {"uv": [13.5, 12.5, 14.5, 14.5], "texture": "#0"},
				"south": {"uv": [0.5, 3, 1.5, 4], "texture": "#0"},
				"west": {"uv": [13.5, 12.5, 14.5, 14.5], "texture": "#0"},
				"up": {"uv": [13.5, 12.5, 14.5, 14.5], "texture": "#0"},
				"down": {"uv": [13.5, 12.5, 14.5, 14.5], "texture": "#0"}
			}
		},
		{
			"from": [8, 0, 1],
			"to": [15, 2, 4],
			"rotation": {"angle": 0, "axis": "y", "origin": [8, 8, 9]},
			"faces": {
				"north": {"uv": [0, 0, 7, 2], "texture": "#1"},
				"east": {"uv": [0, 0, 3, 2], "texture": "#1"},
				"south": {"uv": [0, 0, 7, 2], "texture": "#1"},
				"west": {"uv": [0, 0, 3, 2], "texture": "#1"},
				"up": {"uv": [0, 0, 7, 3], "texture": "#1"},
				"down": {"uv": [0, 0, 7, 3], "texture": "#1"}
			}
		},
		{
			"from": [6, 0, 14],
			"to": [7, 1, 15],
			"rotation": {"angle": 0, "axis": "y", "origin": [8, 8, 9]},
			"faces": {
				"north": {"uv": [0, 0, 1, 1], "texture": "#1"},
				"east": {"uv": [0, 0, 1, 1], "texture": "#1"},
				"south": {"uv": [0, 0, 1, 1], "texture": "#1"},
				"west": {"uv": [0, 0, 1, 1], "texture": "#1"},
				"up": {"uv": [0, 0, 1, 1], "texture": "#1"},
				"down": {"uv": [0, 0, 1, 1], "texture": "#1"}
			}
		},
		{
			"from": [10, 0, 12],
			"to": [13, 2, 14],
			"rotation": {"angle": 22.5, "axis": "y", "origin": [8, 8, 9]},
			"faces": {
				"north": {"uv": [0, 0, 3, 2], "texture": "#1"},
				"east": {"uv": [0, 0, 2, 2], "texture": "#1"},
				"south": {"uv": [0, 0, 3, 2], "texture": "#1"},
				"west": {"uv": [0, 0, 2, 2], "texture": "#1"},
				"up": {"uv": [0, 0, 3, 2], "texture": "#1"},
				"down": {"uv": [0, 0, 3, 2], "texture": "#1"}
			}
		},
		{
			"from": [0, 0, 3],
			"to": [4, 1, 16],
			"rotation": {"angle": -22.5, "axis": "y", "origin": [8, 8, 9]},
			"faces": {
				"north": {"uv": [0, 0, 4, 1], "texture": "#1"},
				"east": {"uv": [0, 0, 13, 1], "texture": "#1"},
				"south": {"uv": [0, 0, 4, 1], "texture": "#1"},
				"west": {"uv": [0, 0, 13, 1], "texture": "#1"},
				"up": {"uv": [0, 0, 4, 13], "texture": "#1"},
				"down": {"uv": [0, 0, 4, 13], "texture": "#1"}
			}
		},
		{
			"from": [4, 0, 5],
			"to": [7, 2, 8],
			"rotation": {"angle": 0, "axis": "y", "origin": [8, 8, 9]},
			"faces": {
				"north": {"uv": [0, 0, 3, 2], "texture": "#1"},
				"east": {"uv": [0, 0, 3, 2], "texture": "#1"},
				"south": {"uv": [0, 0, 3, 2], "texture": "#1"},
				"west": {"uv": [0, 0, 3, 2], "texture": "#1"},
				"up": {"uv": [0, 0, 3, 3], "texture": "#1"},
				"down": {"uv": [0, 0, 3, 3], "texture": "#1"}
			}
		}
	]
}