{
	"credit": "Made with Blockbench",
	"parent": "block/leaves",
	"textures": {
		"0": "block/leaves_jungle",
		"1": "block/leaves_jungle_a",
		"2": "block/mango/mango",
		"particle": "block/leaves_jungle"
	},
	"elements": [
		{
			"from": [0, 0, 0],
			"to": [16, 16, 16],
			"faces": {
				"north": {"uv": [0, 0, 16, 16], "texture": "#0", "tintindex": 0},
				"east": {"uv": [0, 0, 16, 16], "texture": "#0", "tintindex": 0},
				"south": {"uv": [0, 0, 16, 16], "texture": "#0", "tintindex": 0},
				"west": {"uv": [0, 0, 16, 16], "texture": "#0", "tintindex": 0},
				"up": {"uv": [0, 0, 16, 16], "texture": "#0", "tintindex": 0},
				"down": {"uv": [0, 0, 16, 16], "texture": "#0", "tintindex": 0}
			}
		},
		{
			"from": [-8.5535, -9, 8.05042],
			"to": [23.4465, 24, 8.05042],
			"shade": false,
			"rotation": {"angle": 22.5, "axis": "y", "origin": [7.91007, 7.5, 8.12799]},
			"faces": {
				"north": {"uv": [0, 0, 16, 16], "rotation": 180, "texture": "#1", "tintindex": 0},
				"east": {"uv": [0, 0, 16, 0], "rotation": 270, "texture": "#missing"},
				"south": {"uv": [0, 0, 16, 16], "texture": "#1", "tintindex": 0},
				"west": {"uv": [0, 0, 16, 0], "rotation": 90, "texture": "#1"},
				"up": {"uv": [0, 0, 16, 0], "texture": "#1", "tintindex": 0},
				"down": {"uv": [0, 0, 16, 0], "rotation": 180, "texture": "#missing"}
			}
		},
		{
			"from": [8.46038, -9, -7.8808],
			"to": [8.46038, 24, 24.1192],
			"shade": false,
			"rotation": {"angle": 0, "axis": "y", "origin": [7.91007, 7.5, 8.12799]},
			"faces": {
				"north": {"uv": [0, 0, 16, 0], "rotation": 270, "texture": "#missing"},
				"east": {"uv": [0, 0, 16, 16], "texture": "#1", "tintindex": 0},
				"south": {"uv": [0, 0, 16, 0], "rotation": 90, "texture": "#missing"},
				"west": {"uv": [0, 0, 16, 16], "rotation": 180, "texture": "#1", "tintindex": 0},
				"up": {"uv": [0, 0, 16, 0], "rotation": 270, "texture": "#1", "tintindex": 0},
				"down": {"uv": [0, 0, 16, 0], "rotation": 270, "texture": "#missing"}
			}
		},
		{
			"from": [-8.3035, -9, 7.80912],
			"to": [23.6965, 24, 7.80912],
			"shade": false,
			"rotation": {"angle": 0, "axis": "y", "origin": [7.91007, 7.5, 8.12799]},
			"faces": {
				"north": {"uv": [0, 0, 16, 16], "rotation": 180, "texture": "#1", "tintindex": 0},
				"east": {"uv": [0, 0, 16, 0], "rotation": 270, "texture": "#missing"},
				"south": {"uv": [0, 0, 16, 16], "texture": "#1", "tintindex": 0},
				"west": {"uv": [0, 0, 16, 0], "rotation": 90, "texture": "#missing"},
				"up": {"uv": [0, 0, 16, 0], "texture": "#1", "tintindex": 0},
				"down": {"uv": [0, 0, 16, 0], "rotation": 180, "texture": "#missing"}
			}
		},
		{
			"from": [7.90382, -9, -7.80085],
			"to": [7.90382, 24, 24.19915],
			"shade": false,
			"rotation": {"angle": -45, "axis": "y", "origin": [7.91007, 7.5, 8.12799]},
			"faces": {
				"north": {"uv": [0, 0, 16, 0], "rotation": 90, "texture": "#1"},
				"east": {"uv": [0, 0, 16, 16], "rotation": 180, "texture": "#1", "tintindex": 0},
				"south": {"uv": [0, 0, 16, 0], "rotation": 270, "texture": "#1"},
				"west": {"uv": [0, 0, 16, 16], "texture": "#1", "tintindex": 0},
				"up": {"uv": [0, 0, 16, 0], "rotation": 90, "texture": "#1", "tintindex": 0},
				"down": {"uv": [0, 0, 16, 0], "rotation": 90, "texture": "#missing"}
			}
		},
		{
			"from": [1, -3, -4],
			"to": [6, 3, 0],
			"rotation": {"angle": 0, "axis": "y", "origin": [8, 5, 4]},
			"faces": {
				"north": {"uv": [1, 2, 8, 11], "texture": "#2"},
				"east": {"uv": [3, 2, 7, 11], "texture": "#2"},
				"south": {"uv": [1, 2, 8, 11], "texture": "#2"},
				"west": {"uv": [3, 2, 7, 11], "texture": "#2"},
				"up": {"uv": [1, 4, 8, 8], "texture": "#2"},
				"down": {"uv": [1, 4, 8, 8], "texture": "#2"}
			}
		},
		{
			"from": [2, -4, -3],
			"to": [5, 4, -1],
			"rotation": {"angle": 0, "axis": "y", "origin": [8, 5, 4]},
			"faces": {
				"north": {"uv": [1, 2, 8, 11], "texture": "#2"},
				"east": {"uv": [1, 2, 4, 11], "texture": "#2"},
				"south": {"uv": [1, 2, 4, 11], "texture": "#2"},
				"west": {"uv": [1, 2, 4, 11], "texture": "#2"},
				"up": {"uv": [3, 6, 7, 8], "texture": "#2"},
				"down": {"uv": [3, 6, 7, 8], "texture": "#2"}
			}
		},
		{
			"from": [10, 9, 16],
			"to": [15, 15, 20],
			"rotation": {"angle": 0, "axis": "y", "origin": [17, 17, 24]},
			"faces": {
				"north": {"uv": [1, 2, 8, 11], "texture": "#2"},
				"east": {"uv": [3, 2, 7, 11], "texture": "#2"},
				"south": {"uv": [1, 2, 8, 11], "texture": "#2"},
				"west": {"uv": [3, 2, 7, 11], "texture": "#2"},
				"up": {"uv": [1, 4, 8, 8], "texture": "#2"},
				"down": {"uv": [1, 4, 8, 8], "texture": "#2"}
			}
		},
		{
			"from": [11, 8, 17],
			"to": [14, 16, 19],
			"rotation": {"angle": 0, "axis": "y", "origin": [17, 17, 24]},
			"faces": {
				"north": {"uv": [1, 2, 8, 11], "texture": "#2"},
				"east": {"uv": [1, 2, 4, 11], "texture": "#2"},
				"south": {"uv": [1, 2, 4, 11], "texture": "#2"},
				"west": {"uv": [1, 2, 4, 11], "texture": "#2"},
				"up": {"uv": [3, 6, 7, 8], "texture": "#2"},
				"down": {"uv": [3, 6, 7, 8], "texture": "#2"}
			}
		}
	],
	"groups": [
		{
			"name": "LEAF",
			"shade": false,
			"origin": [8, 8, 8],
			"children": [0, 1, 2, 3, 4]
		}, 5, 6, 7, 8]
}