{
	"credit": "Made with Blockbench",
	"ambientocclusion": false,
	"textures": {
		"0": "block/other_plants/levender",
		"particle": "block/other_plants/levender"
	},
	"elements": [
		{
			"from": [2, 0, 3],
			"to": [13, 9, 3],
			"rotation": {"angle": -22.5, "axis": "x", "origin": [7.5, 0.5, 4]},
			"faces": {
				"north": {"uv": [15, 0, 4, 9], "texture": "#0"},
				"east": {"uv": [0, 0, 0, 9], "texture": "#missing"},
				"south": {"uv": [4, 0, 15, 9], "texture": "#0"},
				"west": {"uv": [0, 0, 0, 9], "texture": "#missing"},
				"up": {"uv": [0, 0, 11, 0], "texture": "#missing"},
				"down": {"uv": [0, 0, 11, 0], "texture": "#missing"}
			}
		},
		{
			"from": [2, -2, 5],
			"to": [13, 7, 5],
			"rotation": {"angle": 0, "axis": "x", "origin": [7.5, -1.5, 4]},
			"faces": {
				"north": {"uv": [15, 0, 4, 9], "texture": "#0"},
				"east": {"uv": [0, 0, 0, 9], "texture": "#0"},
				"south": {"uv": [4, 0, 15, 9], "texture": "#0"},
				"west": {"uv": [0, 0, 0, 9], "texture": "#0"},
				"up": {"uv": [0, 0, 11, 0], "texture": "#0"},
				"down": {"uv": [0, 0, 11, 0], "texture": "#0"}
			}
		},
		{
			"from": [2, -2, 9],
			"to": [13, 7, 9],
			"rotation": {"angle": 0, "axis": "y", "origin": [7.5, -1.5, 4]},
			"faces": {
				"north": {"uv": [15, 0, 4, 9], "texture": "#0"},
				"east": {"uv": [0, 0, 0, 9], "texture": "#0"},
				"south": {"uv": [4, 0, 15, 9], "texture": "#0"},
				"west": {"uv": [0, 0, 0, 9], "texture": "#0"},
				"up": {"uv": [0, 0, 11, 0], "texture": "#0"},
				"down": {"uv": [0, 0, 11, 0], "texture": "#0"}
			}
		},
		{
			"from": [9.5, -2, 1.5],
			"to": [9.5, 7, 12.5],
			"rotation": {"angle": 0, "axis": "y", "origin": [7.5, 2.5, 7]},
			"faces": {
				"north": {"uv": [0, 0, 0, 9], "texture": "#0"},
				"east": {"uv": [15, 0, 4, 9], "texture": "#0"},
				"south": {"uv": [0, 0, 0, 9], "texture": "#0"},
				"west": {"uv": [4, 0, 15, 9], "texture": "#0"},
				"up": {"uv": [0, 0, 11, 0], "rotation": 90, "texture": "#0"},
				"down": {"uv": [0, 0, 11, 0], "rotation": 270, "texture": "#0"}
			}
		},
		{
			"from": [5.5, -2, 1.5],
			"to": [5.5, 7, 12.5],
			"rotation": {"angle": 0, "axis": "y", "origin": [7.5, 2.5, 7]},
			"faces": {
				"north": {"uv": [0, 0, 0, 9], "texture": "#0"},
				"east": {"uv": [15, 0, 4, 9], "texture": "#0"},
				"south": {"uv": [0, 0, 0, 9], "texture": "#0"},
				"west": {"uv": [4, 0, 15, 9], "texture": "#0"},
				"up": {"uv": [0, 0, 11, 0], "rotation": 90, "texture": "#0"},
				"down": {"uv": [0, 0, 11, 0], "rotation": 270, "texture": "#0"}
			}
		},
		{
			"from": [2, 3, 9],
			"to": [13, 12, 9],
			"rotation": {"angle": 45, "axis": "x", "origin": [7.5, 0.5, 4]},
			"faces": {
				"north": {"uv": [15, 0, 4, 9], "texture": "#0"},
				"east": {"uv": [0, 0, 0, 9], "texture": "#0"},
				"south": {"uv": [4, 0, 15, 9], "texture": "#0"},
				"west": {"uv": [0, 0, 0, 9], "texture": "#0"},
				"up": {"uv": [0, 0, 11, 0], "texture": "#0"},
				"down": {"uv": [0, 0, 11, 0], "texture": "#0"}
			}
		},
		{
			"from": [5.5, 1, 2.5],
			"to": [5.5, 10, 13.5],
			"rotation": {"angle": 45, "axis": "z", "origin": [7.5, 0.5, 4]},
			"faces": {
				"north": {"uv": [0, 0, 0, 9], "texture": "#0"},
				"east": {"uv": [15, 0, 4, 9], "texture": "#0"},
				"south": {"uv": [0, 0, 0, 9], "texture": "#0"},
				"west": {"uv": [4, 0, 15, 9], "texture": "#0"},
				"up": {"uv": [0, 0, 11, 0], "rotation": 90, "texture": "#0"},
				"down": {"uv": [0, 0, 11, 0], "rotation": 270, "texture": "#0"}
			}
		},
		{
			"from": [9.5, 1, 2.5],
			"to": [9.5, 10, 13.5],
			"rotation": {"angle": -45, "axis": "z", "origin": [7.5, 0.5, 4]},
			"faces": {
				"north": {"uv": [0, 0, 0, 9], "texture": "#0"},
				"east": {"uv": [15, 0, 4, 9], "texture": "#0"},
				"south": {"uv": [0, 0, 0, 9], "texture": "#0"},
				"west": {"uv": [4, 0, 15, 9], "texture": "#0"},
				"up": {"uv": [0, 0, 11, 0], "rotation": 90, "texture": "#0"},
				"down": {"uv": [0, 0, 11, 0], "rotation": 270, "texture": "#0"}
			}
		},
		{
			"from": [6, 2, 10],
			"to": [6, 16, 13],
			"rotation": {"angle": 0, "axis": "y", "origin": [6, 9, 11.5]},
			"faces": {
				"north": {"uv": [0, 0, 0, 14], "texture": "#0"},
				"east": {"uv": [0, 0, 3, 14], "texture": "#0"},
				"south": {"uv": [0, 0, 0, 14], "texture": "#0"},
				"west": {"uv": [0, 0, 3, 14], "texture": "#0"},
				"up": {"uv": [0, 0, 0, 3], "texture": "#0"},
				"down": {"uv": [0, 0, 0, 3], "texture": "#0"}
			}
		},
		{
			"from": [4.5, 2, 11.5],
			"to": [7.5, 16, 11.5],
			"rotation": {"angle": 0, "axis": "y", "origin": [6, 9, 11.5]},
			"faces": {
				"north": {"uv": [0, 0, 3, 14], "texture": "#0"},
				"east": {"uv": [0, 0, 0, 14], "texture": "#0"},
				"south": {"uv": [0, 0, 3, 14], "texture": "#0"},
				"west": {"uv": [0, 0, 0, 14], "texture": "#0"},
				"up": {"uv": [0, 0, 0, 3], "rotation": 90, "texture": "#0"},
				"down": {"uv": [0, 0, 0, 3], "rotation": 270, "texture": "#0"}
			}
		},
		{
			"from": [6, 2, 3],
			"to": [6, 16, 6],
			"rotation": {"angle": 0, "axis": "y", "origin": [6, 9, 4.5]},
			"faces": {
				"north": {"uv": [0, 0, 3, 14], "texture": "#0"},
				"east": {"uv": [0, 0, 3, 14], "texture": "#0"},
				"south": {"uv": [0, 0, 0, 14], "texture": "#0"},
				"west": {"uv": [0, 0, 3, 14], "texture": "#0"},
				"up": {"uv": [0, 0, 0, 3], "texture": "#0"},
				"down": {"uv": [0, 0, 0, 3], "texture": "#0"}
			}
		},
		{
			"from": [4.5, 2, 4.5],
			"to": [7.5, 16, 4.5],
			"rotation": {"angle": 0, "axis": "y", "origin": [6, 9, 4.5]},
			"faces": {
				"north": {"uv": [0, 0, 3, 14], "texture": "#0"},
				"east": {"uv": [0, 0, 0, 14], "texture": "#0"},
				"south": {"uv": [0, 0, 3, 14], "texture": "#0"},
				"west": {"uv": [0, 0, 0, 14], "texture": "#0"},
				"up": {"uv": [0, 0, 0, 3], "rotation": 90, "texture": "#0"},
				"down": {"uv": [0, 0, 0, 3], "rotation": 270, "texture": "#0"}
			}
		},
		{
			"from": [6, 0, 6],
			"to": [6, 14, 9],
			"rotation": {"angle": 0, "axis": "y", "origin": [6, 7, 7.5]},
			"faces": {
				"north": {"uv": [0, 0, 0, 14], "texture": "#0"},
				"east": {"uv": [0, 0, 3, 14], "texture": "#0"},
				"south": {"uv": [0, 0, 0, 14], "texture": "#0"},
				"west": {"uv": [0, 0, 3, 14], "texture": "#0"},
				"up": {"uv": [0, 0, 0, 3], "texture": "#0"},
				"down": {"uv": [0, 0, 0, 3], "texture": "#0"}
			}
		},
		{
			"from": [4.5, 0, 7.5],
			"to": [7.5, 14, 7.5],
			"rotation": {"angle": 0, "axis": "y", "origin": [6, 7, 7.5]},
			"faces": {
				"north": {"uv": [0, 0, 3, 14], "texture": "#0"},
				"east": {"uv": [0, 0, 0, 14], "texture": "#0"},
				"south": {"uv": [0, 0, 3, 14], "texture": "#0"},
				"west": {"uv": [0, 0, 0, 14], "texture": "#0"},
				"up": {"uv": [0, 0, 0, 3], "rotation": 90, "texture": "#0"},
				"down": {"uv": [0, 0, 0, 3], "rotation": 270, "texture": "#0"}
			}
		},
		{
			"from": [11, 1, 8],
			"to": [11, 15, 11],
			"rotation": {"angle": 0, "axis": "y", "origin": [11, 8, 9.5]},
			"faces": {
				"north": {"uv": [0, 0, 0, 14], "texture": "#0"},
				"east": {"uv": [0, 0, 3, 14], "texture": "#0"},
				"south": {"uv": [0, 0, 0, 14], "texture": "#0"},
				"west": {"uv": [0, 0, 3, 14], "texture": "#0"},
				"up": {"uv": [0, 0, 0, 3], "texture": "#0"},
				"down": {"uv": [0, 0, 0, 3], "texture": "#0"}
			}
		},
		{
			"from": [9.5, 1, 9.5],
			"to": [12.5, 15, 9.5],
			"rotation": {"angle": 0, "axis": "y", "origin": [11, 8, 9.5]},
			"faces": {
				"north": {"uv": [0, 0, 3, 14], "texture": "#0"},
				"east": {"uv": [0, 0, 0, 14], "texture": "#0"},
				"south": {"uv": [0, 0, 3, 14], "texture": "#0"},
				"west": {"uv": [0, 0, 0, 14], "texture": "#0"},
				"up": {"uv": [0, 0, 0, 3], "rotation": 90, "texture": "#0"},
				"down": {"uv": [0, 0, 0, 3], "rotation": 270, "texture": "#0"}
			}
		},
		{
			"from": [9, 0, 4],
			"to": [9, 14, 7],
			"rotation": {"angle": 0, "axis": "y", "origin": [9, 7, 5.5]},
			"faces": {
				"north": {"uv": [0, 0, 0, 14], "texture": "#0"},
				"east": {"uv": [0, 0, 3, 14], "texture": "#0"},
				"south": {"uv": [0, 0, 0, 14], "texture": "#0"},
				"west": {"uv": [0, 0, 3, 14], "texture": "#0"},
				"up": {"uv": [0, 0, 0, 3], "texture": "#0"},
				"down": {"uv": [0, 0, 0, 3], "texture": "#0"}
			}
		},
		{
			"from": [7.5, 0, 5.5],
			"to": [10.5, 14, 5.5],
			"rotation": {"angle": 0, "axis": "y", "origin": [9, 7, 5.5]},
			"faces": {
				"north": {"uv": [0, 0, 3, 14], "texture": "#0"},
				"east": {"uv": [0, 0, 0, 14], "texture": "#0"},
				"south": {"uv": [0, 0, 3, 14], "texture": "#0"},
				"west": {"uv": [0, 0, 0, 14], "texture": "#0"},
				"up": {"uv": [0, 0, 0, 3], "rotation": 90, "texture": "#0"},
				"down": {"uv": [0, 0, 0, 3], "rotation": 270, "texture": "#0"}
			}
		}
	],
	"groups": [0, 1, 2, 3, 4, 5, 6, 7,
		{
			"name": "1",
			"origin": [6, 9, 11.5],
			"children": [8, 9,
				{
					"name": "1",
					"origin": [6, 9, 11.5],
					"children": [10, 11]
				}
			]
		},
		{
			"name": "1",
			"origin": [6, 9, 11.5],
			"children": [12, 13]
		},
		{
			"name": "1",
			"origin": [6, 9, 11.5],
			"children": [14, 15]
		},
		{
			"name": "1",
			"origin": [6, 9, 11.5],
			"children": [16, 17]
		}
	]
}