{
	"credit": "Made with Blockbench",
	"ambientocclusion": false,
	"textures": {
		"0": "block/lilac/lilac_",
		"particle": "block/lilac/lilac_"
	},
	"elements": [
		{
			"from": [1, 0, 7],
			"to": [16, 30, 7],
			"rotation": {"angle": 0, "axis": "y", "origin": [8.5, 15, 7]},
			"faces": {
				"north": {"uv": [0, 1, 7.5, 16], "texture": "#0"},
				"east": {"uv": [0, 0, 0, 16], "texture": "#missing"},
				"south": {"uv": [7.5, 1, 0, 16], "texture": "#0"},
				"west": {"uv": [0, 0, 0, 16], "texture": "#missing"},
				"up": {"uv": [0, 0, 15, 0], "texture": "#missing"},
				"down": {"uv": [0, 0, 15, 0], "texture": "#missing"}
			}
		},
		{
			"from": [1, 0, 7],
			"to": [16, 30, 7],
			"rotation": {"angle": -45, "axis": "y", "origin": [8.5, 15, 7]},
			"faces": {
				"north": {"uv": [0, 1, 7.5, 16], "texture": "#0"},
				"east": {"uv": [0, 0, 0, 16], "texture": "#0"},
				"south": {"uv": [7.5, 1, 0, 16], "texture": "#0"},
				"west": {"uv": [0, 0, 0, 16], "texture": "#0"},
				"up": {"uv": [0, 0, 15, 0], "texture": "#0"},
				"down": {"uv": [0, 0, 15, 0], "texture": "#0"}
			}
		},
		{
			"from": [1, 0, 7],
			"to": [16, 30, 7],
			"rotation": {"angle": 45, "axis": "y", "origin": [8.5, 15, 7]},
			"faces": {
				"north": {"uv": [0, 1, 7.5, 16], "texture": "#0"},
				"east": {"uv": [0, 0, 0, 16], "texture": "#0"},
				"south": {"uv": [7.5, 1, 0, 16], "texture": "#0"},
				"west": {"uv": [0, 0, 0, 16], "texture": "#0"},
				"up": {"uv": [0, 0, 15, 0], "texture": "#0"},
				"down": {"uv": [0, 0, 15, 0], "texture": "#0"}
			}
		},
		{
			"from": [9.1194, 17.6194, 8.5],
			"to": [9.1194, 22.6194, 13.5],
			"rotation": {"angle": -22.5, "axis": "z", "origin": [4.5, 18.5, 4]},
			"faces": {
				"north": {"uv": [0, 0, 0, 5], "rotation": 180, "texture": "#0"},
				"east": {"uv": [12.5, 0.5, 7.5, 5.5], "rotation": 180, "texture": "#0"},
				"south": {"uv": [0, 0, 0, 5], "rotation": 180, "texture": "#0"},
				"west": {"uv": [7.5, 0.5, 12.5, 5.5], "rotation": 180, "texture": "#0"},
				"up": {"uv": [0, 0, 5, 0], "rotation": 90, "texture": "#0"},
				"down": {"uv": [0, 0, 5, 0], "rotation": 270, "texture": "#0"}
			}
		},
		{
			"from": [2, 18.5, 1.5],
			"to": [7, 18.5, 6.5],
			"rotation": {"angle": -22.5, "axis": "x", "origin": [4.5, 18.5, 4]},
			"faces": {
				"north": {"uv": [7.5, 0.5, 12.5, 5.5], "texture": "#0"},
				"east": {"uv": [0, 0, 0, 5], "rotation": 270, "texture": "#missing"},
				"south": {"uv": [0, 0, 5, 0], "texture": "#missing"},
				"west": {"uv": [0, 0, 0, 5], "rotation": 90, "texture": "#missing"},
				"up": {"uv": [7.5, 0.5, 12.5, 5.5], "rotation": 180, "texture": "#0"},
				"down": {"uv": [12.5, 0.5, 7.5, 5.5], "texture": "#0"}
			}
		},
		{
			"from": [2, 23.5, 3.5],
			"to": [7, 23.5, 8.5],
			"rotation": {"angle": -22.5, "axis": "z", "origin": [4.5, 18.5, 4]},
			"faces": {
				"north": {"uv": [0, 0, 5, 0], "texture": "#0"},
				"east": {"uv": [0, 0, 0, 5], "rotation": 90, "texture": "#0"},
				"south": {"uv": [0, 0, 5, 0], "rotation": 180, "texture": "#0"},
				"west": {"uv": [0, 0, 0, 5], "rotation": 270, "texture": "#0"},
				"up": {"uv": [7.5, 0.5, 12.5, 5.5], "texture": "#0"},
				"down": {"uv": [12.5, 0.5, 7.5, 5.5], "rotation": 180, "texture": "#0"}
			}
		},
		{
			"from": [8.53909, 19, 5.71017],
			"to": [13.53909, 24, 5.71017],
			"rotation": {"angle": 22.5, "axis": "x", "origin": [4.5, 18.5, 4]},
			"faces": {
				"north": {"uv": [7.5, 0.5, 12.5, 5.5], "rotation": 180, "texture": "#0"},
				"east": {"uv": [0, 0, 0, 5], "rotation": 180, "texture": "#0"},
				"south": {"uv": [12.5, 0.5, 7.5, 5.5], "rotation": 180, "texture": "#0"},
				"west": {"uv": [0, 0, 0, 5], "rotation": 180, "texture": "#0"},
				"up": {"uv": [7.5, 0.5, 12.5, 5.5], "texture": "#0"},
				"down": {"uv": [0, 0, 5, 0], "rotation": 180, "texture": "#0"}
			}
		},
		{
			"from": [2, 11.3806, 3.08658],
			"to": [7, 16.3806, 3.08658],
			"rotation": {"angle": 22.5, "axis": "x", "origin": [4.5, 13.8806, 2.08658]},
			"faces": {
				"north": {"uv": [12.5, 0.5, 7.5, 5.5], "texture": "#0"},
				"east": {"uv": [0, 0, 0, 5], "texture": "#0"},
				"south": {"uv": [7.5, 0.5, 12.5, 5.5], "texture": "#0"},
				"west": {"uv": [0, 0, 0, 5], "texture": "#0"},
				"up": {"uv": [0, 0, 5, 0], "rotation": 180, "texture": "#0"},
				"down": {"uv": [7.5, 0.5, 12.5, 5.5], "texture": "#0"}
			}
		},
		{
			"from": [2, 18.5, 1.5],
			"to": [7, 18.5, 6.5],
			"rotation": {"angle": 45, "axis": "x", "origin": [4.5, 18.5, 4]},
			"faces": {
				"north": {"uv": [0, 0, 5, 0], "rotation": 180, "texture": "#0"},
				"east": {"uv": [0, 0, 0, 5], "rotation": 90, "texture": "#0"},
				"south": {"uv": [0, 0, 5, 0], "texture": "#0"},
				"west": {"uv": [0, 0, 0, 5], "rotation": 270, "texture": "#0"},
				"up": {"uv": [12.5, 0.5, 7.5, 5.5], "texture": "#0"},
				"down": {"uv": [7.5, 0.5, 12.5, 5.5], "rotation": 180, "texture": "#0"}
			}
		},
		{
			"from": [9.87641, 23.53909, 5.58658],
			"to": [9.87641, 28.53909, 10.58658],
			"rotation": {"angle": 45, "axis": "z", "origin": [9.87641, 26.03909, 8.08658]},
			"faces": {
				"north": {"uv": [0, 0, 0, 5], "texture": "#0"},
				"east": {"uv": [7.5, 0.5, 12.5, 5.5], "texture": "#0"},
				"south": {"uv": [0, 0, 0, 5], "texture": "#0"},
				"west": {"uv": [12.5, 0.5, 7.5, 5.5], "texture": "#0"},
				"up": {"uv": [0, 0, 5, 0], "rotation": 90, "texture": "#0"},
				"down": {"uv": [7.5, 0.5, 12.5, 5.5], "rotation": 90, "texture": "#0"}
			}
		},
		{
			"from": [10.5, 11.3806, 6.58658],
			"to": [10.5, 16.3806, 11.58658],
			"rotation": {"angle": -45, "axis": "y", "origin": [11.5, 13.8806, 9.08658]},
			"faces": {
				"north": {"uv": [0, 0, 0, 5], "texture": "#0"},
				"east": {"uv": [12.5, 0.5, 7.5, 5.5], "texture": "#0"},
				"south": {"uv": [0, 0, 0, 5], "texture": "#0"},
				"west": {"uv": [7.5, 0.5, 12.5, 5.5], "texture": "#0"},
				"up": {"uv": [0, 0, 5, 0], "rotation": 270, "texture": "#0"},
				"down": {"uv": [7.5, 0.5, 12.5, 5.5], "rotation": 270, "texture": "#0"}
			}
		},
		{
			"from": [4.39048, 11, 8.98005],
			"to": [9.39048, 16, 8.98005],
			"rotation": {"angle": -45, "axis": "y", "origin": [6.89048, 13.5, 6.98005]},
			"faces": {
				"north": {"uv": [12.5, 0.5, 7.5, 5.5], "rotation": 180, "texture": "#0"},
				"east": {"uv": [0, 0, 0, 5], "rotation": 180, "texture": "#0"},
				"south": {"uv": [7.5, 0.5, 12.5, 5.5], "rotation": 180, "texture": "#0"},
				"west": {"uv": [0, 0, 0, 5], "rotation": 180, "texture": "#0"},
				"up": {"uv": [7.5, 0.5, 12.5, 5.5], "rotation": 180, "texture": "#0"},
				"down": {"uv": [0, 0, 5, 0], "texture": "#0"}
			}
		},
		{
			"from": [7, 23.5, 8.5],
			"to": [12, 23.5, 13.5],
			"rotation": {"angle": -45, "axis": "y", "origin": [11.5, 13.8806, 9.08658]},
			"faces": {
				"north": {"uv": [0, 0, 0, 5], "rotation": 270, "texture": "#0"},
				"east": {"uv": [0, 0, 5, 0], "texture": "#0"},
				"south": {"uv": [0, 0, 0, 5], "rotation": 90, "texture": "#0"},
				"west": {"uv": [0, 0, 5, 0], "rotation": 180, "texture": "#0"},
				"up": {"uv": [7.5, 0.5, 12.5, 5.5], "rotation": 90, "texture": "#0"},
				"down": {"uv": [12.5, 0.5, 7.5, 5.5], "rotation": 90, "texture": "#0"}
			}
		},
		{
			"from": [9, 18.5, 8.5],
			"to": [14, 18.5, 13.5],
			"rotation": {"angle": -45, "axis": "y", "origin": [11.5, 13.8806, 9.08658]},
			"faces": {
				"north": {"uv": [0, 0, 0, 5], "rotation": 90, "texture": "#0"},
				"east": {"uv": [7.5, 0.5, 12.5, 5.5], "texture": "#0"},
				"south": {"uv": [0, 0, 0, 5], "rotation": 270, "texture": "#0"},
				"west": {"uv": [0, 0, 5, 0], "texture": "#0"},
				"up": {"uv": [7.5, 0.5, 12.5, 5.5], "rotation": 270, "texture": "#0"},
				"down": {"uv": [12.5, 0.5, 7.5, 5.5], "rotation": 270, "texture": "#0"}
			}
		},
		{
			"from": [8.32151, 12.96959, 4.08658],
			"to": [13.32151, 17.96959, 4.08658],
			"rotation": {"angle": 22.5, "axis": "y", "origin": [10.82151, 15.46959, 4.08658]},
			"faces": {
				"north": {"uv": [12.5, 0.5, 7.5, 5.5], "rotation": 270, "texture": "#0"},
				"east": {"uv": [0, 0, 5, 0], "rotation": 270, "texture": "#0"},
				"south": {"uv": [7.5, 0.5, 12.5, 5.5], "rotation": 90, "texture": "#0"},
				"west": {"uv": [7.5, 0.5, 12.5, 5.5], "rotation": 90, "texture": "#0"},
				"up": {"uv": [0, 0, 0, 5], "rotation": 90, "texture": "#0"},
				"down": {"uv": [0, 0, 0, 5], "rotation": 90, "texture": "#0"}
			}
		},
		{
			"from": [13, 6.46091, 3.71017],
			"to": [18, 11.46091, 3.71017],
			"rotation": {"angle": -22.5, "axis": "z", "origin": [4.5, 18.5, 4]},
			"faces": {
				"north": {"uv": [7.5, 0.5, 12.5, 5.5], "rotation": 270, "texture": "#0"},
				"east": {"uv": [0, 0, 5, 0], "rotation": 90, "texture": "#0"},
				"south": {"uv": [12.5, 0.5, 7.5, 5.5], "rotation": 90, "texture": "#0"},
				"west": {"uv": [7.5, 0.5, 12.5, 5.5], "rotation": 270, "texture": "#0"},
				"up": {"uv": [0, 0, 0, 5], "rotation": 90, "texture": "#0"},
				"down": {"uv": [0, 0, 0, 5], "rotation": 90, "texture": "#0"}
			}
		},
		{
			"from": [11.15848, 15.74299, 5.58658],
			"to": [16.15848, 15.74299, 10.58658],
			"rotation": {"angle": -22.5, "axis": "z", "origin": [4.5, 18.5, 4]},
			"faces": {
				"north": {"uv": [0, 0, 0, 5], "rotation": 270, "texture": "#0"},
				"east": {"uv": [0, 0, 5, 0], "rotation": 180, "texture": "#0"},
				"south": {"uv": [0, 0, 0, 5], "rotation": 90, "texture": "#0"},
				"west": {"uv": [7.5, 0.5, 12.5, 5.5], "rotation": 180, "texture": "#0"},
				"up": {"uv": [12.5, 0.5, 7.5, 5.5], "rotation": 90, "texture": "#0"},
				"down": {"uv": [7.5, 0.5, 12.5, 5.5], "rotation": 90, "texture": "#0"}
			}
		},
		{
			"from": [2, 21.1194, 6.58658],
			"to": [7, 21.1194, 11.58658],
			"rotation": {"angle": -22.5, "axis": "z", "origin": [4.5, 18.5, 4]},
			"faces": {
				"north": {"uv": [0, 0, 0, 5], "rotation": 270, "texture": "#0"},
				"east": {"uv": [0, 0, 5, 0], "texture": "#0"},
				"south": {"uv": [0, 0, 0, 5], "rotation": 90, "texture": "#0"},
				"west": {"uv": [7.5, 0.5, 12.5, 5.5], "texture": "#0"},
				"up": {"uv": [7.5, 0.5, 12.5, 5.5], "rotation": 90, "texture": "#0"},
				"down": {"uv": [12.5, 0.5, 7.5, 5.5], "rotation": 90, "texture": "#0"}
			}
		},
		{
			"from": [6.60952, 18, 8.98005],
			"to": [11.60952, 23, 8.98005],
			"rotation": {"angle": -22.5, "axis": "z", "origin": [4.5, 18.5, 4]},
			"faces": {
				"north": {"uv": [12.5, 0.5, 7.5, 5.5], "rotation": 90, "texture": "#0"},
				"east": {"uv": [7.5, 0.5, 12.5, 5.5], "rotation": 270, "texture": "#0"},
				"south": {"uv": [7.5, 0.5, 12.5, 5.5], "rotation": 270, "texture": "#0"},
				"west": {"uv": [0, 0, 5, 0], "rotation": 90, "texture": "#0"},
				"up": {"uv": [0, 0, 0, 5], "rotation": 270, "texture": "#0"},
				"down": {"uv": [0, 0, 0, 5], "rotation": 270, "texture": "#0"}
			}
		},
		{
			"from": [9.1194, 17.6194, 8.5],
			"to": [9.1194, 22.6194, 13.5],
			"rotation": {"angle": -22.5, "axis": "z", "origin": [4.5, 18.5, 4]},
			"faces": {
				"north": {"uv": [0, 0, 0, 5], "texture": "#0"},
				"east": {"uv": [7.5, 0.5, 12.5, 5.5], "texture": "#0"},
				"south": {"uv": [0, 0, 0, 5], "texture": "#0"},
				"west": {"uv": [12.5, 0.5, 7.5, 5.5], "texture": "#0"},
				"up": {"uv": [0, 0, 5, 0], "rotation": 90, "texture": "#0"},
				"down": {"uv": [7.5, 0.5, 12.5, 5.5], "rotation": 90, "texture": "#0"}
			}
		},
		{
			"from": [2, 12, 5],
			"to": [2, 14, 7],
			"rotation": {"angle": -22.5, "axis": "y", "origin": [2, 10, 6]},
			"faces": {
				"north": {"uv": [0, 0, 0, 2], "texture": "#missing"},
				"east": {"uv": [7.5, 1.5, 9, 3], "texture": "#0"},
				"south": {"uv": [0, 0, 0, 2], "texture": "#missing"},
				"west": {"uv": [7.5, 1.5, 9, 3], "texture": "#0"},
				"up": {"uv": [0, 0, 0, 2], "texture": "#missing"},
				"down": {"uv": [0, 0, 0, 2], "texture": "#missing"}
			}
		},
		{
			"from": [4.41421, 24.29289, 5.12132],
			"to": [6.41421, 24.29289, 7.12132],
			"rotation": {"angle": 45, "axis": "z", "origin": [3.41421, 26.29289, 8.12132]},
			"faces": {
				"north": {"uv": [0, 0, 0, 2], "rotation": 270, "texture": "#0"},
				"east": {"uv": [0, 0, 0, 2], "rotation": 90, "texture": "#0"},
				"south": {"uv": [0, 0, 0, 2], "rotation": 270, "texture": "#0"},
				"west": {"uv": [0, 0, 0, 2], "rotation": 270, "texture": "#0"},
				"up": {"uv": [7.5, 1.5, 9, 3], "texture": "#0"},
				"down": {"uv": [7.5, 1.5, 9, 3], "rotation": 180, "texture": "#0"}
			}
		},
		{
			"from": [7.36396, 20, 8.12132],
			"to": [9.36396, 22, 8.12132],
			"rotation": {"angle": -45, "axis": "z", "origin": [8.36396, 27, 8.12132]},
			"faces": {
				"north": {"uv": [7.5, 1.5, 9, 3], "texture": "#0"},
				"east": {"uv": [0, 0, 0, 2], "texture": "#0"},
				"south": {"uv": [7.5, 1.5, 9, 3], "texture": "#0"},
				"west": {"uv": [0, 0, 0, 2], "texture": "#0"},
				"up": {"uv": [0, 0, 0, 2], "rotation": 90, "texture": "#0"},
				"down": {"uv": [0, 0, 0, 2], "rotation": 270, "texture": "#0"}
			}
		},
		{
			"from": [9.77817, 7.61522, 7.12132],
			"to": [9.77817, 9.61522, 9.12132],
			"rotation": {"angle": -22.5, "axis": "y", "origin": [9.77817, 8.61522, 8.12132]},
			"faces": {
				"north": {"uv": [0, 0, 0, 2], "texture": "#0"},
				"east": {"uv": [7.5, 1.5, 9, 3], "texture": "#0"},
				"south": {"uv": [0, 0, 0, 2], "texture": "#0"},
				"west": {"uv": [7.5, 1.5, 9, 3], "texture": "#0"},
				"up": {"uv": [0, 0, 0, 2], "rotation": 180, "texture": "#0"},
				"down": {"uv": [0, 0, 0, 2], "rotation": 180, "texture": "#0"}
			}
		},
		{
			"from": [20, 14, 6],
			"to": [22, 16, 6],
			"rotation": {"angle": -45, "axis": "z", "origin": [8.36396, 27, 8.12132]},
			"faces": {
				"north": {"uv": [7.5, 1.5, 9, 3], "texture": "#0"},
				"east": {"uv": [0, 0, 0, 2], "texture": "#0"},
				"south": {"uv": [7.5, 1.5, 9, 3], "texture": "#0"},
				"west": {"uv": [0, 0, 0, 2], "texture": "#0"},
				"up": {"uv": [0, 0, 0, 2], "rotation": 90, "texture": "#0"},
				"down": {"uv": [0, 0, 0, 2], "rotation": 270, "texture": "#0"}
			}
		},
		{
			"from": [1, 9, 6],
			"to": [3, 11, 6],
			"rotation": {"angle": -45, "axis": "z", "origin": [2, 10, 6]},
			"faces": {
				"north": {"uv": [7.5, 1.5, 9, 3], "texture": "#0"},
				"east": {"uv": [0, 0, 0, 2], "texture": "#0"},
				"south": {"uv": [7.5, 1.5, 9, 3], "texture": "#0"},
				"west": {"uv": [0, 0, 0, 2], "texture": "#0"},
				"up": {"uv": [0, 0, 0, 2], "rotation": 90, "texture": "#0"},
				"down": {"uv": [0, 0, 0, 2], "rotation": 270, "texture": "#0"}
			}
		},
		{
			"from": [3, 8, 2],
			"to": [5, 10, 2],
			"rotation": {"angle": -22.5, "axis": "y", "origin": [2, 10, 6]},
			"faces": {
				"north": {"uv": [7.5, 1.5, 9, 3], "texture": "#0"},
				"east": {"uv": [0, 0, 0, 2], "texture": "#0"},
				"south": {"uv": [7.5, 1.5, 9, 3], "texture": "#0"},
				"west": {"uv": [0, 0, 0, 2], "texture": "#0"},
				"up": {"uv": [0, 0, 0, 2], "rotation": 90, "texture": "#0"},
				"down": {"uv": [0, 0, 0, 2], "rotation": 270, "texture": "#0"}
			}
		},
		{
			"from": [7.36396, 14, 8.12132],
			"to": [9.36396, 16, 8.12132],
			"rotation": {"angle": 0, "axis": "y", "origin": [8.36396, 15, 8.12132]},
			"faces": {
				"north": {"uv": [7.5, 1.5, 9, 3], "texture": "#0"},
				"east": {"uv": [0, 0, 0, 2], "texture": "#0"},
				"south": {"uv": [7.5, 1.5, 9, 3], "texture": "#0"},
				"west": {"uv": [0, 0, 0, 2], "texture": "#0"},
				"up": {"uv": [0, 0, 0, 2], "rotation": 90, "texture": "#0"},
				"down": {"uv": [0, 0, 0, 2], "rotation": 270, "texture": "#0"}
			}
		},
		{
			"from": [7.36396, 20, 8.12132],
			"to": [9.36396, 22, 8.12132],
			"rotation": {"angle": 0, "axis": "y", "origin": [8.36396, 15, 8.12132]},
			"faces": {
				"north": {"uv": [7.5, 1.5, 9, 3], "texture": "#0"},
				"east": {"uv": [0, 0, 0, 2], "texture": "#0"},
				"south": {"uv": [7.5, 1.5, 9, 3], "texture": "#0"},
				"west": {"uv": [0, 0, 0, 2], "texture": "#0"},
				"up": {"uv": [0, 0, 0, 2], "rotation": 90, "texture": "#0"},
				"down": {"uv": [0, 0, 0, 2], "rotation": 270, "texture": "#0"}
			}
		},
		{
			"from": [7.36396, 27, 7.12132],
			"to": [9.36396, 27, 9.12132],
			"rotation": {"angle": 22.5, "axis": "x", "origin": [8.36396, 27, 8.12132]},
			"faces": {
				"north": {"uv": [0, 0, 0, 2], "rotation": 270, "texture": "#0"},
				"east": {"uv": [0, 0, 0, 2], "rotation": 90, "texture": "#0"},
				"south": {"uv": [0, 0, 0, 2], "rotation": 270, "texture": "#0"},
				"west": {"uv": [0, 0, 0, 2], "rotation": 270, "texture": "#0"},
				"up": {"uv": [7.5, 1.5, 9, 3], "texture": "#0"},
				"down": {"uv": [7.5, 1.5, 9, 3], "rotation": 180, "texture": "#0"}
			}
		},
		{
			"from": [10.68417, 20, 7.75844],
			"to": [10.68417, 22, 9.75844],
			"rotation": {"angle": -22.5, "axis": "y", "origin": [9.34262, 16.22452, 10.77978]},
			"faces": {
				"north": {"uv": [0, 0, 0, 2], "texture": "#0"},
				"east": {"uv": [7.5, 1.5, 9, 3], "texture": "#0"},
				"south": {"uv": [0, 0, 0, 2], "texture": "#0"},
				"west": {"uv": [7.5, 1.5, 9, 3], "texture": "#0"},
				"up": {"uv": [0, 0, 0, 2], "texture": "#0"},
				"down": {"uv": [0, 0, 0, 2], "texture": "#0"}
			}
		},
		{
			"from": [10.68417, 14, 7.75844],
			"to": [10.68417, 16, 9.75844],
			"rotation": {"angle": -22.5, "axis": "y", "origin": [9.34262, 16.22452, 10.77978]},
			"faces": {
				"north": {"uv": [0, 0, 0, 2], "texture": "#0"},
				"east": {"uv": [7.5, 1.5, 9, 3], "texture": "#0"},
				"south": {"uv": [0, 0, 0, 2], "texture": "#0"},
				"west": {"uv": [7.5, 1.5, 9, 3], "texture": "#0"},
				"up": {"uv": [0, 0, 0, 2], "texture": "#0"},
				"down": {"uv": [0, 0, 0, 2], "texture": "#0"}
			}
		},
		{
			"from": [6.03215, 8, 7.72121],
			"to": [8.03215, 10, 7.72121],
			"rotation": {"angle": 45, "axis": "y", "origin": [9.34262, 16.22452, 10.77978]},
			"faces": {
				"north": {"uv": [7.5, 1.5, 9, 3], "texture": "#0"},
				"east": {"uv": [0, 0, 0, 2], "texture": "#0"},
				"south": {"uv": [7.5, 1.5, 9, 3], "texture": "#0"},
				"west": {"uv": [0, 0, 0, 2], "texture": "#0"},
				"up": {"uv": [0, 0, 0, 2], "rotation": 90, "texture": "#0"},
				"down": {"uv": [0, 0, 0, 2], "rotation": 270, "texture": "#0"}
			}
		},
		{
			"from": [8.56284, 7.75242, 8.44908],
			"to": [8.56284, 9.75242, 10.44908],
			"rotation": {"angle": -22.5, "axis": "y", "origin": [9.34262, 16.22452, 10.77978]},
			"faces": {
				"north": {"uv": [0, 0, 0, 2], "texture": "#0"},
				"east": {"uv": [7.5, 1.5, 9, 3], "texture": "#0"},
				"south": {"uv": [0, 0, 0, 2], "texture": "#0"},
				"west": {"uv": [7.5, 1.5, 9, 3], "texture": "#0"},
				"up": {"uv": [0, 0, 0, 2], "texture": "#0"},
				"down": {"uv": [0, 0, 0, 2], "texture": "#0"}
			}
		},
		{
			"from": [8.56284, 12.27324, 3.33385],
			"to": [8.56284, 14.27324, 5.33385],
			"rotation": {"angle": -22.5, "axis": "y", "origin": [9.34262, 16.22452, 10.77978]},
			"faces": {
				"north": {"uv": [0, 0, 0, 2], "texture": "#0"},
				"east": {"uv": [7.5, 1.5, 9, 3], "texture": "#0"},
				"south": {"uv": [0, 0, 0, 2], "texture": "#0"},
				"west": {"uv": [7.5, 1.5, 9, 3], "texture": "#0"},
				"up": {"uv": [0, 0, 0, 2], "texture": "#0"},
				"down": {"uv": [0, 0, 0, 2], "texture": "#0"}
			}
		},
		{
			"from": [13.03005, 7.61522, 9.70447],
			"to": [13.03005, 9.61522, 11.70447],
			"rotation": {"angle": 45, "axis": "y", "origin": [9.34262, 16.22452, 10.77978]},
			"faces": {
				"north": {"uv": [0, 0, 0, 2], "texture": "#0"},
				"east": {"uv": [7.5, 1.5, 9, 3], "texture": "#0"},
				"south": {"uv": [0, 0, 0, 2], "texture": "#0"},
				"west": {"uv": [7.5, 1.5, 9, 3], "texture": "#0"},
				"up": {"uv": [0, 0, 0, 2], "rotation": 180, "texture": "#0"},
				"down": {"uv": [0, 0, 0, 2], "rotation": 180, "texture": "#0"}
			}
		},
		{
			"from": [1.89409, 18.27324, 10.56166],
			"to": [3.89409, 20.27324, 10.56166],
			"rotation": {"angle": -45, "axis": "y", "origin": [2.89409, 19.27324, 11.56166]},
			"faces": {
				"north": {"uv": [7.5, 1.5, 9, 3], "texture": "#0"},
				"east": {"uv": [0, 0, 0, 2], "texture": "#0"},
				"south": {"uv": [7.5, 1.5, 9, 3], "texture": "#0"},
				"west": {"uv": [0, 0, 0, 2], "texture": "#0"},
				"up": {"uv": [0, 0, 0, 2], "rotation": 90, "texture": "#0"},
				"down": {"uv": [0, 0, 0, 2], "rotation": 270, "texture": "#0"}
			}
		},
		{
			"from": [7.68417, 23.41463, 2.73106],
			"to": [9.68417, 23.41463, 4.73106],
			"rotation": {"angle": -22.5, "axis": "y", "origin": [9.34262, 16.22452, 10.77978]},
			"faces": {
				"north": {"uv": [0, 0, 0, 2], "rotation": 90, "texture": "#0"},
				"east": {"uv": [0, 0, 0, 2], "rotation": 270, "texture": "#0"},
				"south": {"uv": [0, 0, 0, 2], "rotation": 270, "texture": "#0"},
				"west": {"uv": [0, 0, 0, 2], "rotation": 270, "texture": "#0"},
				"up": {"uv": [7.5, 1.5, 9, 3], "rotation": 270, "texture": "#0"},
				"down": {"uv": [7.5, 1.5, 9, 3], "rotation": 270, "texture": "#0"}
			}
		},
		{
			"from": [4.13193, 10, 10.665],
			"to": [4.13193, 12, 12.665],
			"rotation": {"angle": -22.5, "axis": "x", "origin": [4.13193, 11, 11.665]},
			"faces": {
				"north": {"uv": [0, 0, 0, 2], "texture": "#0"},
				"east": {"uv": [7.5, 1.5, 9, 3], "texture": "#0"},
				"south": {"uv": [0, 0, 0, 2], "texture": "#0"},
				"west": {"uv": [7.5, 1.5, 9, 3], "texture": "#0"},
				"up": {"uv": [0, 0, 0, 2], "texture": "#0"},
				"down": {"uv": [0, 0, 0, 2], "texture": "#0"}
			}
		},
		{
			"from": [5.45845, 26.69315, 7.75844],
			"to": [7.45845, 26.69315, 9.75844],
			"rotation": {"angle": -22.5, "axis": "y", "origin": [9.34262, 16.22452, 10.77978]},
			"faces": {
				"north": {"uv": [0, 0, 0, 2], "rotation": 90, "texture": "#0"},
				"east": {"uv": [0, 0, 0, 2], "rotation": 270, "texture": "#0"},
				"south": {"uv": [0, 0, 0, 2], "rotation": 270, "texture": "#0"},
				"west": {"uv": [0, 0, 0, 2], "rotation": 270, "texture": "#0"},
				"up": {"uv": [7.5, 1.5, 9, 3], "rotation": 270, "texture": "#0"},
				"down": {"uv": [7.5, 1.5, 9, 3], "rotation": 270, "texture": "#0"}
			}
		}
	],
	"groups": [0, 1, 2,
		{
			"name": "group",
			"origin": [4.5, 18.5, 4],
			"children": [3, 4, 5, 6, 7, 8, 9, 10, 11, 12, 13, 14, 15, 16, 17, 18, 19]
		}, 20, 21, 22, 23, 24, 25, 26, 27, 28, 29, 30, 31, 32, 33, 34, 35, 36, 37, 38, 39]
}