{
	"credit": "Made with Blockbench",
	"ambientocclusion": false,
	"textures": {
		"0": "block/orchid/lily_of_the_valley",
		"1": "block/orchid/butterfly_orchid",
		"2": "block/orchid/lily_of_the_valley1",
		"particle": "block/orchid/lily_of_the_valley"
	},
	"elements": [
		{
			"from": [8, -1, 8],
			"to": [9, 12, 9],
			"rotation": {"angle": 0, "axis": "y", "origin": [8, 7, 8]},
			"faces": {
				"north": {"uv": [13, 0, 14, 11], "texture": "#0"},
				"east": {"uv": [13, 0, 14, 11], "texture": "#0"},
				"south": {"uv": [13, 0, 14, 11], "texture": "#0"},
				"west": {"uv": [13, 0, 14, 11], "texture": "#0"},
				"up": {"uv": [13, 0, 14, 1], "texture": "#0"},
				"down": {"uv": [13, 0, 14, 1], "texture": "#0"}
			}
		},
		{
			"from": [7.9, 11, -1],
			"to": [8.3, 11.4, 7],
			"rotation": {"angle": 22.5, "axis": "x", "origin": [8, 9, 8]},
			"faces": {
				"north": {"uv": [15, 14, 14, 4], "rotation": 90, "texture": "#1"},
				"east": {"uv": [15, 14, 14, 4], "texture": "#1"},
				"south": {"uv": [15, 14, 14, 4], "rotation": 270, "texture": "#1"},
				"west": {"uv": [15, 14, 14, 4], "rotation": 180, "texture": "#1"},
				"up": {"uv": [15, 14, 14, 4], "rotation": 270, "texture": "#1"},
				"down": {"uv": [15, 14, 14, 4], "rotation": 90, "texture": "#1"}
			}
		},
		{
			"from": [7.9, 11.18406, 7.72721],
			"to": [8.3, 11.58406, 16.72721],
			"rotation": {"angle": -22.5, "axis": "x", "origin": [8.45, 13.38406, 6.72721]},
			"faces": {
				"north": {"uv": [15, 14, 14, 4], "rotation": 270, "texture": "#1"},
				"east": {"uv": [15, 14, 14, 4], "rotation": 270, "texture": "#1"},
				"south": {"uv": [15, 14, 14, 4], "rotation": 270, "texture": "#1"},
				"west": {"uv": [15, 14, 14, 4], "rotation": 270, "texture": "#1"},
				"up": {"uv": [15, 14, 14, 4], "rotation": 270, "texture": "#1"},
				"down": {"uv": [15, 14, 14, 4], "rotation": 270, "texture": "#1"}
			}
		},
		{
			"from": [9, 11, 7.9],
			"to": [17, 11.4, 8.3],
			"rotation": {"angle": 22.5, "axis": "z", "origin": [8, 9, 8]},
			"faces": {
				"north": {"uv": [15, 14, 14, 4], "rotation": 180, "texture": "#1"},
				"east": {"uv": [15, 14, 14, 4], "rotation": 90, "texture": "#1"},
				"south": {"uv": [15, 14, 14, 4], "texture": "#1"},
				"west": {"uv": [15, 14, 14, 4], "rotation": 270, "texture": "#1"},
				"up": {"uv": [15, 14, 14, 4], "texture": "#1"},
				"down": {"uv": [15, 14, 14, 4], "texture": "#1"}
			}
		},
		{
			"from": [-1.55, 12, 8.17721],
			"to": [9.45, 12.4, 8.57721],
			"rotation": {"angle": -22.5, "axis": "z", "origin": [8.45, 13.38406, 6.72721]},
			"faces": {
				"north": {"uv": [15, 14, 14, 4], "rotation": 270, "texture": "#1"},
				"east": {"uv": [15, 14, 14, 4], "rotation": 270, "texture": "#1"},
				"south": {"uv": [15, 14, 14, 4], "rotation": 270, "texture": "#1"},
				"west": {"uv": [15, 14, 14, 4], "rotation": 270, "texture": "#1"},
				"up": {"uv": [15, 14, 14, 4], "texture": "#1"},
				"down": {"uv": [15, 14, 14, 4], "rotation": 180, "texture": "#1"}
			}
		},
		{
			"from": [9, 5.5, 7.5],
			"to": [16, 5.5, 10],
			"rotation": {"angle": 22.5, "axis": "z", "origin": [8.5, 5, 8.75]},
			"faces": {
				"north": {"uv": [0, 0, 7, 0], "rotation": 180, "texture": "#0"},
				"east": {"uv": [0, 0, 2.5, 0], "rotation": 180, "texture": "#0"},
				"south": {"uv": [0, 0, 7, 0], "rotation": 180, "texture": "#0"},
				"west": {"uv": [0, 0, 2.5, 0], "rotation": 180, "texture": "#0"},
				"up": {"uv": [11, 14, 16, 0], "rotation": 270, "texture": "#0"},
				"down": {"uv": [11, 0, 16, 14], "rotation": 90, "texture": "#0"}
			}
		},
		{
			"from": [1, 5.5, 7.5],
			"to": [8, 5.5, 10],
			"rotation": {"angle": -45, "axis": "z", "origin": [8.5, 5, 8.75]},
			"faces": {
				"north": {"uv": [0, 0, 7, 0], "texture": "#0"},
				"east": {"uv": [0, 0, 2.5, 0], "texture": "#0"},
				"south": {"uv": [0, 0, 7, 0], "texture": "#0"},
				"west": {"uv": [0, 0, 2.5, 0], "texture": "#0"},
				"up": {"uv": [11, 0, 16, 14], "rotation": 270, "texture": "#0"},
				"down": {"uv": [11, 14, 16, 0], "rotation": 90, "texture": "#0"}
			}
		},
		{
			"from": [7.25, 5.5, 9.25],
			"to": [9.75, 5.5, 16.25],
			"rotation": {"angle": -22.5, "axis": "x", "origin": [8.5, 5, 8.75]},
			"faces": {
				"north": {"uv": [0, 0, 2.5, 0], "rotation": 180, "texture": "#0"},
				"east": {"uv": [0, 0, 7, 0], "rotation": 180, "texture": "#0"},
				"south": {"uv": [0, 0, 2.5, 0], "rotation": 180, "texture": "#0"},
				"west": {"uv": [0, 0, 7, 0], "rotation": 180, "texture": "#0"},
				"up": {"uv": [11, 14, 16, 0], "texture": "#0"},
				"down": {"uv": [11, 0, 16, 14], "texture": "#0"}
			}
		},
		{
			"from": [7.25, 5.5, 1.25],
			"to": [9.75, 5.5, 8.25],
			"rotation": {"angle": 22.5, "axis": "x", "origin": [8.5, 5, 8.75]},
			"faces": {
				"north": {"uv": [0, 0, 2.5, 0], "texture": "#0"},
				"east": {"uv": [0, 0, 7, 0], "texture": "#0"},
				"south": {"uv": [0, 0, 2.5, 0], "texture": "#0"},
				"west": {"uv": [0, 0, 7, 0], "texture": "#0"},
				"up": {"uv": [11, 0, 16, 14], "texture": "#0"},
				"down": {"uv": [11, 14, 16, 0], "texture": "#0"}
			}
		},
		{
			"from": [7.25, 2.5, 9.25],
			"to": [9.75, 2.5, 16.25],
			"rotation": {"angle": -22.5, "axis": "x", "origin": [8.5, 2, 8.75]},
			"faces": {
				"north": {"uv": [0, 0, 2.5, 0], "rotation": 180, "texture": "#0"},
				"east": {"uv": [0, 0, 7, 0], "rotation": 180, "texture": "#0"},
				"south": {"uv": [0, 0, 2.5, 0], "rotation": 180, "texture": "#0"},
				"west": {"uv": [0, 0, 7, 0], "rotation": 180, "texture": "#0"},
				"up": {"uv": [11, 14, 16, 0], "texture": "#0"},
				"down": {"uv": [11, 0, 16, 14], "texture": "#0"}
			}
		},
		{
			"from": [1, 2.5, 7.5],
			"to": [8, 2.5, 10],
			"rotation": {"angle": -45, "axis": "z", "origin": [8.5, 2, 8.75]},
			"faces": {
				"north": {"uv": [0, 0, 7, 0], "texture": "#0"},
				"east": {"uv": [0, 0, 2.5, 0], "texture": "#0"},
				"south": {"uv": [0, 0, 7, 0], "texture": "#0"},
				"west": {"uv": [0, 0, 2.5, 0], "texture": "#0"},
				"up": {"uv": [11, 0, 16, 14], "rotation": 270, "texture": "#0"},
				"down": {"uv": [11, 14, 16, 0], "rotation": 90, "texture": "#0"}
			}
		},
		{
			"from": [9, 2.5, 7.5],
			"to": [16, 2.5, 10],
			"rotation": {"angle": 22.5, "axis": "z", "origin": [8.5, 2, 8.75]},
			"faces": {
				"north": {"uv": [0, 0, 7, 0], "rotation": 180, "texture": "#0"},
				"east": {"uv": [0, 0, 2.5, 0], "rotation": 180, "texture": "#0"},
				"south": {"uv": [0, 0, 7, 0], "rotation": 180, "texture": "#0"},
				"west": {"uv": [0, 0, 2.5, 0], "rotation": 180, "texture": "#0"},
				"up": {"uv": [11, 14, 16, 0], "rotation": 270, "texture": "#0"},
				"down": {"uv": [11, 0, 16, 14], "rotation": 90, "texture": "#0"}
			}
		},
		{
			"from": [8, 11.3, 0],
			"to": [8, 14.3, 2],
			"rotation": {"angle": 0, "axis": "y", "origin": [8, 11.8, 8.5]},
			"faces": {
				"north": {"uv": [0, 0, 0, 2], "texture": "#0"},
				"east": {"uv": [0, 0, 9, 13], "texture": "#0"},
				"south": {"uv": [0, 0, 0, 2], "texture": "#0"},
				"west": {"uv": [0, 0, 9, 13], "texture": "#0"},
				"up": {"uv": [0, 0, 0, 2], "texture": "#0"},
				"down": {"uv": [0, 0, 0, 2], "texture": "#0"}
			}
		},
		{
			"from": [12.3033, 11.3, 3.1967],
			"to": [14.3033, 14.3, 3.1967],
			"rotation": {"angle": 45, "axis": "y", "origin": [8, 11.8, 8.5]},
			"faces": {
				"north": {"uv": [0, 0, 9, 13], "texture": "#0"},
				"east": {"uv": [0, 0, 0, 2], "texture": "#0"},
				"south": {"uv": [0, 0, 9, 13], "texture": "#0"},
				"west": {"uv": [0, 0, 0, 2], "texture": "#0"},
				"up": {"uv": [0, 0, 0, 2], "rotation": 90, "texture": "#0"},
				"down": {"uv": [0, 0, 0, 2], "rotation": 270, "texture": "#0"}
			}
		},
		{
			"from": [13.3033, 11.3, 2.1967],
			"to": [13.3033, 14.3, 4.1967],
			"rotation": {"angle": 45, "axis": "y", "origin": [8, 11.8, 8.5]},
			"faces": {
				"north": {"uv": [0, 0, 0, 2], "texture": "#0"},
				"east": {"uv": [0, 0, 9, 13], "texture": "#0"},
				"south": {"uv": [0, 0, 0, 2], "texture": "#0"},
				"west": {"uv": [0, 0, 9, 13], "texture": "#0"},
				"up": {"uv": [0, 0, 0, 2], "texture": "#0"},
				"down": {"uv": [0, 0, 0, 2], "texture": "#0"}
			}
		},
		{
			"from": [7, 11.3, 1],
			"to": [9, 14.3, 1],
			"rotation": {"angle": 0, "axis": "y", "origin": [8, 11.8, 8.5]},
			"faces": {
				"north": {"uv": [0, 0, 9, 13], "texture": "#0"},
				"east": {"uv": [0, 0, 0, 2], "texture": "#0"},
				"south": {"uv": [0, 0, 9, 13], "texture": "#0"},
				"west": {"uv": [0, 0, 0, 2], "texture": "#0"},
				"up": {"uv": [0, 0, 0, 2], "rotation": 90, "texture": "#0"},
				"down": {"uv": [0, 0, 0, 2], "rotation": 270, "texture": "#0"}
			}
		},
		{
			"from": [8, 10.3, 2],
			"to": [8, 13.3, 4],
			"rotation": {"angle": 0, "axis": "y", "origin": [8, 11.8, 8.5]},
			"faces": {
				"north": {"uv": [0, 0, 0, 2], "texture": "#0"},
				"east": {"uv": [0, 0, 9, 13], "texture": "#0"},
				"south": {"uv": [0, 0, 0, 2], "texture": "#0"},
				"west": {"uv": [0, 0, 9, 13], "texture": "#0"},
				"up": {"uv": [0, 0, 0, 2], "texture": "#0"},
				"down": {"uv": [0, 0, 0, 2], "texture": "#0"}
			}
		},
		{
			"from": [10.88909, 10.3, 4.61091],
			"to": [12.88909, 13.3, 4.61091],
			"rotation": {"angle": 45, "axis": "y", "origin": [8, 11.8, 8.5]},
			"faces": {
				"north": {"uv": [0, 0, 9, 13], "texture": "#0"},
				"east": {"uv": [0, 0, 0, 2], "texture": "#0"},
				"south": {"uv": [0, 0, 9, 13], "texture": "#0"},
				"west": {"uv": [0, 0, 0, 2], "texture": "#0"},
				"up": {"uv": [0, 0, 0, 2], "rotation": 90, "texture": "#0"},
				"down": {"uv": [0, 0, 0, 2], "rotation": 270, "texture": "#0"}
			}
		},
		{
			"from": [11.88909, 10.3, 3.61091],
			"to": [11.88909, 13.3, 5.61091],
			"rotation": {"angle": 45, "axis": "y", "origin": [8, 11.8, 8.5]},
			"faces": {
				"north": {"uv": [0, 0, 0, 2], "texture": "#0"},
				"east": {"uv": [0, 0, 9, 13], "texture": "#0"},
				"south": {"uv": [0, 0, 0, 2], "texture": "#0"},
				"west": {"uv": [0, 0, 9, 13], "texture": "#0"},
				"up": {"uv": [0, 0, 0, 2], "texture": "#0"},
				"down": {"uv": [0, 0, 0, 2], "texture": "#0"}
			}
		},
		{
			"from": [7, 10.3, 3],
			"to": [9, 13.3, 3],
			"rotation": {"angle": 0, "axis": "y", "origin": [8, 11.8, 8.5]},
			"faces": {
				"north": {"uv": [0, 0, 9, 13], "texture": "#0"},
				"east": {"uv": [0, 0, 0, 2], "texture": "#0"},
				"south": {"uv": [0, 0, 9, 13], "texture": "#0"},
				"west": {"uv": [0, 0, 0, 2], "texture": "#0"},
				"up": {"uv": [0, 0, 0, 2], "rotation": 90, "texture": "#0"},
				"down": {"uv": [0, 0, 0, 2], "rotation": 270, "texture": "#0"}
			}
		},
		{
			"from": [8, 9.3, 4],
			"to": [8, 12.3, 6],
			"rotation": {"angle": 0, "axis": "y", "origin": [8, 11.8, 8.5]},
			"faces": {
				"north": {"uv": [0, 0, 0, 2], "texture": "#0"},
				"east": {"uv": [0, 0, 9, 13], "texture": "#0"},
				"south": {"uv": [0, 0, 0, 2], "texture": "#0"},
				"west": {"uv": [0, 0, 9, 13], "texture": "#0"},
				"up": {"uv": [0, 0, 0, 2], "texture": "#0"},
				"down": {"uv": [0, 0, 0, 2], "texture": "#0"}
			}
		},
		{
			"from": [9.47487, 9.3, 6.02513],
			"to": [11.47487, 12.3, 6.02513],
			"rotation": {"angle": 45, "axis": "y", "origin": [8, 11.8, 8.5]},
			"faces": {
				"north": {"uv": [0, 0, 9, 13], "texture": "#0"},
				"east": {"uv": [0, 0, 0, 2], "texture": "#0"},
				"south": {"uv": [0, 0, 9, 13], "texture": "#0"},
				"west": {"uv": [0, 0, 0, 2], "texture": "#0"},
				"up": {"uv": [0, 0, 0, 2], "rotation": 90, "texture": "#0"},
				"down": {"uv": [0, 0, 0, 2], "rotation": 270, "texture": "#0"}
			}
		},
		{
			"from": [10.47487, 9.3, 5.02513],
			"to": [10.47487, 12.3, 7.02513],
			"rotation": {"angle": 45, "axis": "y", "origin": [8, 11.8, 8.5]},
			"faces": {
				"north": {"uv": [0, 0, 0, 2], "texture": "#0"},
				"east": {"uv": [0, 0, 9, 13], "texture": "#0"},
				"south": {"uv": [0, 0, 0, 2], "texture": "#0"},
				"west": {"uv": [0, 0, 9, 13], "texture": "#0"},
				"up": {"uv": [0, 0, 0, 2], "texture": "#0"},
				"down": {"uv": [0, 0, 0, 2], "texture": "#0"}
			}
		},
		{
			"from": [7, 9.3, 5],
			"to": [9, 12.3, 5],
			"rotation": {"angle": 0, "axis": "y", "origin": [8, 11.8, 8.5]},
			"faces": {
				"north": {"uv": [0, 0, 9, 13], "texture": "#0"},
				"east": {"uv": [0, 0, 0, 2], "texture": "#0"},
				"south": {"uv": [0, 0, 9, 13], "texture": "#0"},
				"west": {"uv": [0, 0, 0, 2], "texture": "#0"},
				"up": {"uv": [0, 0, 0, 2], "rotation": 90, "texture": "#0"},
				"down": {"uv": [0, 0, 0, 2], "rotation": 270, "texture": "#0"}
			}
		},
		{
			"from": [8, 12.3, 15],
			"to": [8, 15.3, 17],
			"rotation": {"angle": 0, "axis": "y", "origin": [8, 11.8, 8.5]},
			"faces": {
				"north": {"uv": [0, 0, 0, 2], "texture": "#0"},
				"east": {"uv": [0, 0, 9, 13], "texture": "#0"},
				"south": {"uv": [0, 0, 0, 2], "texture": "#0"},
				"west": {"uv": [0, 0, 9, 13], "texture": "#0"},
				"up": {"uv": [0, 0, 0, 2], "texture": "#0"},
				"down": {"uv": [0, 0, 0, 2], "texture": "#0"}
			}
		},
		{
			"from": [1.6967, 12.3, 13.8033],
			"to": [3.6967, 15.3, 13.8033],
			"rotation": {"angle": 45, "axis": "y", "origin": [8, 11.8, 8.5]},
			"faces": {
				"north": {"uv": [0, 0, 9, 13], "texture": "#0"},
				"east": {"uv": [0, 0, 0, 2], "texture": "#0"},
				"south": {"uv": [0, 0, 9, 13], "texture": "#0"},
				"west": {"uv": [0, 0, 0, 2], "texture": "#0"},
				"up": {"uv": [0, 0, 0, 2], "rotation": 90, "texture": "#0"},
				"down": {"uv": [0, 0, 0, 2], "rotation": 270, "texture": "#0"}
			}
		},
		{
			"from": [2.6967, 12.3, 12.8033],
			"to": [2.6967, 15.3, 14.8033],
			"rotation": {"angle": 45, "axis": "y", "origin": [8, 11.8, 8.5]},
			"faces": {
				"north": {"uv": [0, 0, 0, 2], "texture": "#0"},
				"east": {"uv": [0, 0, 9, 13], "texture": "#0"},
				"south": {"uv": [0, 0, 0, 2], "texture": "#0"},
				"west": {"uv": [0, 0, 9, 13], "texture": "#0"},
				"up": {"uv": [0, 0, 0, 2], "texture": "#0"},
				"down": {"uv": [0, 0, 0, 2], "texture": "#0"}
			}
		},
		{
			"from": [7, 12.3, 16],
			"to": [9, 15.3, 16],
			"rotation": {"angle": 0, "axis": "y", "origin": [8, 11.8, 8.5]},
			"faces": {
				"north": {"uv": [0, 0, 9, 13], "texture": "#0"},
				"east": {"uv": [0, 0, 0, 2], "texture": "#0"},
				"south": {"uv": [0, 0, 9, 13], "texture": "#0"},
				"west": {"uv": [0, 0, 0, 2], "texture": "#0"},
				"up": {"uv": [0, 0, 0, 2], "rotation": 90, "texture": "#0"},
				"down": {"uv": [0, 0, 0, 2], "rotation": 270, "texture": "#0"}
			}
		},
		{
			"from": [8, 11.3, 13],
			"to": [8, 14.3, 15],
			"rotation": {"angle": 0, "axis": "y", "origin": [8, 11.8, 8.5]},
			"faces": {
				"north": {"uv": [0, 0, 0, 2], "texture": "#0"},
				"east": {"uv": [0, 0, 9, 13], "texture": "#0"},
				"south": {"uv": [0, 0, 0, 2], "texture": "#0"},
				"west": {"uv": [0, 0, 9, 13], "texture": "#0"},
				"up": {"uv": [0, 0, 0, 2], "texture": "#0"},
				"down": {"uv": [0, 0, 0, 2], "texture": "#0"}
			}
		},
		{
			"from": [3.11091, 11.3, 12.38909],
			"to": [5.11091, 14.3, 12.38909],
			"rotation": {"angle": 45, "axis": "y", "origin": [8, 11.8, 8.5]},
			"faces": {
				"north": {"uv": [0, 0, 9, 13], "texture": "#0"},
				"east": {"uv": [0, 0, 0, 2], "texture": "#0"},
				"south": {"uv": [0, 0, 9, 13], "texture": "#0"},
				"west": {"uv": [0, 0, 0, 2], "texture": "#0"},
				"up": {"uv": [0, 0, 0, 2], "rotation": 90, "texture": "#0"},
				"down": {"uv": [0, 0, 0, 2], "rotation": 270, "texture": "#0"}
			}
		},
		{
			"from": [4.11091, 11.3, 11.38909],
			"to": [4.11091, 14.3, 13.38909],
			"rotation": {"angle": 45, "axis": "y", "origin": [8, 11.8, 8.5]},
			"faces": {
				"north": {"uv": [0, 0, 0, 2], "texture": "#0"},
				"east": {"uv": [0, 0, 9, 13], "texture": "#0"},
				"south": {"uv": [0, 0, 0, 2], "texture": "#0"},
				"west": {"uv": [0, 0, 9, 13], "texture": "#0"},
				"up": {"uv": [0, 0, 0, 2], "texture": "#0"},
				"down": {"uv": [0, 0, 0, 2], "texture": "#0"}
			}
		},
		{
			"from": [7, 11.3, 14],
			"to": [9, 14.3, 14],
			"rotation": {"angle": 0, "axis": "y", "origin": [8, 11.8, 8.5]},
			"faces": {
				"north": {"uv": [0, 0, 9, 13], "texture": "#0"},
				"east": {"uv": [0, 0, 0, 2], "texture": "#0"},
				"south": {"uv": [0, 0, 9, 13], "texture": "#0"},
				"west": {"uv": [0, 0, 0, 2], "texture": "#0"},
				"up": {"uv": [0, 0, 0, 2], "rotation": 90, "texture": "#0"},
				"down": {"uv": [0, 0, 0, 2], "rotation": 270, "texture": "#0"}
			}
		},
		{
			"from": [8, 10.3, 11],
			"to": [8, 13.3, 13],
			"rotation": {"angle": 0, "axis": "y", "origin": [8, 11.8, 8.5]},
			"faces": {
				"north": {"uv": [0, 0, 0, 2], "texture": "#0"},
				"east": {"uv": [0, 0, 9, 13], "texture": "#0"},
				"south": {"uv": [0, 0, 0, 2], "texture": "#0"},
				"west": {"uv": [0, 0, 9, 13], "texture": "#0"},
				"up": {"uv": [0, 0, 0, 2], "texture": "#0"},
				"down": {"uv": [0, 0, 0, 2], "texture": "#0"}
			}
		},
		{
			"from": [4.52513, 10.3, 10.97487],
			"to": [6.52513, 13.3, 10.97487],
			"rotation": {"angle": 45, "axis": "y", "origin": [8, 11.8, 8.5]},
			"faces": {
				"north": {"uv": [0, 0, 9, 13], "texture": "#0"},
				"east": {"uv": [0, 0, 0, 2], "texture": "#0"},
				"south": {"uv": [0, 0, 9, 13], "texture": "#0"},
				"west": {"uv": [0, 0, 0, 2], "texture": "#0"},
				"up": {"uv": [0, 0, 0, 2], "rotation": 90, "texture": "#0"},
				"down": {"uv": [0, 0, 0, 2], "rotation": 270, "texture": "#0"}
			}
		},
		{
			"from": [5.52513, 10.3, 9.97487],
			"to": [5.52513, 13.3, 11.97487],
			"rotation": {"angle": 45, "axis": "y", "origin": [8, 11.8, 8.5]},
			"faces": {
				"north": {"uv": [0, 0, 0, 2], "texture": "#0"},
				"east": {"uv": [0, 0, 9, 13], "texture": "#0"},
				"south": {"uv": [0, 0, 0, 2], "texture": "#0"},
				"west": {"uv": [0, 0, 9, 13], "texture": "#0"},
				"up": {"uv": [0, 0, 0, 2], "texture": "#0"},
				"down": {"uv": [0, 0, 0, 2], "texture": "#0"}
			}
		},
		{
			"from": [7, 10.3, 12],
			"to": [9, 13.3, 12],
			"rotation": {"angle": 0, "axis": "y", "origin": [8, 11.8, 8.5]},
			"faces": {
				"north": {"uv": [0, 0, 9, 13], "texture": "#0"},
				"east": {"uv": [0, 0, 0, 2], "texture": "#0"},
				"south": {"uv": [0, 0, 9, 13], "texture": "#0"},
				"west": {"uv": [0, 0, 0, 2], "texture": "#0"},
				"up": {"uv": [0, 0, 0, 2], "rotation": 90, "texture": "#0"},
				"down": {"uv": [0, 0, 0, 2], "rotation": 270, "texture": "#0"}
			}
		},
		{
			"from": [8, 9.3, 9],
			"to": [8, 12.3, 11],
			"rotation": {"angle": 0, "axis": "y", "origin": [8, 11.8, 8.5]},
			"faces": {
				"north": {"uv": [0, 0, 0, 2], "texture": "#0"},
				"east": {"uv": [0, 0, 9, 13], "texture": "#0"},
				"south": {"uv": [0, 0, 0, 2], "texture": "#0"},
				"west": {"uv": [0, 0, 9, 13], "texture": "#0"},
				"up": {"uv": [0, 0, 0, 2], "texture": "#0"},
				"down": {"uv": [0, 0, 0, 2], "texture": "#0"}
			}
		},
		{
			"from": [5.93934, 9.3, 9.56066],
			"to": [7.93934, 12.3, 9.56066],
			"rotation": {"angle": 45, "axis": "y", "origin": [8, 11.8, 8.5]},
			"faces": {
				"north": {"uv": [0, 0, 9, 13], "texture": "#0"},
				"east": {"uv": [0, 0, 0, 2], "texture": "#0"},
				"south": {"uv": [0, 0, 9, 13], "texture": "#0"},
				"west": {"uv": [0, 0, 0, 2], "texture": "#0"},
				"up": {"uv": [0, 0, 0, 2], "rotation": 90, "texture": "#0"},
				"down": {"uv": [0, 0, 0, 2], "rotation": 270, "texture": "#0"}
			}
		},
		{
			"from": [6.93934, 9.3, 8.56066],
			"to": [6.93934, 12.3, 10.56066],
			"rotation": {"angle": 45, "axis": "y", "origin": [8, 11.8, 8.5]},
			"faces": {
				"north": {"uv": [0, 0, 0, 2], "texture": "#0"},
				"east": {"uv": [0, 0, 9, 13], "texture": "#0"},
				"south": {"uv": [0, 0, 0, 2], "texture": "#0"},
				"west": {"uv": [0, 0, 9, 13], "texture": "#0"},
				"up": {"uv": [0, 0, 0, 2], "texture": "#0"},
				"down": {"uv": [0, 0, 0, 2], "texture": "#0"}
			}
		},
		{
			"from": [7, 9.3, 10],
			"to": [9, 12.3, 10],
			"rotation": {"angle": 0, "axis": "y", "origin": [8, 11.8, 8.5]},
			"faces": {
				"north": {"uv": [0, 0, 9, 13], "texture": "#0"},
				"east": {"uv": [0, 0, 0, 2], "texture": "#0"},
				"south": {"uv": [0, 0, 9, 13], "texture": "#0"},
				"west": {"uv": [0, 0, 0, 2], "texture": "#0"},
				"up": {"uv": [0, 0, 0, 2], "rotation": 90, "texture": "#0"},
				"down": {"uv": [0, 0, 0, 2], "rotation": 270, "texture": "#0"}
			}
		},
		{
			"from": [8, 8.3, 6],
			"to": [8, 11.3, 8],
			"rotation": {"angle": 0, "axis": "y", "origin": [8, 11.8, 8.5]},
			"faces": {
				"north": {"uv": [0, 0, 0, 2], "texture": "#0"},
				"east": {"uv": [0, 0, 9, 13], "texture": "#0"},
				"south": {"uv": [0, 0, 0, 2], "texture": "#0"},
				"west": {"uv": [0, 0, 9, 13], "texture": "#0"},
				"up": {"uv": [0, 0, 0, 2], "texture": "#0"},
				"down": {"uv": [0, 0, 0, 2], "texture": "#0"}
			}
		},
		{
			"from": [8.06066, 8.3, 7.43934],
			"to": [10.06066, 11.3, 7.43934],
			"rotation": {"angle": 45, "axis": "y", "origin": [8, 11.8, 8.5]},
			"faces": {
				"north": {"uv": [0, 0, 9, 13], "texture": "#0"},
				"east": {"uv": [0, 0, 0, 2], "texture": "#0"},
				"south": {"uv": [0, 0, 9, 13], "texture": "#0"},
				"west": {"uv": [0, 0, 0, 2], "texture": "#0"},
				"up": {"uv": [0, 0, 0, 2], "rotation": 90, "texture": "#0"},
				"down": {"uv": [0, 0, 0, 2], "rotation": 270, "texture": "#0"}
			}
		},
		{
			"from": [9.06066, 8.3, 6.43934],
			"to": [9.06066, 11.3, 8.43934],
			"rotation": {"angle": 45, "axis": "y", "origin": [8, 11.8, 8.5]},
			"faces": {
				"north": {"uv": [0, 0, 0, 2], "texture": "#0"},
				"east": {"uv": [0, 0, 9, 13], "texture": "#0"},
				"south": {"uv": [0, 0, 0, 2], "texture": "#0"},
				"west": {"uv": [0, 0, 9, 13], "texture": "#0"},
				"up": {"uv": [0, 0, 0, 2], "texture": "#0"},
				"down": {"uv": [0, 0, 0, 2], "texture": "#0"}
			}
		},
		{
			"from": [7, 8.3, 7],
			"to": [9, 11.3, 7],
			"rotation": {"angle": 0, "axis": "y", "origin": [8, 11.8, 8.5]},
			"faces": {
				"north": {"uv": [0, 0, 9, 13], "texture": "#0"},
				"east": {"uv": [0, 0, 0, 2], "texture": "#0"},
				"south": {"uv": [0, 0, 9, 13], "texture": "#0"},
				"west": {"uv": [0, 0, 0, 2], "texture": "#0"},
				"up": {"uv": [0, 0, 0, 2], "rotation": 90, "texture": "#0"},
				"down": {"uv": [0, 0, 0, 2], "rotation": 270, "texture": "#0"}
			}
		},
		{
			"from": [3, 1, 5],
			"to": [14, 8, 5],
			"rotation": {"angle": -22.5, "axis": "x", "origin": [8.5, 3.5, 8]},
			"faces": {
				"north": {"uv": [0, 0, 11, 7], "texture": "#2"},
				"east": {"uv": [0, 0, 0, 7], "texture": "#missing"},
				"south": {"uv": [0, 0, 11, 7], "texture": "#2"},
				"west": {"uv": [0, 0, 0, 7], "texture": "#missing"},
				"up": {"uv": [0, 0, 11, 0], "texture": "#missing"},
				"down": {"uv": [0, 0, 11, 0], "texture": "#missing"}
			}
		},
		{
			"from": [3, 1, 12],
			"to": [14, 8, 12],
			"rotation": {"angle": 22.5, "axis": "x", "origin": [8.5, 3.5, 8]},
			"faces": {
				"north": {"uv": [0, 0, 11, 7], "texture": "#2"},
				"east": {"uv": [0, 0, 0, 7], "texture": "#2"},
				"south": {"uv": [0, 0, 11, 7], "texture": "#2"},
				"west": {"uv": [0, 0, 0, 7], "texture": "#2"},
				"up": {"uv": [0, 0, 11, 0], "texture": "#2"},
				"down": {"uv": [0, 0, 11, 0], "texture": "#2"}
			}
		},
		{
			"from": [12, 1, 3],
			"to": [12, 8, 14],
			"rotation": {"angle": -22.5, "axis": "z", "origin": [8.5, 3.5, 8.5]},
			"faces": {
				"north": {"uv": [0, 0, 0, 7], "texture": "#2"},
				"east": {"uv": [0, 0, 11, 7], "texture": "#2"},
				"south": {"uv": [0, 0, 0, 7], "texture": "#2"},
				"west": {"uv": [0, 0, 11, 7], "texture": "#2"},
				"up": {"uv": [0, 0, 11, 0], "rotation": 90, "texture": "#2"},
				"down": {"uv": [0, 0, 11, 0], "rotation": 270, "texture": "#2"}
			}
		},
		{
			"from": [5, 1, 3],
			"to": [5, 8, 14],
			"rotation": {"angle": 22.5, "axis": "z", "origin": [8.5, 3.5, 8.5]},
			"faces": {
				"north": {"uv": [0, 0, 0, 7], "texture": "#2"},
				"east": {"uv": [0, 0, 11, 7], "texture": "#2"},
				"south": {"uv": [0, 0, 0, 7], "texture": "#2"},
				"west": {"uv": [0, 0, 11, 7], "texture": "#2"},
				"up": {"uv": [0, 0, 11, 0], "rotation": 90, "texture": "#2"},
				"down": {"uv": [0, 0, 11, 0], "rotation": 270, "texture": "#2"}
			}
		},
		{
			"from": [14.5, 11.3, 8.5],
			"to": [16.5, 14.3, 8.5],
			"rotation": {"angle": 0, "axis": "y", "origin": [8, 11.8, 8.5]},
			"faces": {
				"north": {"uv": [0, 0, 9, 13], "texture": "#0"},
				"east": {"uv": [0, 0, 0, 2], "texture": "#0"},
				"south": {"uv": [0, 0, 9, 13], "texture": "#0"},
				"west": {"uv": [0, 0, 0, 2], "texture": "#0"},
				"up": {"uv": [0, 0, 0, 2], "rotation": 90, "texture": "#0"},
				"down": {"uv": [0, 0, 0, 2], "rotation": 270, "texture": "#0"}
			}
		},
		{
			"from": [12.3033, 11.3, 3.1967],
			"to": [14.3033, 14.3, 3.1967],
			"rotation": {"angle": -45, "axis": "y", "origin": [8, 11.8, 8.5]},
			"faces": {
				"north": {"uv": [0, 0, 9, 13], "texture": "#0"},
				"east": {"uv": [0, 0, 0, 2], "texture": "#0"},
				"south": {"uv": [0, 0, 9, 13], "texture": "#0"},
				"west": {"uv": [0, 0, 0, 2], "texture": "#0"},
				"up": {"uv": [0, 0, 0, 2], "rotation": 90, "texture": "#0"},
				"down": {"uv": [0, 0, 0, 2], "rotation": 270, "texture": "#0"}
			}
		},
		{
			"from": [13.3033, 11.3, 2.1967],
			"to": [13.3033, 14.3, 4.1967],
			"rotation": {"angle": -45, "axis": "y", "origin": [8, 11.8, 8.5]},
			"faces": {
				"north": {"uv": [0, 0, 0, 2], "texture": "#0"},
				"east": {"uv": [0, 0, 9, 13], "texture": "#0"},
				"south": {"uv": [0, 0, 0, 2], "texture": "#0"},
				"west": {"uv": [0, 0, 9, 13], "texture": "#0"},
				"up": {"uv": [0, 0, 0, 2], "texture": "#0"},
				"down": {"uv": [0, 0, 0, 2], "texture": "#0"}
			}
		},
		{
			"from": [15.5, 11.3, 7.5],
			"to": [15.5, 14.3, 9.5],
			"rotation": {"angle": 0, "axis": "y", "origin": [8, 11.8, 8.5]},
			"faces": {
				"north": {"uv": [0, 0, 0, 2], "texture": "#0"},
				"east": {"uv": [0, 0, 9, 13], "texture": "#0"},
				"south": {"uv": [0, 0, 0, 2], "texture": "#0"},
				"west": {"uv": [0, 0, 9, 13], "texture": "#0"},
				"up": {"uv": [0, 0, 0, 2], "rotation": 180, "texture": "#0"},
				"down": {"uv": [0, 0, 0, 2], "rotation": 180, "texture": "#0"}
			}
		},
		{
			"from": [12.5, 10.3, 8.5],
			"to": [14.5, 13.3, 8.5],
			"rotation": {"angle": 0, "axis": "y", "origin": [8, 11.8, 8.5]},
			"faces": {
				"north": {"uv": [0, 0, 9, 13], "texture": "#0"},
				"east": {"uv": [0, 0, 0, 2], "texture": "#0"},
				"south": {"uv": [0, 0, 9, 13], "texture": "#0"},
				"west": {"uv": [0, 0, 0, 2], "texture": "#0"},
				"up": {"uv": [0, 0, 0, 2], "rotation": 90, "texture": "#0"},
				"down": {"uv": [0, 0, 0, 2], "rotation": 270, "texture": "#0"}
			}
		},
		{
			"from": [10.88909, 10.3, 4.61091],
			"to": [12.88909, 13.3, 4.61091],
			"rotation": {"angle": -45, "axis": "y", "origin": [8, 11.8, 8.5]},
			"faces": {
				"north": {"uv": [0, 0, 9, 13], "texture": "#0"},
				"east": {"uv": [0, 0, 0, 2], "texture": "#0"},
				"south": {"uv": [0, 0, 9, 13], "texture": "#0"},
				"west": {"uv": [0, 0, 0, 2], "texture": "#0"},
				"up": {"uv": [0, 0, 0, 2], "rotation": 90, "texture": "#0"},
				"down": {"uv": [0, 0, 0, 2], "rotation": 270, "texture": "#0"}
			}
		},
		{
			"from": [11.88909, 10.3, 3.61091],
			"to": [11.88909, 13.3, 5.61091],
			"rotation": {"angle": -45, "axis": "y", "origin": [8, 11.8, 8.5]},
			"faces": {
				"north": {"uv": [0, 0, 0, 2], "texture": "#0"},
				"east": {"uv": [0, 0, 9, 13], "texture": "#0"},
				"south": {"uv": [0, 0, 0, 2], "texture": "#0"},
				"west": {"uv": [0, 0, 9, 13], "texture": "#0"},
				"up": {"uv": [0, 0, 0, 2], "texture": "#0"},
				"down": {"uv": [0, 0, 0, 2], "texture": "#0"}
			}
		},
		{
			"from": [13.5, 10.3, 7.5],
			"to": [13.5, 13.3, 9.5],
			"rotation": {"angle": 0, "axis": "y", "origin": [8, 11.8, 8.5]},
			"faces": {
				"north": {"uv": [0, 0, 0, 2], "texture": "#0"},
				"east": {"uv": [0, 0, 9, 13], "texture": "#0"},
				"south": {"uv": [0, 0, 0, 2], "texture": "#0"},
				"west": {"uv": [0, 0, 9, 13], "texture": "#0"},
				"up": {"uv": [0, 0, 0, 2], "rotation": 180, "texture": "#0"},
				"down": {"uv": [0, 0, 0, 2], "rotation": 180, "texture": "#0"}
			}
		},
		{
			"from": [10.5, 9.3, 8.5],
			"to": [12.5, 12.3, 8.5],
			"rotation": {"angle": 0, "axis": "y", "origin": [8, 11.8, 8.5]},
			"faces": {
				"north": {"uv": [0, 0, 9, 13], "texture": "#0"},
				"east": {"uv": [0, 0, 0, 2], "texture": "#0"},
				"south": {"uv": [0, 0, 9, 13], "texture": "#0"},
				"west": {"uv": [0, 0, 0, 2], "texture": "#0"},
				"up": {"uv": [0, 0, 0, 2], "rotation": 90, "texture": "#0"},
				"down": {"uv": [0, 0, 0, 2], "rotation": 270, "texture": "#0"}
			}
		},
		{
			"from": [9.47487, 9.3, 6.02513],
			"to": [11.47487, 12.3, 6.02513],
			"rotation": {"angle": -45, "axis": "y", "origin": [8, 11.8, 8.5]},
			"faces": {
				"north": {"uv": [0, 0, 9, 13], "texture": "#0"},
				"east": {"uv": [0, 0, 0, 2], "texture": "#0"},
				"south": {"uv": [0, 0, 9, 13], "texture": "#0"},
				"west": {"uv": [0, 0, 0, 2], "texture": "#0"},
				"up": {"uv": [0, 0, 0, 2], "rotation": 90, "texture": "#0"},
				"down": {"uv": [0, 0, 0, 2], "rotation": 270, "texture": "#0"}
			}
		},
		{
			"from": [10.47487, 9.3, 5.02513],
			"to": [10.47487, 12.3, 7.02513],
			"rotation": {"angle": -45, "axis": "y", "origin": [8, 11.8, 8.5]},
			"faces": {
				"north": {"uv": [0, 0, 0, 2], "texture": "#0"},
				"east": {"uv": [0, 0, 9, 13], "texture": "#0"},
				"south": {"uv": [0, 0, 0, 2], "texture": "#0"},
				"west": {"uv": [0, 0, 9, 13], "texture": "#0"},
				"up": {"uv": [0, 0, 0, 2], "texture": "#0"},
				"down": {"uv": [0, 0, 0, 2], "texture": "#0"}
			}
		},
		{
			"from": [11.5, 9.3, 7.5],
			"to": [11.5, 12.3, 9.5],
			"rotation": {"angle": 0, "axis": "y", "origin": [8, 11.8, 8.5]},
			"faces": {
				"north": {"uv": [0, 0, 0, 2], "texture": "#0"},
				"east": {"uv": [0, 0, 9, 13], "texture": "#0"},
				"south": {"uv": [0, 0, 0, 2], "texture": "#0"},
				"west": {"uv": [0, 0, 9, 13], "texture": "#0"},
				"up": {"uv": [0, 0, 0, 2], "rotation": 180, "texture": "#0"},
				"down": {"uv": [0, 0, 0, 2], "rotation": 180, "texture": "#0"}
			}
		},
		{
			"from": [-0.5, 12.3, 8.5],
			"to": [1.5, 15.3, 8.5],
			"rotation": {"angle": 0, "axis": "y", "origin": [8, 11.8, 8.5]},
			"faces": {
				"north": {"uv": [0, 0, 9, 13], "texture": "#0"},
				"east": {"uv": [0, 0, 0, 2], "texture": "#0"},
				"south": {"uv": [0, 0, 9, 13], "texture": "#0"},
				"west": {"uv": [0, 0, 0, 2], "texture": "#0"},
				"up": {"uv": [0, 0, 0, 2], "rotation": 90, "texture": "#0"},
				"down": {"uv": [0, 0, 0, 2], "rotation": 270, "texture": "#0"}
			}
		},
		{
			"from": [1.6967, 12.3, 13.8033],
			"to": [3.6967, 15.3, 13.8033],
			"rotation": {"angle": -45, "axis": "y", "origin": [8, 11.8, 8.5]},
			"faces": {
				"north": {"uv": [0, 0, 9, 13], "texture": "#0"},
				"east": {"uv": [0, 0, 0, 2], "texture": "#0"},
				"south": {"uv": [0, 0, 9, 13], "texture": "#0"},
				"west": {"uv": [0, 0, 0, 2], "texture": "#0"},
				"up": {"uv": [0, 0, 0, 2], "rotation": 90, "texture": "#0"},
				"down": {"uv": [0, 0, 0, 2], "rotation": 270, "texture": "#0"}
			}
		},
		{
			"from": [2.6967, 12.3, 12.8033],
			"to": [2.6967, 15.3, 14.8033],
			"rotation": {"angle": -45, "axis": "y", "origin": [8, 11.8, 8.5]},
			"faces": {
				"north": {"uv": [0, 0, 0, 2], "texture": "#0"},
				"east": {"uv": [0, 0, 9, 13], "texture": "#0"},
				"south": {"uv": [0, 0, 0, 2], "texture": "#0"},
				"west": {"uv": [0, 0, 9, 13], "texture": "#0"},
				"up": {"uv": [0, 0, 0, 2], "texture": "#0"},
				"down": {"uv": [0, 0, 0, 2], "texture": "#0"}
			}
		},
		{
			"from": [0.5, 12.3, 7.5],
			"to": [0.5, 15.3, 9.5],
			"rotation": {"angle": 0, "axis": "y", "origin": [8, 11.8, 8.5]},
			"faces": {
				"north": {"uv": [0, 0, 0, 2], "texture": "#0"},
				"east": {"uv": [0, 0, 9, 13], "texture": "#0"},
				"south": {"uv": [0, 0, 0, 2], "texture": "#0"},
				"west": {"uv": [0, 0, 9, 13], "texture": "#0"},
				"up": {"uv": [0, 0, 0, 2], "rotation": 180, "texture": "#0"},
				"down": {"uv": [0, 0, 0, 2], "rotation": 180, "texture": "#0"}
			}
		},
		{
			"from": [1.5, 11.3, 8.5],
			"to": [3.5, 14.3, 8.5],
			"rotation": {"angle": 0, "axis": "y", "origin": [8, 11.8, 8.5]},
			"faces": {
				"north": {"uv": [0, 0, 9, 13], "texture": "#0"},
				"east": {"uv": [0, 0, 0, 2], "texture": "#0"},
				"south": {"uv": [0, 0, 9, 13], "texture": "#0"},
				"west": {"uv": [0, 0, 0, 2], "texture": "#0"},
				"up": {"uv": [0, 0, 0, 2], "rotation": 90, "texture": "#0"},
				"down": {"uv": [0, 0, 0, 2], "rotation": 270, "texture": "#0"}
			}
		},
		{
			"from": [3.11091, 11.3, 12.38909],
			"to": [5.11091, 14.3, 12.38909],
			"rotation": {"angle": -45, "axis": "y", "origin": [8, 11.8, 8.5]},
			"faces": {
				"north": {"uv": [0, 0, 9, 13], "texture": "#0"},
				"east": {"uv": [0, 0, 0, 2], "texture": "#0"},
				"south": {"uv": [0, 0, 9, 13], "texture": "#0"},
				"west": {"uv": [0, 0, 0, 2], "texture": "#0"},
				"up": {"uv": [0, 0, 0, 2], "rotation": 90, "texture": "#0"},
				"down": {"uv": [0, 0, 0, 2], "rotation": 270, "texture": "#0"}
			}
		},
		{
			"from": [4.11091, 11.3, 11.38909],
			"to": [4.11091, 14.3, 13.38909],
			"rotation": {"angle": -45, "axis": "y", "origin": [8, 11.8, 8.5]},
			"faces": {
				"north": {"uv": [0, 0, 0, 2], "texture": "#0"},
				"east": {"uv": [0, 0, 9, 13], "texture": "#0"},
				"south": {"uv": [0, 0, 0, 2], "texture": "#0"},
				"west": {"uv": [0, 0, 9, 13], "texture": "#0"},
				"up": {"uv": [0, 0, 0, 2], "texture": "#0"},
				"down": {"uv": [0, 0, 0, 2], "texture": "#0"}
			}
		},
		{
			"from": [2.5, 11.3, 7.5],
			"to": [2.5, 14.3, 9.5],
			"rotation": {"angle": 0, "axis": "y", "origin": [8, 11.8, 8.5]},
			"faces": {
				"north": {"uv": [0, 0, 0, 2], "texture": "#0"},
				"east": {"uv": [0, 0, 9, 13], "texture": "#0"},
				"south": {"uv": [0, 0, 0, 2], "texture": "#0"},
				"west": {"uv": [0, 0, 9, 13], "texture": "#0"},
				"up": {"uv": [0, 0, 0, 2], "rotation": 180, "texture": "#0"},
				"down": {"uv": [0, 0, 0, 2], "rotation": 180, "texture": "#0"}
			}
		},
		{
			"from": [3.5, 10.3, 8.5],
			"to": [5.5, 13.3, 8.5],
			"rotation": {"angle": 0, "axis": "y", "origin": [8, 11.8, 8.5]},
			"faces": {
				"north": {"uv": [0, 0, 9, 13], "texture": "#0"},
				"east": {"uv": [0, 0, 0, 2], "texture": "#0"},
				"south": {"uv": [0, 0, 9, 13], "texture": "#0"},
				"west": {"uv": [0, 0, 0, 2], "texture": "#0"},
				"up": {"uv": [0, 0, 0, 2], "rotation": 90, "texture": "#0"},
				"down": {"uv": [0, 0, 0, 2], "rotation": 270, "texture": "#0"}
			}
		},
		{
			"from": [4.52513, 10.3, 10.97487],
			"to": [6.52513, 13.3, 10.97487],
			"rotation": {"angle": -45, "axis": "y", "origin": [8, 11.8, 8.5]},
			"faces": {
				"north": {"uv": [0, 0, 9, 13], "texture": "#0"},
				"east": {"uv": [0, 0, 0, 2], "texture": "#0"},
				"south": {"uv": [0, 0, 9, 13], "texture": "#0"},
				"west": {"uv": [0, 0, 0, 2], "texture": "#0"},
				"up": {"uv": [0, 0, 0, 2], "rotation": 90, "texture": "#0"},
				"down": {"uv": [0, 0, 0, 2], "rotation": 270, "texture": "#0"}
			}
		},
		{
			"from": [5.52513, 10.3, 9.97487],
			"to": [5.52513, 13.3, 11.97487],
			"rotation": {"angle": -45, "axis": "y", "origin": [8, 11.8, 8.5]},
			"faces": {
				"north": {"uv": [0, 0, 0, 2], "texture": "#0"},
				"east": {"uv": [0, 0, 9, 13], "texture": "#0"},
				"south": {"uv": [0, 0, 0, 2], "texture": "#0"},
				"west": {"uv": [0, 0, 9, 13], "texture": "#0"},
				"up": {"uv": [0, 0, 0, 2], "texture": "#0"},
				"down": {"uv": [0, 0, 0, 2], "texture": "#0"}
			}
		},
		{
			"from": [4.5, 10.3, 7.5],
			"to": [4.5, 13.3, 9.5],
			"rotation": {"angle": 0, "axis": "y", "origin": [8, 11.8, 8.5]},
			"faces": {
				"north": {"uv": [0, 0, 0, 2], "texture": "#0"},
				"east": {"uv": [0, 0, 9, 13], "texture": "#0"},
				"south": {"uv": [0, 0, 0, 2], "texture": "#0"},
				"west": {"uv": [0, 0, 9, 13], "texture": "#0"},
				"up": {"uv": [0, 0, 0, 2], "rotation": 180, "texture": "#0"},
				"down": {"uv": [0, 0, 0, 2], "rotation": 180, "texture": "#0"}
			}
		},
		{
			"from": [5.5, 9.3, 8.5],
			"to": [7.5, 12.3, 8.5],
			"rotation": {"angle": 0, "axis": "y", "origin": [8, 11.8, 8.5]},
			"faces": {
				"north": {"uv": [0, 0, 9, 13], "texture": "#0"},
				"east": {"uv": [0, 0, 0, 2], "texture": "#0"},
				"south": {"uv": [0, 0, 9, 13], "texture": "#0"},
				"west": {"uv": [0, 0, 0, 2], "texture": "#0"},
				"up": {"uv": [0, 0, 0, 2], "rotation": 90, "texture": "#0"},
				"down": {"uv": [0, 0, 0, 2], "rotation": 270, "texture": "#0"}
			}
		},
		{
			"from": [5.93934, 9.3, 9.56066],
			"to": [7.93934, 12.3, 9.56066],
			"rotation": {"angle": -45, "axis": "y", "origin": [8, 11.8, 8.5]},
			"faces": {
				"north": {"uv": [0, 0, 9, 13], "texture": "#0"},
				"east": {"uv": [0, 0, 0, 2], "texture": "#0"},
				"south": {"uv": [0, 0, 9, 13], "texture": "#0"},
				"west": {"uv": [0, 0, 0, 2], "texture": "#0"},
				"up": {"uv": [0, 0, 0, 2], "rotation": 90, "texture": "#0"},
				"down": {"uv": [0, 0, 0, 2], "rotation": 270, "texture": "#0"}
			}
		},
		{
			"from": [6.93934, 9.3, 8.56066],
			"to": [6.93934, 12.3, 10.56066],
			"rotation": {"angle": -45, "axis": "y", "origin": [8, 11.8, 8.5]},
			"faces": {
				"north": {"uv": [0, 0, 0, 2], "texture": "#0"},
				"east": {"uv": [0, 0, 9, 13], "texture": "#0"},
				"south": {"uv": [0, 0, 0, 2], "texture": "#0"},
				"west": {"uv": [0, 0, 9, 13], "texture": "#0"},
				"up": {"uv": [0, 0, 0, 2], "texture": "#0"},
				"down": {"uv": [0, 0, 0, 2], "texture": "#0"}
			}
		},
		{
			"from": [6.5, 9.3, 7.5],
			"to": [6.5, 12.3, 9.5],
			"rotation": {"angle": 0, "axis": "y", "origin": [8, 11.8, 8.5]},
			"faces": {
				"north": {"uv": [0, 0, 0, 2], "texture": "#0"},
				"east": {"uv": [0, 0, 9, 13], "texture": "#0"},
				"south": {"uv": [0, 0, 0, 2], "texture": "#0"},
				"west": {"uv": [0, 0, 9, 13], "texture": "#0"},
				"up": {"uv": [0, 0, 0, 2], "rotation": 180, "texture": "#0"},
				"down": {"uv": [0, 0, 0, 2], "rotation": 180, "texture": "#0"}
			}
		},
		{
			"from": [8.5, 8.3, 8.5],
			"to": [10.5, 11.3, 8.5],
			"rotation": {"angle": 0, "axis": "y", "origin": [8, 11.8, 8.5]},
			"faces": {
				"north": {"uv": [0, 0, 9, 13], "texture": "#0"},
				"east": {"uv": [0, 0, 0, 2], "texture": "#0"},
				"south": {"uv": [0, 0, 9, 13], "texture": "#0"},
				"west": {"uv": [0, 0, 0, 2], "texture": "#0"},
				"up": {"uv": [0, 0, 0, 2], "rotation": 90, "texture": "#0"},
				"down": {"uv": [0, 0, 0, 2], "rotation": 270, "texture": "#0"}
			}
		},
		{
			"from": [8.06066, 8.3, 7.43934],
			"to": [10.06066, 11.3, 7.43934],
			"rotation": {"angle": -45, "axis": "y", "origin": [8, 11.8, 8.5]},
			"faces": {
				"north": {"uv": [0, 0, 9, 13], "texture": "#0"},
				"east": {"uv": [0, 0, 0, 2], "texture": "#0"},
				"south": {"uv": [0, 0, 9, 13], "texture": "#0"},
				"west": {"uv": [0, 0, 0, 2], "texture": "#0"},
				"up": {"uv": [0, 0, 0, 2], "rotation": 90, "texture": "#0"},
				"down": {"uv": [0, 0, 0, 2], "rotation": 270, "texture": "#0"}
			}
		},
		{
			"from": [9.06066, 8.3, 6.43934],
			"to": [9.06066, 11.3, 8.43934],
			"rotation": {"angle": -45, "axis": "y", "origin": [8, 11.8, 8.5]},
			"faces": {
				"north": {"uv": [0, 0, 0, 2], "texture": "#0"},
				"east": {"uv": [0, 0, 9, 13], "texture": "#0"},
				"south": {"uv": [0, 0, 0, 2], "texture": "#0"},
				"west": {"uv": [0, 0, 9, 13], "texture": "#0"},
				"up": {"uv": [0, 0, 0, 2], "texture": "#0"},
				"down": {"uv": [0, 0, 0, 2], "texture": "#0"}
			}
		},
		{
			"from": [9.5, 8.3, 7.5],
			"to": [9.5, 11.3, 9.5],
			"rotation": {"angle": 0, "axis": "y", "origin": [8, 11.8, 8.5]},
			"faces": {
				"north": {"uv": [0, 0, 0, 2], "texture": "#0"},
				"east": {"uv": [0, 0, 9, 13], "texture": "#0"},
				"south": {"uv": [0, 0, 0, 2], "texture": "#0"},
				"west": {"uv": [0, 0, 9, 13], "texture": "#0"},
				"up": {"uv": [0, 0, 0, 2], "rotation": 180, "texture": "#0"},
				"down": {"uv": [0, 0, 0, 2], "rotation": 180, "texture": "#0"}
			}
		}
	],
	"groups": [
		{
			"name": "group",
			"origin": [8.5, 5, 8.75],
			"children": [0, 1, 2, 3, 4, 5, 6, 7, 8, 9, 10, 11]
		},
		{
			"name": "1",
			"origin": [1, 1.5, 1],
			"children": [12, 13, 14, 15,
				{
					"name": "1",
					"origin": [1, 1.5, 1],
					"children": [16, 17, 18, 19]
				}, 20, 21, 22, 23,
				{
					"name": "1",
					"origin": [1, 1.5, 1],
					"children": [24, 25, 26, 27,
						{
							"name": "1",
							"origin": [1, 1.5, 1],
							"children": [28, 29, 30, 31]
						}
					]
				},
				{
					"name": "1",
					"origin": [1, 1.5, 1],
					"children": [32, 33, 34, 35]
				},
				{
					"name": "1",
					"origin": [1, 1.5, 1],
					"children": [36, 37, 38, 39]
				},
				{
					"name": "1",
					"origin": [1, 1.5, 1],
					"children": [40, 41, 42, 43]
				}
			]
		}, 44, 45, 46, 47,
		{
			"name": "1",
			"origin": [1, 1.5, 1],
			"children": [48, 49, 50, 51,
				{
					"name": "1",
					"origin": [1, 1.5, 1],
					"children": [52, 53, 54, 55]
				}, 56, 57, 58, 59,
				{
					"name": "1",
					"origin": [1, 1.5, 1],
					"children": [60, 61, 62, 63,
						{
							"name": "1",
							"origin": [1, 1.5, 1],
							"children": [64, 65, 66, 67]
						}
					]
				},
				{
					"name": "1",
					"origin": [1, 1.5, 1],
					"children": [68, 69, 70, 71]
				},
				{
					"name": "1",
					"origin": [1, 1.5, 1],
					"children": [72, 73, 74, 75]
				},
				{
					"name": "1",
					"origin": [1, 1.5, 1],
					"children": [76, 77, 78, 79]
				}
			]
		}
	]
}