{
	"credit": "Coco MCBBS",
	"textures": {
		"1": "block/morning_glory_flower/morning_glory_flower_white",
		"vine": "block/vine",
		"particle": "block/vine"
	},
	"elements": [
		{
			"from": [-3, 7, 13.2],
			"to": [5, 23, 13.2],
			"shade": false,
			"rotation": {"angle": 22.5, "axis": "y", "origin": [8, 15, 8]},
			"faces": {
				"north": {"uv": [0, 0, 8, 16], "texture": "#vine", "tintindex": 0},
				"south": {"uv": [0, 0, 8, 16], "texture": "#vine", "tintindex": 0}
			}
		},
		{
			"from": [-0.47323, 7, 15.47855],
			"to": [7.52677, 23, 15.47855],
			"shade": false,
			"rotation": {"angle": 0, "axis": "y", "origin": [3.53587, 14.97911, 15.49074]},
			"faces": {
				"north": {"uv": [0, 0, 8, 16], "texture": "#vine", "tintindex": 0},
				"south": {"uv": [0, 0, 8, 16], "texture": "#vine", "tintindex": 0}
			}
		},
		{
			"from": [5, 0, 16.2],
			"to": [14, 16, 16.2],
			"shade": false,
			"rotation": {"angle": 22.5, "axis": "y", "origin": [8, 8, 8]},
			"faces": {
				"north": {"uv": [7, 0, 16, 16], "texture": "#vine", "tintindex": 0},
				"east": {"uv": [7, 0, 16, 16], "texture": "#vine", "tintindex": 0},
				"south": {"uv": [7, 0, 16, 16], "texture": "#vine", "tintindex": 0},
				"west": {"uv": [7, 0, 16, 16], "texture": "#vine", "tintindex": 0},
				"up": {"uv": [7, 0, 16, 16], "texture": "#vine", "tintindex": 0},
				"down": {"uv": [7, 0, 16, 16], "texture": "#vine", "tintindex": 0}
			}
		},
		{
			"from": [3.02018, 2, 19.98713],
			"to": [12.02018, 18, 19.98713],
			"shade": false,
			"rotation": {"angle": 45, "axis": "y", "origin": [7.52392, 10.00268, 19.99105]},
			"faces": {
				"north": {"uv": [7, 0, 16, 16], "texture": "#vine", "tintindex": 0},
				"east": {"uv": [7, 0, 16, 16], "texture": "#vine", "tintindex": 0},
				"south": {"uv": [7, 0, 16, 16], "texture": "#vine", "tintindex": 0},
				"west": {"uv": [7, 0, 16, 16], "texture": "#vine", "tintindex": 0},
				"up": {"uv": [7, 0, 16, 16], "texture": "#vine", "tintindex": 0},
				"down": {"uv": [7, 0, 16, 16], "texture": "#vine", "tintindex": 0}
			}
		},
		{
			"from": [7.5338, 2, 15.49525],
			"to": [7.5338, 18, 24.49525],
			"shade": false,
			"rotation": {"angle": 22.5, "axis": "y", "origin": [7.52392, 10.00268, 19.99105]},
			"faces": {
				"north": {"uv": [7, 0, 16, 16], "texture": "#vine", "tintindex": 0},
				"east": {"uv": [7, 0, 16, 16], "texture": "#vine", "tintindex": 0},
				"south": {"uv": [7, 0, 16, 16], "texture": "#vine", "tintindex": 0},
				"west": {"uv": [7, 0, 16, 16], "texture": "#vine", "tintindex": 0},
				"up": {"uv": [7, 0, 16, 16], "rotation": 270, "texture": "#vine", "tintindex": 0},
				"down": {"uv": [7, 0, 16, 16], "rotation": 90, "texture": "#vine", "tintindex": 0}
			}
		},
		{
			"from": [8.02173, 0, 14.99651],
			"to": [17.02173, 16, 14.99651],
			"shade": false,
			"rotation": {"angle": -45, "axis": "y", "origin": [12.53603, 7.99569, 14.99388]},
			"faces": {
				"north": {"uv": [7, 0, 16, 16], "texture": "#vine", "tintindex": 0},
				"east": {"uv": [7, 0, 16, 16], "texture": "#vine", "tintindex": 0},
				"south": {"uv": [7, 0, 16, 16], "texture": "#vine", "tintindex": 0},
				"west": {"uv": [7, 0, 16, 16], "texture": "#vine", "tintindex": 0},
				"up": {"uv": [7, 0, 16, 16], "texture": "#vine", "tintindex": 0},
				"down": {"uv": [7, 0, 16, 16], "texture": "#vine", "tintindex": 0}
			}
		},
		{
			"from": [15, 13, 9],
			"to": [15, 16, 15],
			"rotation": {"angle": -22.5, "axis": "y", "origin": [16, 14.5, 11]},
			"faces": {
				"north": {"uv": [0, 0, 7, 16], "rotation": 270, "texture": "#1"},
				"east": {"uv": [0, 0, 8, 16], "rotation": 90, "texture": "#1"},
				"south": {"uv": [0, 0, 7, 16], "rotation": 270, "texture": "#1"},
				"west": {"uv": [0, 0, 8, 16], "rotation": 270, "texture": "#1"},
				"up": {"uv": [0, 0, 7, 16], "rotation": 270, "texture": "#1"},
				"down": {"uv": [0, 0, 7, 16], "rotation": 270, "texture": "#1"}
			}
		},
		{
			"from": [13, 13, 9],
			"to": [13, 16, 15],
			"rotation": {"angle": 22.5, "axis": "y", "origin": [12, 14.5, 11]},
			"faces": {
				"north": {"uv": [0, 0, 7, 16], "rotation": 270, "texture": "#1"},
				"east": {"uv": [0, 0, 8, 16], "rotation": 90, "texture": "#1"},
				"south": {"uv": [0, 0, 7, 16], "rotation": 270, "texture": "#1"},
				"west": {"uv": [0, 0, 8, 16], "rotation": 270, "texture": "#1"},
				"up": {"uv": [0, 0, 7, 16], "rotation": 270, "texture": "#1"},
				"down": {"uv": [0, 0, 7, 16], "rotation": 270, "texture": "#1"}
			}
		},
		{
			"from": [12.5, 15.5, 9],
			"to": [15.5, 15.5, 15],
			"rotation": {"angle": 22.5, "axis": "x", "origin": [14, 16.5, 11]},
			"faces": {
				"north": {"uv": [0, 0, 7, 16], "texture": "#1"},
				"east": {"uv": [0, 0, 7, 16], "rotation": 180, "texture": "#1"},
				"south": {"uv": [0, 0, 7, 16], "rotation": 180, "texture": "#1"},
				"west": {"uv": [0, 0, 7, 16], "rotation": 180, "texture": "#1"},
				"up": {"uv": [0, 0, 8, 16], "texture": "#1"},
				"down": {"uv": [0, 0, 8, 16], "rotation": 180, "texture": "#1"}
			}
		},
		{
			"from": [12.5, 13.5, 8],
			"to": [15.5, 13.5, 14],
			"rotation": {"angle": -22.5, "axis": "x", "origin": [13, 16.5, 10]},
			"faces": {
				"north": {"uv": [0, 0, 7, 16], "texture": "#1"},
				"east": {"uv": [0, 0, 7, 16], "rotation": 180, "texture": "#1"},
				"south": {"uv": [0, 0, 7, 16], "rotation": 180, "texture": "#1"},
				"west": {"uv": [0, 0, 7, 16], "rotation": 180, "texture": "#1"},
				"up": {"uv": [0, 0, 8, 16], "texture": "#1"},
				"down": {"uv": [0, 0, 8, 16], "rotation": 180, "texture": "#1"}
			}
		},
		{
			"from": [13, 14, 14],
			"to": [15, 15, 15],
			"rotation": {"angle": 0, "axis": "z", "origin": [20, 21, 17]},
			"faces": {
				"north": {"uv": [3, 15, 5, 16], "texture": "#1"},
				"east": {"uv": [3, 15, 5, 16], "texture": "#1"},
				"south": {"uv": [3, 15, 5, 16], "texture": "#1"},
				"west": {"uv": [3, 15, 5, 16], "texture": "#1"},
				"up": {"uv": [3, 15, 5, 16], "texture": "#1"},
				"down": {"uv": [3, 15, 5, 16], "texture": "#1"}
			}
		},
		{
			"from": [14, 14, 10],
			"to": [14, 15, 14],
			"faces": {
				"north": {"uv": [0, 0, 0, 1], "texture": "#missing"},
				"east": {"uv": [10, 10, 13, 15], "rotation": 90, "texture": "#1"},
				"south": {"uv": [0, 0, 0, 1], "texture": "#missing"},
				"west": {"uv": [10, 10, 13, 15], "rotation": 90, "texture": "#1"},
				"up": {"uv": [0, 0, 0, 6], "texture": "#missing"},
				"down": {"uv": [0, 0, 0, 6], "texture": "#missing"}
			}
		},
		{
			"from": [13.5, 14.5, 10],
			"to": [14.5, 14.5, 14],
			"rotation": {"angle": 0, "axis": "z", "origin": [14, 14.5, 12]},
			"faces": {
				"north": {"uv": [0, 0, 0, 1], "rotation": 270, "texture": "#1"},
				"east": {"uv": [0, 0, 0, 6], "rotation": 90, "texture": "#1"},
				"south": {"uv": [0, 0, 0, 1], "rotation": 90, "texture": "#1"},
				"west": {"uv": [0, 0, 0, 6], "rotation": 90, "texture": "#1"},
				"up": {"uv": [10, 10, 13, 15], "rotation": 180, "texture": "#1"},
				"down": {"uv": [10, 10, 13, 15], "rotation": 180, "texture": "#1"}
			}
		}
	],
	"groups": [0, 1, 2, 3, 4, 5,
		{
			"name": "FLOWER",
			"origin": [11, 21, 19],
			"children": [6, 7, 8, 9, 10, 11, 12]
		}
	]
}