{
	"credit": "Made with Blockbench",
	"ambientocclusion": false,
	"textures": {
		"0": "block/rose/mountainpoppy",
		"2": "block/rose/r",
		"particle": "block/rose/mountainpoppy"
	},
	"elements": [
		{
			"from": [6.84322, 10, 11.6254],
			"to": [9.84322, 13, 11.6254],
			"rotation": {"angle": -45, "axis": "y", "origin": [10.23649, 10.53189, 7.84305]},
			"faces": {
				"north": {"uv": [0, 0, 4, 4], "texture": "#0"},
				"east": {"uv": [0, 0, 0, 4], "texture": "#0"},
				"south": {"uv": [6, 0, 11, 5], "texture": "#0"},
				"west": {"uv": [0, 0, 0, 4], "texture": "#0"},
				"up": {"uv": [0, 0, 4, 0], "rotation": 180, "texture": "#0"},
				"down": {"uv": [0, 0, 4, 0], "rotation": 180, "texture": "#0"}
			}
		},
		{
			"from": [7, 10.66967, 7.31943],
			"to": [10, 13.66967, 7.31943],
			"rotation": {"angle": -22.5, "axis": "x", "origin": [10.23649, 10.53189, 7.84305]},
			"faces": {
				"north": {"uv": [6, 0, 11, 5], "texture": "#0"},
				"east": {"uv": [0, 0, 0, 4], "texture": "#0"},
				"south": {"uv": [6, 0, 11, 5], "texture": "#0"},
				"west": {"uv": [0, 0, 0, 4], "texture": "#0"},
				"up": {"uv": [0, 0, 4, 0], "texture": "#0"},
				"down": {"uv": [0, 0, 4, 0], "texture": "#0"}
			}
		},
		{
			"from": [6.79943, 9, 5.6671],
			"to": [9.79943, 12, 5.6671],
			"rotation": {"angle": 22.5, "axis": "y", "origin": [10.23649, 10.53189, 7.84305]},
			"faces": {
				"north": {"uv": [0, 0, 4, 4], "texture": "#0"},
				"east": {"uv": [0, 0, 0, 4], "texture": "#0"},
				"south": {"uv": [0, 0, 4, 4], "texture": "#0"},
				"west": {"uv": [0, 0, 0, 4], "texture": "#0"},
				"up": {"uv": [0, 0, 4, 0], "texture": "#0"},
				"down": {"uv": [0, 0, 4, 0], "texture": "#0"}
			}
		},
		{
			"from": [7.05893, 10, 7.41415],
			"to": [7.05893, 13, 11.41415],
			"rotation": {"angle": -45, "axis": "y", "origin": [10.23649, 10.53189, 7.84305]},
			"faces": {
				"north": {"uv": [0, 0, 0, 4], "texture": "#0"},
				"east": {"uv": [6, 0, 11, 5], "texture": "#0"},
				"south": {"uv": [0, 0, 0, 4], "texture": "#0"},
				"west": {"uv": [6, 0, 11, 5], "texture": "#0"},
				"up": {"uv": [0, 0, 4, 0], "rotation": 270, "texture": "#0"},
				"down": {"uv": [0, 0, 4, 0], "rotation": 90, "texture": "#0"}
			}
		},
		{
			"from": [7.27326, 12.12427, 6],
			"to": [7.27326, 15.12427, 10],
			"rotation": {"angle": 22.5, "axis": "z", "origin": [10.23649, 10.53189, 7.84305]},
			"faces": {
				"north": {"uv": [0, 0, 0, 4], "texture": "#0"},
				"east": {"uv": [6, 0, 11, 5], "texture": "#0"},
				"south": {"uv": [0, 0, 0, 4], "texture": "#0"},
				"west": {"uv": [6, 0, 11, 5], "texture": "#0"},
				"up": {"uv": [0, 0, 4, 0], "rotation": 270, "texture": "#0"},
				"down": {"uv": [0, 0, 4, 0], "rotation": 90, "texture": "#0"}
			}
		},
		{
			"from": [8.50978, 9, 6.3155],
			"to": [8.50978, 12, 9.3155],
			"rotation": {"angle": 22.5, "axis": "y", "origin": [10.23649, 10.53189, 7.84305]},
			"faces": {
				"north": {"uv": [0, 0, 0, 4], "texture": "#0"},
				"east": {"uv": [6, 0, 11, 5], "texture": "#0"},
				"south": {"uv": [0, 0, 0, 4], "texture": "#0"},
				"west": {"uv": [0, 0, 4, 4], "texture": "#0"},
				"up": {"uv": [0, 0, 4, 0], "rotation": 90, "texture": "#0"},
				"down": {"uv": [0, 0, 4, 0], "rotation": 270, "texture": "#0"}
			}
		},
		{
			"from": [5.99099, 11.23668, 9.94862],
			"to": [8.99099, 14.23668, 9.94862],
			"rotation": {"angle": 22.5, "axis": "x", "origin": [10.23649, 10.53189, 7.84305]},
			"faces": {
				"north": {"uv": [6, 0, 11, 5], "texture": "#0"},
				"east": {"uv": [0, 0, 0, 4], "texture": "#0"},
				"south": {"uv": [6, 0, 11, 5], "texture": "#0"},
				"west": {"uv": [0, 0, 0, 4], "texture": "#0"},
				"up": {"uv": [0, 0, 4, 0], "rotation": 180, "texture": "#0"},
				"down": {"uv": [0, 0, 4, 0], "rotation": 180, "texture": "#0"}
			}
		},
		{
			"from": [6.97425, 10, 8.85103],
			"to": [9.97425, 13, 8.85103],
			"rotation": {"angle": 22.5, "axis": "y", "origin": [10.23649, 10.53189, 7.84305]},
			"faces": {
				"north": {"uv": [0, 0, 4, 4], "texture": "#0"},
				"east": {"uv": [0, 0, 0, 4], "texture": "#0"},
				"south": {"uv": [6, 0, 11, 5], "texture": "#0"},
				"west": {"uv": [0, 0, 0, 4], "texture": "#0"},
				"up": {"uv": [0, 0, 4, 0], "rotation": 180, "texture": "#0"},
				"down": {"uv": [0, 0, 4, 0], "rotation": 180, "texture": "#0"}
			}
		},
		{
			"from": [8.64281, 10.48307, 7],
			"to": [8.64281, 13.48307, 10],
			"rotation": {"angle": -22.5, "axis": "z", "origin": [10.23649, 10.53189, 7.84305]},
			"faces": {
				"north": {"uv": [0, 0, 0, 4], "texture": "#0"},
				"east": {"uv": [6, 0, 11, 5], "texture": "#0"},
				"south": {"uv": [0, 0, 0, 4], "texture": "#0"},
				"west": {"uv": [6, 0, 11, 5], "texture": "#0"},
				"up": {"uv": [0, 0, 4, 0], "rotation": 90, "texture": "#0"},
				"down": {"uv": [0, 0, 4, 0], "rotation": 270, "texture": "#0"}
			}
		},
		{
			"from": [7, 9, 7],
			"to": [7, 11, 9],
			"rotation": {"angle": 0, "axis": "x", "origin": [10.23649, 10.53189, 7.84305]},
			"faces": {
				"north": {"uv": [0, 0, 0, 3], "texture": "#0"},
				"east": {"uv": [0, 0, 2, 3], "texture": "#0"},
				"south": {"uv": [0, 0, 0, 3], "texture": "#0"},
				"west": {"uv": [0, 0, 2, 3], "texture": "#0"},
				"up": {"uv": [0, 0, 0, 2], "texture": "#0"},
				"down": {"uv": [0, 0, 0, 2], "texture": "#0"}
			}
		},
		{
			"from": [7.25119, 9, 5.49391],
			"to": [7.25119, 11, 7.49391],
			"rotation": {"angle": 45, "axis": "y", "origin": [10.23649, 10.53189, 7.84305]},
			"faces": {
				"north": {"uv": [0, 0, 0, 3], "texture": "#0"},
				"east": {"uv": [0, 0, 2, 3], "texture": "#0"},
				"south": {"uv": [0, 0, 0, 3], "texture": "#0"},
				"west": {"uv": [0, 0, 2, 3], "texture": "#0"},
				"up": {"uv": [0, 0, 0, 2], "texture": "#0"},
				"down": {"uv": [0, 0, 0, 2], "texture": "#0"}
			}
		},
		{
			"from": [7.2, 10.16056, 8.58757],
			"to": [8.2, 12.16056, 8.58757],
			"rotation": {"angle": 22.5, "axis": "x", "origin": [10.23649, 10.53189, 7.84305]},
			"faces": {
				"north": {"uv": [0, 8, 9, 14], "texture": "#0"},
				"east": {"uv": [0, 0, 0, 3], "texture": "#0"},
				"south": {"uv": [0, 8, 9, 14], "texture": "#0"},
				"west": {"uv": [0, 0, 0, 3], "texture": "#0"},
				"up": {"uv": [0, 0, 0, 2], "rotation": 270, "texture": "#0"},
				"down": {"uv": [0, 0, 0, 2], "rotation": 90, "texture": "#0"}
			}
		},
		{
			"from": [7.2, 9.79479, 7.98368],
			"to": [8.2, 11.79479, 7.98368],
			"rotation": {"angle": -22.5, "axis": "x", "origin": [10.23649, 10.53189, 7.84305]},
			"faces": {
				"north": {"uv": [0, 8, 9, 14], "texture": "#0"},
				"east": {"uv": [0, 0, 0, 3], "texture": "#0"},
				"south": {"uv": [0, 8, 9, 14], "texture": "#0"},
				"west": {"uv": [0, 0, 0, 3], "texture": "#0"},
				"up": {"uv": [0, 0, 0, 2], "rotation": 270, "texture": "#0"},
				"down": {"uv": [0, 0, 0, 2], "rotation": 90, "texture": "#0"}
			}
		},
		{
			"from": [8.61236, 9.1522, 7.46822],
			"to": [8.61236, 11.1522, 9.46822],
			"rotation": {"angle": -22.5, "axis": "z", "origin": [10.23649, 10.53189, 7.84305]},
			"faces": {
				"north": {"uv": [0, 0, 0, 3], "texture": "#0"},
				"east": {"uv": [0, 8, 9, 14], "texture": "#0"},
				"south": {"uv": [0, 0, 0, 3], "texture": "#0"},
				"west": {"uv": [0, 8, 9, 14], "texture": "#0"},
				"up": {"uv": [0, 0, 0, 2], "texture": "#0"},
				"down": {"uv": [0, 0, 0, 2], "texture": "#0"}
			}
		},
		{
			"from": [8.07878, 10.97352, 7.46822],
			"to": [8.07878, 12.97352, 9.46822],
			"rotation": {"angle": 22.5, "axis": "z", "origin": [10.23649, 10.53189, 7.84305]},
			"faces": {
				"north": {"uv": [0, 0, 0, 3], "texture": "#0"},
				"east": {"uv": [0, 8, 9, 14], "texture": "#0"},
				"south": {"uv": [0, 0, 0, 3], "texture": "#0"},
				"west": {"uv": [0, 8, 9, 14], "texture": "#0"},
				"up": {"uv": [0, 0, 0, 2], "texture": "#0"},
				"down": {"uv": [0, 0, 0, 2], "texture": "#0"}
			}
		},
		{
			"from": [7, 10, 7],
			"to": [9, 10, 10],
			"rotation": {"angle": 0, "axis": "x", "origin": [10.23649, 10.53189, 7.84305]},
			"faces": {
				"north": {"uv": [0, 0, 3, 1], "texture": "#0"},
				"east": {"uv": [0, 0, 3, 1], "texture": "#0"},
				"south": {"uv": [0, 0, 3, 1], "texture": "#0"},
				"west": {"uv": [0, 0, 3, 1], "texture": "#0"},
				"up": {"uv": [0, 0, 3, 3], "texture": "#0"},
				"down": {"uv": [0, 0, 3, 3], "texture": "#0"}
			}
		},
		{
			"from": [7.2, 10.2, 7.5],
			"to": [8.2, 10.2, 9.5],
			"rotation": {"angle": 0, "axis": "y", "origin": [10.23649, 10.53189, 7.84305]},
			"faces": {
				"north": {"uv": [1, 8, 2, 9], "texture": "#0"},
				"east": {"uv": [1, 8, 2, 9], "texture": "#0"},
				"south": {"uv": [1, 8, 2, 9], "texture": "#0"},
				"west": {"uv": [1, 8, 2, 9], "texture": "#0"},
				"up": {"uv": [1, 8, 2, 9], "texture": "#0"},
				"down": {"uv": [1, 8, 2, 9], "texture": "#0"}
			}
		},
		{
			"from": [10.75743, 9, 9.00408],
			"to": [13.75743, 12, 9.00408],
			"rotation": {"angle": -45, "axis": "y", "origin": [12.73649, 10.03189, 7.34305]},
			"faces": {
				"north": {"uv": [0, 0, 4, 4], "texture": "#0"},
				"east": {"uv": [0, 0, 0, 4], "texture": "#0"},
				"south": {"uv": [6, 0, 11, 5], "texture": "#0"},
				"west": {"uv": [0, 0, 0, 4], "texture": "#0"},
				"up": {"uv": [0, 0, 4, 0], "rotation": 180, "texture": "#0"},
				"down": {"uv": [0, 0, 4, 0], "rotation": 180, "texture": "#0"}
			}
		},
		{
			"from": [12, 9.89907, 6.16615],
			"to": [15, 12.89907, 6.16615],
			"rotation": {"angle": -22.5, "axis": "x", "origin": [12.73649, 10.03189, 7.34305]},
			"faces": {
				"north": {"uv": [6, 0, 11, 5], "texture": "#0"},
				"east": {"uv": [0, 0, 0, 4], "texture": "#0"},
				"south": {"uv": [6, 0, 11, 5], "texture": "#0"},
				"west": {"uv": [0, 0, 0, 4], "texture": "#0"},
				"up": {"uv": [0, 0, 4, 0], "texture": "#0"},
				"down": {"uv": [0, 0, 4, 0], "texture": "#0"}
			}
		},
		{
			"from": [11.80047, 8, 5.66187],
			"to": [14.80047, 11, 5.66187],
			"rotation": {"angle": 22.5, "axis": "y", "origin": [12.73649, 10.03189, 7.34305]},
			"faces": {
				"north": {"uv": [0, 0, 4, 4], "texture": "#0"},
				"east": {"uv": [0, 0, 0, 4], "texture": "#0"},
				"south": {"uv": [0, 0, 4, 4], "texture": "#0"},
				"west": {"uv": [0, 0, 0, 4], "texture": "#0"},
				"up": {"uv": [0, 0, 4, 0], "texture": "#0"},
				"down": {"uv": [0, 0, 4, 0], "texture": "#0"}
			}
		},
		{
			"from": [10.97314, 9, 4.79283],
			"to": [10.97314, 12, 8.79283],
			"rotation": {"angle": -45, "axis": "y", "origin": [12.73649, 10.03189, 7.34305]},
			"faces": {
				"north": {"uv": [0, 0, 0, 4], "texture": "#0"},
				"east": {"uv": [6, 0, 11, 5], "texture": "#0"},
				"south": {"uv": [0, 0, 0, 4], "texture": "#0"},
				"west": {"uv": [6, 0, 11, 5], "texture": "#0"},
				"up": {"uv": [0, 0, 4, 0], "rotation": 270, "texture": "#0"},
				"down": {"uv": [0, 0, 4, 0], "rotation": 90, "texture": "#0"}
			}
		},
		{
			"from": [11.89162, 10.20563, 5],
			"to": [11.89162, 13.20563, 9],
			"rotation": {"angle": 22.5, "axis": "z", "origin": [12.73649, 10.03189, 7.34305]},
			"faces": {
				"north": {"uv": [0, 0, 0, 4], "texture": "#0"},
				"east": {"uv": [6, 0, 11, 5], "texture": "#0"},
				"south": {"uv": [0, 0, 0, 4], "texture": "#0"},
				"west": {"uv": [6, 0, 11, 5], "texture": "#0"},
				"up": {"uv": [0, 0, 4, 0], "rotation": 270, "texture": "#0"},
				"down": {"uv": [0, 0, 4, 0], "rotation": 90, "texture": "#0"}
			}
		},
		{
			"from": [13.51082, 8, 6.31027],
			"to": [13.51082, 11, 9.31027],
			"rotation": {"angle": 22.5, "axis": "y", "origin": [12.73649, 10.03189, 7.34305]},
			"faces": {
				"north": {"uv": [0, 0, 0, 4], "texture": "#0"},
				"east": {"uv": [6, 0, 11, 5], "texture": "#0"},
				"south": {"uv": [0, 0, 0, 4], "texture": "#0"},
				"west": {"uv": [0, 0, 4, 4], "texture": "#0"},
				"up": {"uv": [0, 0, 4, 0], "rotation": 90, "texture": "#0"},
				"down": {"uv": [0, 0, 4, 0], "rotation": 270, "texture": "#0"}
			}
		},
		{
			"from": [10.99099, 10.0834, 9.17803],
			"to": [13.99099, 13.0834, 9.17803],
			"rotation": {"angle": 22.5, "axis": "x", "origin": [12.73649, 10.03189, 7.34305]},
			"faces": {
				"north": {"uv": [6, 0, 11, 5], "texture": "#0"},
				"east": {"uv": [0, 0, 0, 4], "texture": "#0"},
				"south": {"uv": [6, 0, 11, 5], "texture": "#0"},
				"west": {"uv": [0, 0, 0, 4], "texture": "#0"},
				"up": {"uv": [0, 0, 4, 0], "rotation": 180, "texture": "#0"},
				"down": {"uv": [0, 0, 4, 0], "rotation": 180, "texture": "#0"}
			}
		},
		{
			"from": [11.97529, 9, 8.8458],
			"to": [14.97529, 12, 8.8458],
			"rotation": {"angle": 22.5, "axis": "y", "origin": [12.73649, 10.03189, 7.34305]},
			"faces": {
				"north": {"uv": [0, 0, 4, 4], "texture": "#0"},
				"east": {"uv": [0, 0, 0, 4], "texture": "#0"},
				"south": {"uv": [6, 0, 11, 5], "texture": "#0"},
				"west": {"uv": [0, 0, 0, 4], "texture": "#0"},
				"up": {"uv": [0, 0, 4, 0], "rotation": 180, "texture": "#0"},
				"down": {"uv": [0, 0, 4, 0], "rotation": 180, "texture": "#0"}
			}
		},
		{
			"from": [13.64385, 10.47784, 6],
			"to": [13.64385, 13.47784, 9],
			"rotation": {"angle": -22.5, "axis": "z", "origin": [12.73649, 10.03189, 7.34305]},
			"faces": {
				"north": {"uv": [0, 0, 0, 4], "texture": "#0"},
				"east": {"uv": [6, 0, 11, 5], "texture": "#0"},
				"south": {"uv": [0, 0, 0, 4], "texture": "#0"},
				"west": {"uv": [6, 0, 11, 5], "texture": "#0"},
				"up": {"uv": [0, 0, 4, 0], "rotation": 90, "texture": "#0"},
				"down": {"uv": [0, 0, 4, 0], "rotation": 270, "texture": "#0"}
			}
		},
		{
			"from": [12, 8, 6],
			"to": [12, 10, 8],
			"rotation": {"angle": 0, "axis": "y", "origin": [12.73649, 10.03189, 7.34305]},
			"faces": {
				"north": {"uv": [0, 0, 0, 3], "texture": "#0"},
				"east": {"uv": [0, 0, 2, 3], "texture": "#0"},
				"south": {"uv": [0, 0, 0, 3], "texture": "#0"},
				"west": {"uv": [0, 0, 2, 3], "texture": "#0"},
				"up": {"uv": [0, 0, 0, 2], "texture": "#0"},
				"down": {"uv": [0, 0, 0, 2], "texture": "#0"}
			}
		},
		{
			"from": [11.87251, 8, 6.40812],
			"to": [11.87251, 10, 8.40812],
			"rotation": {"angle": 45, "axis": "y", "origin": [12.73649, 10.03189, 7.34305]},
			"faces": {
				"north": {"uv": [0, 0, 0, 3], "texture": "#0"},
				"east": {"uv": [0, 0, 2, 3], "texture": "#0"},
				"south": {"uv": [0, 0, 0, 3], "texture": "#0"},
				"west": {"uv": [0, 0, 2, 3], "texture": "#0"},
				"up": {"uv": [0, 0, 0, 2], "texture": "#0"},
				"down": {"uv": [0, 0, 0, 2], "texture": "#0"}
			}
		},
		{
			"from": [12.2, 9.00728, 7.81697],
			"to": [13.2, 11.00728, 7.81697],
			"rotation": {"angle": 22.5, "axis": "x", "origin": [12.73649, 10.03189, 7.34305]},
			"faces": {
				"north": {"uv": [0, 8, 9, 14], "texture": "#0"},
				"east": {"uv": [0, 0, 0, 3], "texture": "#0"},
				"south": {"uv": [0, 8, 9, 14], "texture": "#0"},
				"west": {"uv": [0, 0, 0, 3], "texture": "#0"},
				"up": {"uv": [0, 0, 0, 2], "rotation": 270, "texture": "#0"},
				"down": {"uv": [0, 0, 0, 2], "rotation": 90, "texture": "#0"}
			}
		},
		{
			"from": [12.2, 9.02419, 6.8304],
			"to": [13.2, 11.02419, 6.8304],
			"rotation": {"angle": -22.5, "axis": "x", "origin": [12.73649, 10.03189, 7.34305]},
			"faces": {
				"north": {"uv": [0, 8, 9, 14], "texture": "#0"},
				"east": {"uv": [0, 0, 0, 3], "texture": "#0"},
				"south": {"uv": [0, 8, 9, 14], "texture": "#0"},
				"west": {"uv": [0, 0, 0, 3], "texture": "#0"},
				"up": {"uv": [0, 0, 0, 2], "rotation": 270, "texture": "#0"},
				"down": {"uv": [0, 0, 0, 2], "rotation": 90, "texture": "#0"}
			}
		},
		{
			"from": [13.6134, 9.14697, 6.46822],
			"to": [13.6134, 11.14697, 8.46822],
			"rotation": {"angle": -22.5, "axis": "z", "origin": [12.73649, 10.03189, 7.34305]},
			"faces": {
				"north": {"uv": [0, 0, 0, 3], "texture": "#0"},
				"east": {"uv": [0, 8, 9, 14], "texture": "#0"},
				"south": {"uv": [0, 0, 0, 3], "texture": "#0"},
				"west": {"uv": [0, 8, 9, 14], "texture": "#0"},
				"up": {"uv": [0, 0, 0, 2], "texture": "#0"},
				"down": {"uv": [0, 0, 0, 2], "texture": "#0"}
			}
		},
		{
			"from": [12.69714, 9.05487, 6.46822],
			"to": [12.69714, 11.05487, 8.46822],
			"rotation": {"angle": 22.5, "axis": "z", "origin": [12.73649, 10.03189, 7.34305]},
			"faces": {
				"north": {"uv": [0, 0, 0, 3], "texture": "#0"},
				"east": {"uv": [0, 8, 9, 14], "texture": "#0"},
				"south": {"uv": [0, 0, 0, 3], "texture": "#0"},
				"west": {"uv": [0, 8, 9, 14], "texture": "#0"},
				"up": {"uv": [0, 0, 0, 2], "texture": "#0"},
				"down": {"uv": [0, 0, 0, 2], "texture": "#0"}
			}
		},
		{
			"from": [12, 9, 6],
			"to": [14, 9, 9],
			"rotation": {"angle": 0, "axis": "y", "origin": [12.73649, 10.03189, 7.34305]},
			"faces": {
				"north": {"uv": [0, 0, 3, 1], "texture": "#0"},
				"east": {"uv": [0, 0, 3, 1], "texture": "#0"},
				"south": {"uv": [0, 0, 3, 1], "texture": "#0"},
				"west": {"uv": [0, 0, 3, 1], "texture": "#0"},
				"up": {"uv": [0, 0, 3, 3], "texture": "#0"},
				"down": {"uv": [0, 0, 3, 3], "texture": "#0"}
			}
		},
		{
			"from": [12.2, 9.2, 6.5],
			"to": [13.2, 9.2, 8.5],
			"rotation": {"angle": 0, "axis": "y", "origin": [12.73649, 10.03189, 7.34305]},
			"faces": {
				"north": {"uv": [1, 8, 2, 9], "texture": "#0"},
				"east": {"uv": [1, 8, 2, 9], "texture": "#0"},
				"south": {"uv": [1, 8, 2, 9], "texture": "#0"},
				"west": {"uv": [1, 8, 2, 9], "texture": "#0"},
				"up": {"uv": [1, 8, 2, 9], "texture": "#0"},
				"down": {"uv": [1, 8, 2, 9], "texture": "#0"}
			}
		},
		{
			"from": [4, -1, 10],
			"to": [8, 10, 10],
			"rotation": {"angle": 22.5, "axis": "z", "origin": [8, 5, 7]},
			"faces": {
				"north": {"uv": [6, 6, 10, 16], "texture": "#2"},
				"east": {"uv": [0, 0, 0, 10], "texture": "#missing"},
				"south": {"uv": [10, 6, 6, 16], "texture": "#2"},
				"west": {"uv": [0, 0, 0, 10], "texture": "#missing"},
				"up": {"uv": [0, 0, 0, 5], "rotation": 90, "texture": "#missing"},
				"down": {"uv": [0, 0, 0, 5], "rotation": 270, "texture": "#missing"}
			}
		},
		{
			"from": [8, -1, 6],
			"to": [8, 10, 10],
			"rotation": {"angle": 0, "axis": "y", "origin": [8, 5, 7]},
			"faces": {
				"north": {"uv": [0, 0, 0, 10], "texture": "#2"},
				"east": {"uv": [10, 6, 6, 16], "texture": "#2"},
				"south": {"uv": [0, 0, 0, 10], "texture": "#2"},
				"west": {"uv": [6, 6, 10, 16], "texture": "#2"},
				"up": {"uv": [0, 0, 0, 5], "texture": "#2"},
				"down": {"uv": [0, 0, 0, 5], "texture": "#2"}
			}
		},
		{
			"from": [8, 0, 7],
			"to": [12, 10, 7],
			"rotation": {"angle": -22.5, "axis": "z", "origin": [8, 5, 7]},
			"faces": {
				"north": {"uv": [6, 6, 10, 16], "texture": "#2"},
				"east": {"uv": [0, 0, 0, 10], "texture": "#2"},
				"south": {"uv": [10, 6, 6, 16], "texture": "#2"},
				"west": {"uv": [0, 0, 0, 10], "texture": "#2"},
				"up": {"uv": [0, 0, 0, 5], "rotation": 90, "texture": "#2"},
				"down": {"uv": [0, 0, 0, 5], "rotation": 270, "texture": "#2"}
			}
		},
		{
			"from": [0.95264, 8, 12.66321],
			"to": [3.95264, 11, 12.66321],
			"rotation": {"angle": -45, "axis": "y", "origin": [3.62974, 8.40844, 10.43698]},
			"faces": {
				"north": {"uv": [0, 0, 4, 4], "texture": "#0"},
				"east": {"uv": [0, 0, 0, 4], "texture": "#0"},
				"south": {"uv": [6, 0, 11, 5], "texture": "#0"},
				"west": {"uv": [0, 0, 0, 4], "texture": "#0"},
				"up": {"uv": [0, 0, 4, 0], "rotation": 180, "texture": "#0"},
				"down": {"uv": [0, 0, 4, 0], "rotation": 180, "texture": "#0"}
			}
		},
		{
			"from": [2, 8.88756, 9.41188],
			"to": [5, 11.88756, 9.41188],
			"rotation": {"angle": -22.5, "axis": "x", "origin": [3.62974, 8.40844, 10.43698]},
			"faces": {
				"north": {"uv": [6, 0, 11, 5], "texture": "#0"},
				"east": {"uv": [0, 0, 0, 4], "texture": "#0"},
				"south": {"uv": [6, 0, 11, 5], "texture": "#0"},
				"west": {"uv": [0, 0, 0, 4], "texture": "#0"},
				"up": {"uv": [0, 0, 4, 0], "texture": "#0"},
				"down": {"uv": [0, 0, 4, 0], "texture": "#0"}
			}
		},
		{
			"from": [1.90441, 7, 8.32719],
			"to": [4.90441, 10, 8.32719],
			"rotation": {"angle": 22.5, "axis": "y", "origin": [3.62974, 8.40844, 10.43698]},
			"faces": {
				"north": {"uv": [0, 0, 4, 4], "texture": "#0"},
				"east": {"uv": [0, 0, 0, 4], "texture": "#0"},
				"south": {"uv": [0, 0, 4, 4], "texture": "#0"},
				"west": {"uv": [0, 0, 0, 4], "texture": "#0"},
				"up": {"uv": [0, 0, 4, 0], "texture": "#0"},
				"down": {"uv": [0, 0, 4, 0], "texture": "#0"}
			}
		},
		{
			"from": [1.16835, 8, 8.45196],
			"to": [1.16835, 11, 12.45196],
			"rotation": {"angle": -45, "axis": "y", "origin": [3.62974, 8.40844, 10.43698]},
			"faces": {
				"north": {"uv": [0, 0, 0, 4], "texture": "#0"},
				"east": {"uv": [6, 0, 11, 5], "texture": "#0"},
				"south": {"uv": [0, 0, 0, 4], "texture": "#0"},
				"west": {"uv": [6, 0, 11, 5], "texture": "#0"},
				"up": {"uv": [0, 0, 4, 0], "rotation": 270, "texture": "#0"},
				"down": {"uv": [0, 0, 4, 0], "rotation": 90, "texture": "#0"}
			}
		},
		{
			"from": [2.1982, 9.5, 8],
			"to": [2.1982, 12.5, 12],
			"rotation": {"angle": 22.5, "axis": "z", "origin": [3.62974, 8.40844, 10.43698]},
			"faces": {
				"north": {"uv": [0, 0, 0, 4], "texture": "#0"},
				"east": {"uv": [6, 0, 11, 5], "texture": "#0"},
				"south": {"uv": [0, 0, 0, 4], "texture": "#0"},
				"west": {"uv": [6, 0, 11, 5], "texture": "#0"},
				"up": {"uv": [0, 0, 4, 0], "rotation": 270, "texture": "#0"},
				"down": {"uv": [0, 0, 4, 0], "rotation": 90, "texture": "#0"}
			}
		},
		{
			"from": [3.61476, 7, 8.97559],
			"to": [3.61476, 10, 11.97559],
			"rotation": {"angle": 22.5, "axis": "y", "origin": [3.62974, 8.40844, 10.43698]},
			"faces": {
				"north": {"uv": [0, 0, 0, 4], "texture": "#0"},
				"east": {"uv": [6, 0, 11, 5], "texture": "#0"},
				"south": {"uv": [0, 0, 0, 4], "texture": "#0"},
				"west": {"uv": [0, 0, 4, 4], "texture": "#0"},
				"up": {"uv": [0, 0, 4, 0], "rotation": 90, "texture": "#0"},
				"down": {"uv": [0, 0, 4, 0], "rotation": 270, "texture": "#0"}
			}
		},
		{
			"from": [0.99099, 9, 11.94659],
			"to": [3.99099, 12, 11.94659],
			"rotation": {"angle": 22.5, "axis": "x", "origin": [3.62974, 8.40844, 10.43698]},
			"faces": {
				"north": {"uv": [6, 0, 11, 5], "texture": "#0"},
				"east": {"uv": [0, 0, 0, 4], "texture": "#0"},
				"south": {"uv": [6, 0, 11, 5], "texture": "#0"},
				"west": {"uv": [0, 0, 0, 4], "texture": "#0"},
				"up": {"uv": [0, 0, 4, 0], "rotation": 180, "texture": "#0"},
				"down": {"uv": [0, 0, 4, 0], "rotation": 180, "texture": "#0"}
			}
		},
		{
			"from": [2.07923, 8, 11.51112],
			"to": [5.07923, 11, 11.51112],
			"rotation": {"angle": 22.5, "axis": "y", "origin": [3.62974, 8.40844, 10.43698]},
			"faces": {
				"north": {"uv": [0, 0, 4, 4], "texture": "#0"},
				"east": {"uv": [0, 0, 0, 4], "texture": "#0"},
				"south": {"uv": [6, 0, 11, 5], "texture": "#0"},
				"west": {"uv": [0, 0, 0, 4], "texture": "#0"},
				"up": {"uv": [0, 0, 4, 0], "rotation": 180, "texture": "#0"},
				"down": {"uv": [0, 0, 4, 0], "rotation": 180, "texture": "#0"}
			}
		},
		{
			"from": [3.47326, 9.08855, 9],
			"to": [3.47326, 12.08855, 12],
			"rotation": {"angle": -22.5, "axis": "z", "origin": [3.62974, 8.40844, 10.43698]},
			"faces": {
				"north": {"uv": [0, 0, 0, 4], "texture": "#0"},
				"east": {"uv": [6, 0, 11, 5], "texture": "#0"},
				"south": {"uv": [0, 0, 0, 4], "texture": "#0"},
				"west": {"uv": [6, 0, 11, 5], "texture": "#0"},
				"up": {"uv": [0, 0, 4, 0], "rotation": 90, "texture": "#0"},
				"down": {"uv": [0, 0, 4, 0], "rotation": 270, "texture": "#0"}
			}
		},
		{
			"from": [2, 7, 9],
			"to": [2, 9, 11],
			"rotation": {"angle": 0, "axis": "y", "origin": [3.62974, 8.40844, 10.43698]},
			"faces": {
				"north": {"uv": [0, 0, 0, 3], "texture": "#0"},
				"east": {"uv": [0, 0, 2, 3], "texture": "#0"},
				"south": {"uv": [0, 0, 0, 3], "texture": "#0"},
				"west": {"uv": [0, 0, 2, 3], "texture": "#0"},
				"up": {"uv": [0, 0, 0, 2], "texture": "#0"},
				"down": {"uv": [0, 0, 0, 2], "texture": "#0"}
			}
		},
		{
			"from": [2.20055, 7, 8.80401],
			"to": [2.20055, 9, 10.80401],
			"rotation": {"angle": 45, "axis": "y", "origin": [3.62974, 8.40844, 10.43698]},
			"faces": {
				"north": {"uv": [0, 0, 0, 3], "texture": "#0"},
				"east": {"uv": [0, 0, 2, 3], "texture": "#0"},
				"south": {"uv": [0, 0, 0, 3], "texture": "#0"},
				"west": {"uv": [0, 0, 2, 3], "texture": "#0"},
				"up": {"uv": [0, 0, 0, 2], "texture": "#0"},
				"down": {"uv": [0, 0, 0, 2], "texture": "#0"}
			}
		},
		{
			"from": [2.2, 8, 10.96822],
			"to": [3.2, 10, 10.96822],
			"rotation": {"angle": 22.5, "axis": "x", "origin": [3.62974, 9.40844, 10.43698]},
			"faces": {
				"north": {"uv": [0, 8, 9, 14], "texture": "#0"},
				"east": {"uv": [0, 0, 0, 3], "texture": "#0"},
				"south": {"uv": [0, 8, 9, 14], "texture": "#0"},
				"west": {"uv": [0, 0, 0, 3], "texture": "#0"},
				"up": {"uv": [0, 0, 0, 2], "rotation": 270, "texture": "#0"},
				"down": {"uv": [0, 0, 0, 2], "rotation": 90, "texture": "#0"}
			}
		},
		{
			"from": [2.2, 8, 9.96822],
			"to": [3.2, 10, 9.96822],
			"rotation": {"angle": -22.5, "axis": "x", "origin": [3.04923, 8.67336, 10.35116]},
			"faces": {
				"north": {"uv": [0, 8, 9, 14], "texture": "#0"},
				"east": {"uv": [0, 0, 0, 3], "texture": "#0"},
				"south": {"uv": [0, 8, 9, 14], "texture": "#0"},
				"west": {"uv": [0, 0, 0, 3], "texture": "#0"},
				"up": {"uv": [0, 0, 0, 2], "rotation": 270, "texture": "#0"},
				"down": {"uv": [0, 0, 0, 2], "rotation": 90, "texture": "#0"}
			}
		},
		{
			"from": [3.5, 8, 9.46822],
			"to": [3.5, 10, 11.46822],
			"rotation": {"angle": -22.5, "axis": "z", "origin": [3.04923, 8.67336, 10.35116]},
			"faces": {
				"north": {"uv": [0, 0, 0, 3], "texture": "#0"},
				"east": {"uv": [0, 8, 9, 14], "texture": "#0"},
				"south": {"uv": [0, 0, 0, 3], "texture": "#0"},
				"west": {"uv": [0, 8, 9, 14], "texture": "#0"},
				"up": {"uv": [0, 0, 0, 2], "texture": "#0"},
				"down": {"uv": [0, 0, 0, 2], "texture": "#0"}
			}
		},
		{
			"from": [2.5, 8, 9.46822],
			"to": [2.5, 10, 11.46822],
			"rotation": {"angle": 22.5, "axis": "z", "origin": [2.5, 9.5, 10.46822]},
			"faces": {
				"north": {"uv": [0, 0, 0, 3], "texture": "#0"},
				"east": {"uv": [0, 8, 9, 14], "texture": "#0"},
				"south": {"uv": [0, 0, 0, 3], "texture": "#0"},
				"west": {"uv": [0, 8, 9, 14], "texture": "#0"},
				"up": {"uv": [0, 0, 0, 2], "texture": "#0"},
				"down": {"uv": [0, 0, 0, 2], "texture": "#0"}
			}
		},
		{
			"from": [2, 8, 9],
			"to": [4, 8, 12],
			"rotation": {"angle": 0, "axis": "y", "origin": [3.62974, 8.40844, 10.43698]},
			"faces": {
				"north": {"uv": [0, 0, 3, 1], "texture": "#0"},
				"east": {"uv": [0, 0, 3, 1], "texture": "#0"},
				"south": {"uv": [0, 0, 3, 1], "texture": "#0"},
				"west": {"uv": [0, 0, 3, 1], "texture": "#0"},
				"up": {"uv": [0, 0, 3, 3], "texture": "#0"},
				"down": {"uv": [0, 0, 3, 3], "texture": "#0"}
			}
		},
		{
			"from": [2.2, 8.2, 9.5],
			"to": [3.2, 8.2, 11.5],
			"rotation": {"angle": 0, "axis": "y", "origin": [3, 6, 11]},
			"faces": {
				"north": {"uv": [1, 8, 2, 9], "texture": "#0"},
				"east": {"uv": [1, 8, 2, 9], "texture": "#0"},
				"south": {"uv": [1, 8, 2, 9], "texture": "#0"},
				"west": {"uv": [1, 8, 2, 9], "texture": "#0"},
				"up": {"uv": [1, 8, 2, 9], "texture": "#0"},
				"down": {"uv": [1, 8, 2, 9], "texture": "#0"}
			}
		}
	],
	"groups": [
		{
			"name": "1",
			"origin": [7.08579, 1.5, 7.5],
			"children": [
				{
					"name": "group",
					"origin": [3.62974, 18.40844, 7.43698],
					"children": [0, 1, 2, 3, 4, 5, 6, 7, 8, 9, 10, 11, 12, 13, 14, 15, 16,
						{
							"name": "group",
							"origin": [3.62974, 18.40844, 7.43698],
							"children": [17, 18, 19, 20, 21, 22, 23, 24, 25, 26, 27, 28, 29, 30, 31, 32, 33]
						}
					]
				}
			]
		}, 34, 35, 36,
		{
			"name": "group",
			"origin": [3.62974, 18.40844, 7.43698],
			"children": [37, 38, 39, 40, 41, 42, 43, 44, 45, 46, 47, 48, 49, 50, 51, 52, 53]
		}
	]
}