{
	"credit": "Made with Blockbench",
	"ambientocclusion": false,
	"textures": {
		"0": "block/rose/niggh",
		"2": "block/rose/r",
		"particle": "block/rose/niggh"
	},
	"elements": [
		{
			"from": [5.95264, 9, 9.66321],
			"to": [9.95264, 13, 9.66321],
			"rotation": {"angle": -22.5, "axis": "y", "origin": [8.62974, 10.40844, 7.43698]},
			"faces": {
				"north": {"uv": [0, 0, 4, 4], "texture": "#0"},
				"east": {"uv": [0, 0, 0, 4], "texture": "#0"},
				"south": {"uv": [6, 0, 11, 5], "texture": "#0"},
				"west": {"uv": [0, 0, 0, 4], "texture": "#0"},
				"up": {"uv": [0, 0, 4, 0], "rotation": 180, "texture": "#0"},
				"down": {"uv": [0, 0, 4, 0], "rotation": 180, "texture": "#0"}
			}
		},
		{
			"from": [7, 10.88756, 6.41188],
			"to": [11, 14.88756, 6.41188],
			"rotation": {"angle": -22.5, "axis": "x", "origin": [8.62974, 10.40844, 7.43698]},
			"faces": {
				"north": {"uv": [6, 0, 11, 5], "texture": "#0"},
				"east": {"uv": [0, 0, 0, 4], "texture": "#0"},
				"south": {"uv": [6, 0, 11, 5], "texture": "#0"},
				"west": {"uv": [0, 0, 0, 4], "texture": "#0"},
				"up": {"uv": [0, 0, 4, 0], "texture": "#0"},
				"down": {"uv": [0, 0, 4, 0], "texture": "#0"}
			}
		},
		{
			"from": [6.90441, 9, 5.32719],
			"to": [10.90441, 13, 5.32719],
			"rotation": {"angle": 22.5, "axis": "y", "origin": [8.62974, 10.40844, 7.43698]},
			"faces": {
				"north": {"uv": [0, 0, 4, 4], "texture": "#0"},
				"east": {"uv": [0, 0, 0, 4], "texture": "#0"},
				"south": {"uv": [0, 0, 4, 4], "texture": "#0"},
				"west": {"uv": [0, 0, 0, 4], "texture": "#0"},
				"up": {"uv": [0, 0, 4, 0], "texture": "#0"},
				"down": {"uv": [0, 0, 4, 0], "texture": "#0"}
			}
		},
		{
			"from": [6.16835, 10, 5.45196],
			"to": [6.16835, 14, 9.45196],
			"rotation": {"angle": -45, "axis": "y", "origin": [8.62974, 10.40844, 7.43698]},
			"faces": {
				"north": {"uv": [0, 0, 0, 4], "texture": "#0"},
				"east": {"uv": [6, 0, 11, 5], "texture": "#0"},
				"south": {"uv": [0, 0, 0, 4], "texture": "#0"},
				"west": {"uv": [6, 0, 11, 5], "texture": "#0"},
				"up": {"uv": [0, 0, 4, 0], "rotation": 270, "texture": "#0"},
				"down": {"uv": [0, 0, 4, 0], "rotation": 90, "texture": "#0"}
			}
		},
		{
			"from": [7.1982, 11.5, 5],
			"to": [7.1982, 15.5, 9],
			"rotation": {"angle": 22.5, "axis": "z", "origin": [8.62974, 10.40844, 7.43698]},
			"faces": {
				"north": {"uv": [0, 0, 0, 4], "texture": "#0"},
				"east": {"uv": [6, 0, 11, 5], "texture": "#0"},
				"south": {"uv": [0, 0, 0, 4], "texture": "#0"},
				"west": {"uv": [6, 0, 11, 5], "texture": "#0"},
				"up": {"uv": [0, 0, 4, 0], "rotation": 270, "texture": "#0"},
				"down": {"uv": [0, 0, 4, 0], "rotation": 90, "texture": "#0"}
			}
		},
		{
			"from": [10.61476, 9, 4.97559],
			"to": [10.61476, 13, 8.97559],
			"rotation": {"angle": 22.5, "axis": "y", "origin": [8.62974, 10.40844, 7.43698]},
			"faces": {
				"north": {"uv": [0, 0, 0, 4], "texture": "#0"},
				"east": {"uv": [6, 0, 11, 5], "texture": "#0"},
				"south": {"uv": [0, 0, 0, 4], "texture": "#0"},
				"west": {"uv": [0, 0, 4, 4], "texture": "#0"},
				"up": {"uv": [0, 0, 4, 0], "rotation": 90, "texture": "#0"},
				"down": {"uv": [0, 0, 4, 0], "rotation": 270, "texture": "#0"}
			}
		},
		{
			"from": [5.99099, 11, 8.94659],
			"to": [9.99099, 15, 8.94659],
			"rotation": {"angle": 22.5, "axis": "x", "origin": [8.62974, 10.40844, 7.43698]},
			"faces": {
				"north": {"uv": [6, 0, 11, 5], "texture": "#0"},
				"east": {"uv": [0, 0, 0, 4], "texture": "#0"},
				"south": {"uv": [6, 0, 11, 5], "texture": "#0"},
				"west": {"uv": [0, 0, 0, 4], "texture": "#0"},
				"up": {"uv": [0, 0, 4, 0], "rotation": 180, "texture": "#0"},
				"down": {"uv": [0, 0, 4, 0], "rotation": 180, "texture": "#0"}
			}
		},
		{
			"from": [6.07923, 9, 9.51112],
			"to": [10.07923, 13, 9.51112],
			"rotation": {"angle": 45, "axis": "y", "origin": [8.62974, 10.40844, 7.43698]},
			"faces": {
				"north": {"uv": [0, 0, 4, 4], "texture": "#0"},
				"east": {"uv": [0, 0, 0, 4], "texture": "#0"},
				"south": {"uv": [6, 0, 11, 5], "texture": "#0"},
				"west": {"uv": [0, 0, 0, 4], "texture": "#0"},
				"up": {"uv": [0, 0, 4, 0], "rotation": 180, "texture": "#0"},
				"down": {"uv": [0, 0, 4, 0], "rotation": 180, "texture": "#0"}
			}
		},
		{
			"from": [9.47326, 11.08855, 5],
			"to": [9.47326, 15.08855, 9],
			"rotation": {"angle": -22.5, "axis": "z", "origin": [8.62974, 10.40844, 7.43698]},
			"faces": {
				"north": {"uv": [0, 0, 0, 4], "texture": "#0"},
				"east": {"uv": [6, 0, 11, 5], "texture": "#0"},
				"south": {"uv": [0, 0, 0, 4], "texture": "#0"},
				"west": {"uv": [6, 0, 11, 5], "texture": "#0"},
				"up": {"uv": [0, 0, 4, 0], "rotation": 90, "texture": "#0"},
				"down": {"uv": [0, 0, 4, 0], "rotation": 270, "texture": "#0"}
			}
		},
		{
			"from": [7, 9, 6],
			"to": [7, 12, 8],
			"rotation": {"angle": 0, "axis": "x", "origin": [8.62974, 10.40844, 7.43698]},
			"faces": {
				"north": {"uv": [0, 0, 0, 3], "texture": "#0"},
				"east": {"uv": [0, 0, 2, 3], "texture": "#0"},
				"south": {"uv": [0, 0, 0, 3], "texture": "#0"},
				"west": {"uv": [0, 0, 2, 3], "texture": "#0"},
				"up": {"uv": [0, 0, 0, 2], "texture": "#0"},
				"down": {"uv": [0, 0, 0, 2], "texture": "#0"}
			}
		},
		{
			"from": [7.20055, 9, 5.80401],
			"to": [7.20055, 12, 7.80401],
			"rotation": {"angle": 45, "axis": "y", "origin": [8.62974, 10.40844, 7.43698]},
			"faces": {
				"north": {"uv": [0, 0, 0, 3], "texture": "#0"},
				"east": {"uv": [0, 0, 2, 3], "texture": "#0"},
				"south": {"uv": [0, 0, 0, 3], "texture": "#0"},
				"west": {"uv": [0, 0, 2, 3], "texture": "#0"},
				"up": {"uv": [0, 0, 0, 2], "texture": "#0"},
				"down": {"uv": [0, 0, 0, 2], "texture": "#0"}
			}
		},
		{
			"from": [7.2, 10, 7.96822],
			"to": [9.2, 13, 7.96822],
			"rotation": {"angle": 22.5, "axis": "x", "origin": [8.62974, 11.40844, 7.43698]},
			"faces": {
				"north": {"uv": [0, 8, 9, 14], "texture": "#0"},
				"east": {"uv": [0, 0, 0, 3], "texture": "#0"},
				"south": {"uv": [0, 8, 9, 14], "texture": "#0"},
				"west": {"uv": [0, 0, 0, 3], "texture": "#0"},
				"up": {"uv": [0, 0, 0, 2], "rotation": 270, "texture": "#0"},
				"down": {"uv": [0, 0, 0, 2], "rotation": 90, "texture": "#0"}
			}
		},
		{
			"from": [7.2, 10, 6.96822],
			"to": [9.2, 13, 6.96822],
			"rotation": {"angle": -22.5, "axis": "x", "origin": [8.04923, 10.67336, 7.35116]},
			"faces": {
				"north": {"uv": [0, 8, 9, 14], "texture": "#0"},
				"east": {"uv": [0, 0, 0, 3], "texture": "#0"},
				"south": {"uv": [0, 8, 9, 14], "texture": "#0"},
				"west": {"uv": [0, 0, 0, 3], "texture": "#0"},
				"up": {"uv": [0, 0, 0, 2], "rotation": 270, "texture": "#0"},
				"down": {"uv": [0, 0, 0, 2], "rotation": 90, "texture": "#0"}
			}
		},
		{
			"from": [8.5, 10, 6.46822],
			"to": [8.5, 13, 8.46822],
			"rotation": {"angle": -22.5, "axis": "z", "origin": [8.04923, 10.67336, 7.35116]},
			"faces": {
				"north": {"uv": [0, 0, 0, 3], "texture": "#0"},
				"east": {"uv": [0, 8, 9, 14], "texture": "#0"},
				"south": {"uv": [0, 0, 0, 3], "texture": "#0"},
				"west": {"uv": [0, 8, 9, 14], "texture": "#0"},
				"up": {"uv": [0, 0, 0, 2], "texture": "#0"},
				"down": {"uv": [0, 0, 0, 2], "texture": "#0"}
			}
		},
		{
			"from": [7.5, 10, 6.46822],
			"to": [7.5, 13, 8.46822],
			"rotation": {"angle": 22.5, "axis": "z", "origin": [7.5, 11.5, 7.46822]},
			"faces": {
				"north": {"uv": [0, 0, 0, 3], "texture": "#missing"},
				"east": {"uv": [0, 8, 9, 14], "texture": "#0"},
				"south": {"uv": [0, 0, 0, 3], "texture": "#missing"},
				"west": {"uv": [0, 8, 9, 14], "texture": "#0"},
				"up": {"uv": [0, 0, 0, 2], "texture": "#missing"},
				"down": {"uv": [0, 0, 0, 2], "texture": "#missing"}
			}
		},
		{
			"from": [7, 10, 6],
			"to": [10, 11, 9],
			"rotation": {"angle": 0, "axis": "x", "origin": [8.62974, 10.40844, 7.43698]},
			"faces": {
				"north": {"uv": [0, 0, 3, 1], "texture": "#0"},
				"east": {"uv": [0, 0, 3, 1], "texture": "#0"},
				"south": {"uv": [0, 0, 3, 1], "texture": "#0"},
				"west": {"uv": [0, 0, 3, 1], "texture": "#0"},
				"up": {"uv": [0, 0, 3, 3], "texture": "#0"},
				"down": {"uv": [0, 0, 3, 3], "texture": "#0"}
			}
		},
		{
			"from": [7.2, 10.2, 6.5],
			"to": [9.2, 11.2, 8.5],
			"faces": {
				"north": {"uv": [1, 8, 2, 9], "texture": "#0"},
				"east": {"uv": [1, 8, 2, 9], "texture": "#0"},
				"south": {"uv": [1, 8, 2, 9], "texture": "#0"},
				"west": {"uv": [1, 8, 2, 9], "texture": "#0"},
				"up": {"uv": [1, 8, 2, 9], "texture": "#0"},
				"down": {"uv": [1, 8, 2, 9], "texture": "#0"}
			}
		},
		{
			"from": [8, 0, 5],
			"to": [8, 10, 9],
			"rotation": {"angle": 22.5, "axis": "y", "origin": [8, 5, 7]},
			"faces": {
				"north": {"uv": [0, 0, 0, 10], "texture": "#missing"},
				"east": {"uv": [6, 6, 10, 16], "texture": "#2"},
				"south": {"uv": [0, 0, 0, 10], "texture": "#missing"},
				"west": {"uv": [10, 6, 6, 16], "texture": "#2"},
				"up": {"uv": [0, 0, 0, 5], "rotation": 180, "texture": "#missing"},
				"down": {"uv": [0, 0, 0, 5], "rotation": 180, "texture": "#missing"}
			}
		},
		{
			"from": [7, 0, 5],
			"to": [7, 10, 9],
			"rotation": {"angle": 22.5, "axis": "y", "origin": [8, 5, 7]},
			"faces": {
				"north": {"uv": [0, 0, 0, 10], "texture": "#2"},
				"east": {"uv": [6, 6, 10, 16], "texture": "#2"},
				"south": {"uv": [0, 0, 0, 10], "texture": "#2"},
				"west": {"uv": [10, 6, 6, 16], "texture": "#2"},
				"up": {"uv": [0, 0, 0, 5], "rotation": 180, "texture": "#2"},
				"down": {"uv": [0, 0, 0, 5], "rotation": 180, "texture": "#2"}
			}
		},
		{
			"from": [6, 0, 7],
			"to": [10, 10, 7],
			"rotation": {"angle": 0, "axis": "y", "origin": [8, 5, 7]},
			"faces": {
				"north": {"uv": [6, 6, 10, 16], "texture": "#2"},
				"east": {"uv": [0, 0, 0, 10], "texture": "#2"},
				"south": {"uv": [10, 6, 6, 16], "texture": "#2"},
				"west": {"uv": [0, 0, 0, 10], "texture": "#2"},
				"up": {"uv": [0, 0, 0, 5], "rotation": 90, "texture": "#2"},
				"down": {"uv": [0, 0, 0, 5], "rotation": 270, "texture": "#2"}
			}
		},
		{
			"from": [9, 0, 5],
			"to": [9, 10, 9],
			"rotation": {"angle": 0, "axis": "y", "origin": [8, 5, 7]},
			"faces": {
				"north": {"uv": [0, 0, 0, 10], "texture": "#2"},
				"east": {"uv": [10, 6, 6, 16], "texture": "#2"},
				"south": {"uv": [0, 0, 0, 10], "texture": "#2"},
				"west": {"uv": [6, 6, 10, 16], "texture": "#2"},
				"up": {"uv": [0, 0, 0, 5], "texture": "#2"},
				"down": {"uv": [0, 0, 0, 5], "texture": "#2"}
			}
		}
	],
	"groups": [
		{
			"name": "1",
			"origin": [7.08579, 1.5, 7.5],
			"children": [
				{
					"name": "group",
					"origin": [3.62974, 18.40844, 7.43698],
					"children": [0, 1, 2, 3, 4, 5, 6, 7, 8, 9, 10, 11, 12, 13, 14, 15, 16]
				}
			]
		}, 17, 18, 19, 20]
}