{
	"credit": "Made with Blockbench",
	"ambientocclusion": false,
	"textures": {
		"0": "block/mushroom/red_mushroom",
		"particle": "block/mushroom/red_mushroom"
	},
	"elements": [
		{
			"from": [7, 0, 7],
			"to": [9, 4, 9],
			"rotation": {"angle": 0, "axis": "y", "origin": [9, 8, 9]},
			"faces": {
				"north": {"uv": [0, 0, 2, 4], "texture": "#0"},
				"east": {"uv": [0, 0, 2, 4], "texture": "#0"},
				"south": {"uv": [0, 0, 2, 4], "texture": "#0"},
				"west": {"uv": [0, 0, 2, 4], "texture": "#0"},
				"up": {"uv": [0, 0, 2, 2], "texture": "#0"},
				"down": {"uv": [0, 0, 2, 2], "texture": "#0"}
			}
		},
		{
			"from": [4, 4, 4],
			"to": [12, 5, 12],
			"rotation": {"angle": 0, "axis": "y", "origin": [9, 8, 9]},
			"faces": {
				"north": {"uv": [2, 0, 10, 1], "texture": "#0"},
				"east": {"uv": [2, 0, 10, 1], "texture": "#0"},
				"south": {"uv": [2, 0, 10, 1], "texture": "#0"},
				"west": {"uv": [2, 0, 10, 1], "texture": "#0"},
				"up": {"uv": [2, 0, 10, 8], "texture": "#0"},
				"down": {"uv": [2, 0, 10, 8], "texture": "#0"}
			}
		},
		{
			"from": [5, 5, 5],
			"to": [11, 7, 11],
			"rotation": {"angle": 0, "axis": "y", "origin": [9, 8, 9]},
			"faces": {
				"north": {"uv": [3, 7, 9, 8], "texture": "#0"},
				"east": {"uv": [3, 7, 9, 8], "texture": "#0"},
				"south": {"uv": [3, 7, 9, 8], "texture": "#0"},
				"west": {"uv": [3, 7, 9, 8], "texture": "#0"},
				"up": {"uv": [3, 1, 9, 7], "texture": "#0"},
				"down": {"uv": [0, 0, 6, 6], "texture": "#missing"}
			}
		},
		{
			"from": [5, 5, 4],
			"to": [11, 6, 12],
			"rotation": {"angle": 0, "axis": "y", "origin": [9, 8, 9]},
			"faces": {
				"north": {"uv": [3, 7, 9, 8], "texture": "#0"},
				"east": {"uv": [2, 2, 10, 3], "texture": "#0"},
				"south": {"uv": [3, 7, 9, 8], "texture": "#0"},
				"west": {"uv": [2, 2, 10, 3], "texture": "#0"},
				"up": {"uv": [3, 0, 9, 8], "texture": "#0"},
				"down": {"uv": [0, 0, 6, 8], "texture": "#missing"}
			}
		},
		{
			"from": [4, 5, 5],
			"to": [12, 6, 11],
			"rotation": {"angle": 0, "axis": "y", "origin": [8, 5.5, 8]},
			"faces": {
				"north": {"uv": [2, 0, 10, 1], "texture": "#0"},
				"east": {"uv": [3, 7, 9, 8], "texture": "#0"},
				"south": {"uv": [2, 2, 10, 3], "texture": "#0"},
				"west": {"uv": [3, 7, 9, 8], "texture": "#0"},
				"up": {"uv": [9, 0, 3, 8], "rotation": 90, "texture": "#0"},
				"down": {"uv": [0, 0, 6, 8], "rotation": 270, "texture": "#missing"}
			}
		}
	]
}