{
	"credit": "Made with Blockbench",
	"ambientocclusion": false,
	"textures": {
		"0": "block/rose/bud",
		"1": "block/rose/rose",
		"particle": "block/rose/bud"
	},
	"elements": [
		{
			"from": [0.95264, 17, 9.66321],
			"to": [4.95264, 21, 9.66321],
			"rotation": {"angle": -22.5, "axis": "y", "origin": [3.62974, 18.40844, 7.43698]},
			"faces": {
				"north": {"uv": [0, 0, 4, 4], "texture": "#0"},
				"east": {"uv": [0, 0, 0, 4], "texture": "#0"},
				"south": {"uv": [0, 0, 4, 4], "texture": "#0"},
				"west": {"uv": [0, 0, 0, 4], "texture": "#0"},
				"up": {"uv": [0, 0, 4, 0], "rotation": 180, "texture": "#0"},
				"down": {"uv": [0, 0, 4, 0], "rotation": 180, "texture": "#0"}
			}
		},
		{
			"from": [2, 17.88756, 5.41188],
			"to": [6, 21.88756, 5.41188],
			"rotation": {"angle": -22.5, "axis": "x", "origin": [3.62974, 18.40844, 7.43698]},
			"faces": {
				"north": {"uv": [0, 0, 4, 4], "texture": "#0"},
				"east": {"uv": [0, 0, 0, 4], "texture": "#0"},
				"south": {"uv": [0, 0, 4, 4], "texture": "#0"},
				"west": {"uv": [0, 0, 0, 4], "texture": "#0"},
				"up": {"uv": [0, 0, 4, 0], "texture": "#0"},
				"down": {"uv": [0, 0, 4, 0], "texture": "#0"}
			}
		},
		{
			"from": [1.90441, 17, 5.32719],
			"to": [5.90441, 21, 5.32719],
			"rotation": {"angle": 22.5, "axis": "y", "origin": [3.62974, 18.40844, 7.43698]},
			"faces": {
				"north": {"uv": [0, 0, 4, 4], "texture": "#0"},
				"east": {"uv": [0, 0, 0, 4], "texture": "#0"},
				"south": {"uv": [0, 0, 4, 4], "texture": "#0"},
				"west": {"uv": [0, 0, 0, 4], "texture": "#0"},
				"up": {"uv": [0, 0, 4, 0], "texture": "#0"},
				"down": {"uv": [0, 0, 4, 0], "texture": "#0"}
			}
		},
		{
			"from": [1.16835, 18, 5.45196],
			"to": [1.16835, 22, 9.45196],
			"rotation": {"angle": -45, "axis": "y", "origin": [3.62974, 18.40844, 7.43698]},
			"faces": {
				"north": {"uv": [0, 0, 0, 4], "texture": "#0"},
				"east": {"uv": [0, 0, 4, 4], "texture": "#0"},
				"south": {"uv": [0, 0, 0, 4], "texture": "#0"},
				"west": {"uv": [0, 0, 4, 4], "texture": "#0"},
				"up": {"uv": [0, 0, 4, 0], "rotation": 270, "texture": "#0"},
				"down": {"uv": [0, 0, 4, 0], "rotation": 90, "texture": "#0"}
			}
		},
		{
			"from": [1.1982, 17.81328, 5],
			"to": [1.1982, 21.81328, 9],
			"rotation": {"angle": 22.5, "axis": "z", "origin": [3.62974, 18.40844, 7.43698]},
			"faces": {
				"north": {"uv": [0, 0, 0, 4], "texture": "#0"},
				"east": {"uv": [0, 0, 4, 4], "texture": "#0"},
				"south": {"uv": [0, 0, 0, 4], "texture": "#0"},
				"west": {"uv": [0, 0, 4, 4], "texture": "#0"},
				"up": {"uv": [0, 0, 4, 0], "rotation": 270, "texture": "#0"},
				"down": {"uv": [0, 0, 4, 0], "rotation": 90, "texture": "#0"}
			}
		},
		{
			"from": [2.16835, 17, 4.45196],
			"to": [6.16835, 21, 4.45196],
			"rotation": {"angle": -45, "axis": "y", "origin": [3.62974, 18.40844, 7.43698]},
			"faces": {
				"north": {"uv": [0, 0, 4, 4], "texture": "#0"},
				"east": {"uv": [0, 0, 0, 4], "texture": "#0"},
				"south": {"uv": [0, 0, 4, 4], "texture": "#0"},
				"west": {"uv": [0, 0, 0, 4], "texture": "#0"},
				"up": {"uv": [0, 0, 4, 0], "texture": "#0"},
				"down": {"uv": [0, 0, 4, 0], "texture": "#0"}
			}
		},
		{
			"from": [1.99099, 18, 9.94659],
			"to": [5.99099, 22, 9.94659],
			"rotation": {"angle": 22.5, "axis": "y", "origin": [3.62974, 18.40844, 7.43698]},
			"faces": {
				"north": {"uv": [0, 0, 4, 4], "texture": "#0"},
				"east": {"uv": [0, 0, 0, 4], "texture": "#0"},
				"south": {"uv": [0, 0, 4, 4], "texture": "#0"},
				"west": {"uv": [0, 0, 0, 4], "texture": "#0"},
				"up": {"uv": [0, 0, 4, 0], "rotation": 180, "texture": "#0"},
				"down": {"uv": [0, 0, 4, 0], "rotation": 180, "texture": "#0"}
			}
		},
		{
			"from": [1.07923, 17, 9.51112],
			"to": [5.07923, 21, 9.51112],
			"rotation": {"angle": 45, "axis": "y", "origin": [3.62974, 18.40844, 7.43698]},
			"faces": {
				"north": {"uv": [0, 0, 4, 4], "texture": "#0"},
				"east": {"uv": [0, 0, 0, 4], "texture": "#0"},
				"south": {"uv": [0, 0, 4, 4], "texture": "#0"},
				"west": {"uv": [0, 0, 0, 4], "texture": "#0"},
				"up": {"uv": [0, 0, 4, 0], "rotation": 180, "texture": "#0"},
				"down": {"uv": [0, 0, 4, 0], "rotation": 180, "texture": "#0"}
			}
		},
		{
			"from": [4.47326, 19.08855, 5],
			"to": [4.47326, 23.08855, 9],
			"rotation": {"angle": -45, "axis": "z", "origin": [3.62974, 18.40844, 7.43698]},
			"faces": {
				"north": {"uv": [0, 0, 0, 4], "texture": "#0"},
				"east": {"uv": [0, 0, 4, 4], "texture": "#0"},
				"south": {"uv": [0, 0, 0, 4], "texture": "#0"},
				"west": {"uv": [0, 0, 4, 4], "texture": "#0"},
				"up": {"uv": [0, 0, 4, 0], "rotation": 90, "texture": "#0"},
				"down": {"uv": [0, 0, 4, 0], "rotation": 270, "texture": "#0"}
			}
		},
		{
			"from": [2, 17, 6],
			"to": [2, 20, 8],
			"rotation": {"angle": 0, "axis": "x", "origin": [3.62974, 18.40844, 7.43698]},
			"faces": {
				"north": {"uv": [0, 0, 0, 3], "texture": "#0"},
				"east": {"uv": [0, 0, 2, 3], "texture": "#0"},
				"south": {"uv": [0, 0, 0, 3], "texture": "#0"},
				"west": {"uv": [0, 0, 2, 3], "texture": "#0"},
				"up": {"uv": [0, 0, 0, 2], "texture": "#0"},
				"down": {"uv": [0, 0, 0, 2], "texture": "#0"}
			}
		},
		{
			"from": [2.20055, 17, 5.80401],
			"to": [2.20055, 20, 7.80401],
			"rotation": {"angle": 45, "axis": "y", "origin": [3.62974, 18.40844, 7.43698]},
			"faces": {
				"north": {"uv": [0, 0, 0, 3], "texture": "#0"},
				"east": {"uv": [0, 0, 2, 3], "texture": "#0"},
				"south": {"uv": [0, 0, 0, 3], "texture": "#0"},
				"west": {"uv": [0, 0, 2, 3], "texture": "#0"},
				"up": {"uv": [0, 0, 0, 2], "texture": "#0"},
				"down": {"uv": [0, 0, 0, 2], "texture": "#0"}
			}
		},
		{
			"from": [4.16098, 17, 6.82068],
			"to": [4.16098, 20, 8.82068],
			"rotation": {"angle": -22.5, "axis": "y", "origin": [3.62974, 18.40844, 7.43698]},
			"faces": {
				"north": {"uv": [0, 0, 0, 3], "texture": "#0"},
				"east": {"uv": [0, 0, 2, 3], "texture": "#0"},
				"south": {"uv": [0, 0, 0, 3], "texture": "#0"},
				"west": {"uv": [0, 0, 2, 3], "texture": "#0"},
				"up": {"uv": [0, 0, 0, 2], "rotation": 180, "texture": "#0"},
				"down": {"uv": [0, 0, 0, 2], "rotation": 180, "texture": "#0"}
			}
		},
		{
			"from": [4.31985, 17, 6.25551],
			"to": [4.31985, 20, 8.25551],
			"rotation": {"angle": 22.5, "axis": "y", "origin": [3.62974, 18.40844, 7.43698]},
			"faces": {
				"north": {"uv": [0, 0, 0, 3], "texture": "#0"},
				"east": {"uv": [0, 0, 2, 3], "texture": "#0"},
				"south": {"uv": [0, 0, 0, 3], "texture": "#0"},
				"west": {"uv": [0, 0, 2, 3], "texture": "#0"},
				"up": {"uv": [0, 0, 0, 2], "rotation": 180, "texture": "#0"},
				"down": {"uv": [0, 0, 0, 2], "rotation": 180, "texture": "#0"}
			}
		},
		{
			"from": [1.70029, 15.31014, 6],
			"to": [1.70029, 18.31014, 9],
			"rotation": {"angle": 22.5, "axis": "z", "origin": [3.62974, 18.40844, 7.43698]},
			"faces": {
				"north": {"uv": [0, 0, 0, 3], "texture": "#0"},
				"east": {"uv": [1, 6, 4, 9], "texture": "#0"},
				"south": {"uv": [0, 0, 0, 3], "texture": "#0"},
				"west": {"uv": [1, 6, 4, 9], "texture": "#0"},
				"up": {"uv": [0, 0, 0, 4], "texture": "#0"},
				"down": {"uv": [0, 0, 0, 4], "texture": "#0"}
			}
		},
		{
			"from": [5.62602, 15.66965, 7],
			"to": [5.62602, 18.66965, 9],
			"rotation": {"angle": -22.5, "axis": "z", "origin": [3.62974, 18.40844, 7.43698]},
			"faces": {
				"north": {"uv": [0, 0, 0, 3], "texture": "#0"},
				"east": {"uv": [1, 6, 4, 9], "texture": "#0"},
				"south": {"uv": [0, 0, 0, 3], "texture": "#0"},
				"west": {"uv": [1, 6, 4, 9], "texture": "#0"},
				"up": {"uv": [0, 0, 0, 4], "texture": "#0"},
				"down": {"uv": [0, 0, 0, 4], "texture": "#0"}
			}
		},
		{
			"from": [2.5, 15.88652, 5.91711],
			"to": [5.5, 18.88652, 5.91711],
			"rotation": {"angle": -22.5, "axis": "x", "origin": [3.62974, 18.40844, 7.43698]},
			"faces": {
				"north": {"uv": [1, 6, 4, 9], "texture": "#0"},
				"east": {"uv": [0, 0, 0, 3], "texture": "#0"},
				"south": {"uv": [1, 6, 4, 9], "texture": "#0"},
				"west": {"uv": [0, 0, 0, 3], "texture": "#0"},
				"up": {"uv": [0, 0, 0, 4], "rotation": 90, "texture": "#0"},
				"down": {"uv": [0, 0, 0, 4], "rotation": 270, "texture": "#0"}
			}
		},
		{
			"from": [2.5, 15.93476, 10.07329],
			"to": [4.5, 18.93476, 10.07329],
			"rotation": {"angle": 22.5, "axis": "x", "origin": [3.62974, 18.40844, 7.43698]},
			"faces": {
				"north": {"uv": [1, 6, 4, 9], "texture": "#0"},
				"east": {"uv": [0, 0, 0, 3], "texture": "#0"},
				"south": {"uv": [1, 6, 4, 9], "texture": "#0"},
				"west": {"uv": [0, 0, 0, 3], "texture": "#0"},
				"up": {"uv": [0, 0, 0, 4], "rotation": 90, "texture": "#0"},
				"down": {"uv": [0, 0, 0, 4], "rotation": 270, "texture": "#0"}
			}
		},
		{
			"from": [2, 18, 6],
			"to": [5, 19, 9],
			"rotation": {"angle": 0, "axis": "x", "origin": [3.62974, 18.40844, 7.43698]},
			"faces": {
				"north": {"uv": [0, 0, 3, 1], "texture": "#0"},
				"east": {"uv": [0, 0, 3, 1], "texture": "#0"},
				"south": {"uv": [0, 0, 3, 1], "texture": "#0"},
				"west": {"uv": [0, 0, 3, 1], "texture": "#0"},
				"up": {"uv": [0, 0, 3, 3], "texture": "#0"},
				"down": {"uv": [0, 0, 3, 3], "texture": "#0"}
			}
		},
		{
			"from": [4.95264, 23, 11.66321],
			"to": [8.95264, 27, 11.66321],
			"rotation": {"angle": -22.5, "axis": "y", "origin": [7.62974, 24.40844, 9.43698]},
			"faces": {
				"north": {"uv": [0, 0, 4, 4], "texture": "#0"},
				"east": {"uv": [0, 0, 0, 4], "texture": "#0"},
				"south": {"uv": [0, 0, 4, 4], "texture": "#0"},
				"west": {"uv": [0, 0, 0, 4], "texture": "#0"},
				"up": {"uv": [0, 0, 4, 0], "rotation": 180, "texture": "#0"},
				"down": {"uv": [0, 0, 4, 0], "rotation": 180, "texture": "#0"}
			}
		},
		{
			"from": [6, 23.88756, 7.41188],
			"to": [10, 27.88756, 7.41188],
			"rotation": {"angle": -22.5, "axis": "x", "origin": [7.62974, 24.40844, 9.43698]},
			"faces": {
				"north": {"uv": [0, 0, 4, 4], "texture": "#0"},
				"east": {"uv": [0, 0, 0, 4], "texture": "#0"},
				"south": {"uv": [0, 0, 4, 4], "texture": "#0"},
				"west": {"uv": [0, 0, 0, 4], "texture": "#0"},
				"up": {"uv": [0, 0, 4, 0], "texture": "#0"},
				"down": {"uv": [0, 0, 4, 0], "texture": "#0"}
			}
		},
		{
			"from": [5.90441, 23, 7.32719],
			"to": [9.90441, 27, 7.32719],
			"rotation": {"angle": 22.5, "axis": "y", "origin": [7.62974, 24.40844, 9.43698]},
			"faces": {
				"north": {"uv": [0, 0, 4, 4], "texture": "#0"},
				"east": {"uv": [0, 0, 0, 4], "texture": "#0"},
				"south": {"uv": [0, 0, 4, 4], "texture": "#0"},
				"west": {"uv": [0, 0, 0, 4], "texture": "#0"},
				"up": {"uv": [0, 0, 4, 0], "texture": "#0"},
				"down": {"uv": [0, 0, 4, 0], "texture": "#0"}
			}
		},
		{
			"from": [5.16835, 24, 7.45196],
			"to": [5.16835, 28, 11.45196],
			"rotation": {"angle": -45, "axis": "y", "origin": [7.62974, 24.40844, 9.43698]},
			"faces": {
				"north": {"uv": [0, 0, 0, 4], "texture": "#0"},
				"east": {"uv": [0, 0, 4, 4], "texture": "#0"},
				"south": {"uv": [0, 0, 0, 4], "texture": "#0"},
				"west": {"uv": [0, 0, 4, 4], "texture": "#0"},
				"up": {"uv": [0, 0, 4, 0], "rotation": 270, "texture": "#0"},
				"down": {"uv": [0, 0, 4, 0], "rotation": 90, "texture": "#0"}
			}
		},
		{
			"from": [5.1982, 23.81328, 7],
			"to": [5.1982, 27.81328, 11],
			"rotation": {"angle": 22.5, "axis": "z", "origin": [7.62974, 24.40844, 9.43698]},
			"faces": {
				"north": {"uv": [0, 0, 0, 4], "texture": "#0"},
				"east": {"uv": [0, 0, 4, 4], "texture": "#0"},
				"south": {"uv": [0, 0, 0, 4], "texture": "#0"},
				"west": {"uv": [0, 0, 4, 4], "texture": "#0"},
				"up": {"uv": [0, 0, 4, 0], "rotation": 270, "texture": "#0"},
				"down": {"uv": [0, 0, 4, 0], "rotation": 90, "texture": "#0"}
			}
		},
		{
			"from": [6.16835, 23, 6.45196],
			"to": [10.16835, 27, 6.45196],
			"rotation": {"angle": -45, "axis": "y", "origin": [7.62974, 24.40844, 9.43698]},
			"faces": {
				"north": {"uv": [0, 0, 4, 4], "texture": "#0"},
				"east": {"uv": [0, 0, 0, 4], "texture": "#0"},
				"south": {"uv": [0, 0, 4, 4], "texture": "#0"},
				"west": {"uv": [0, 0, 0, 4], "texture": "#0"},
				"up": {"uv": [0, 0, 4, 0], "texture": "#0"},
				"down": {"uv": [0, 0, 4, 0], "texture": "#0"}
			}
		},
		{
			"from": [5.99099, 24, 11.94659],
			"to": [9.99099, 28, 11.94659],
			"rotation": {"angle": 22.5, "axis": "y", "origin": [7.62974, 24.40844, 9.43698]},
			"faces": {
				"north": {"uv": [0, 0, 4, 4], "texture": "#0"},
				"east": {"uv": [0, 0, 0, 4], "texture": "#0"},
				"south": {"uv": [0, 0, 4, 4], "texture": "#0"},
				"west": {"uv": [0, 0, 0, 4], "texture": "#0"},
				"up": {"uv": [0, 0, 4, 0], "rotation": 180, "texture": "#0"},
				"down": {"uv": [0, 0, 4, 0], "rotation": 180, "texture": "#0"}
			}
		},
		{
			"from": [5.07923, 23, 11.51112],
			"to": [9.07923, 27, 11.51112],
			"rotation": {"angle": 45, "axis": "y", "origin": [7.62974, 24.40844, 9.43698]},
			"faces": {
				"north": {"uv": [0, 0, 4, 4], "texture": "#0"},
				"east": {"uv": [0, 0, 0, 4], "texture": "#0"},
				"south": {"uv": [0, 0, 4, 4], "texture": "#0"},
				"west": {"uv": [0, 0, 0, 4], "texture": "#0"},
				"up": {"uv": [0, 0, 4, 0], "rotation": 180, "texture": "#0"},
				"down": {"uv": [0, 0, 4, 0], "rotation": 180, "texture": "#0"}
			}
		},
		{
			"from": [8.47326, 25.08855, 7],
			"to": [8.47326, 29.08855, 11],
			"rotation": {"angle": -45, "axis": "z", "origin": [7.62974, 24.40844, 9.43698]},
			"faces": {
				"north": {"uv": [0, 0, 0, 4], "texture": "#0"},
				"east": {"uv": [0, 0, 4, 4], "texture": "#0"},
				"south": {"uv": [0, 0, 0, 4], "texture": "#0"},
				"west": {"uv": [0, 0, 4, 4], "texture": "#0"},
				"up": {"uv": [0, 0, 4, 0], "rotation": 90, "texture": "#0"},
				"down": {"uv": [0, 0, 4, 0], "rotation": 270, "texture": "#0"}
			}
		},
		{
			"from": [6, 23, 8],
			"to": [6, 26, 10],
			"rotation": {"angle": 0, "axis": "y", "origin": [7.62974, 24.40844, 9.43698]},
			"faces": {
				"north": {"uv": [0, 0, 0, 3], "texture": "#0"},
				"east": {"uv": [0, 0, 2, 3], "texture": "#0"},
				"south": {"uv": [0, 0, 0, 3], "texture": "#0"},
				"west": {"uv": [0, 0, 2, 3], "texture": "#0"},
				"up": {"uv": [0, 0, 0, 2], "texture": "#0"},
				"down": {"uv": [0, 0, 0, 2], "texture": "#0"}
			}
		},
		{
			"from": [6.20055, 23, 7.80401],
			"to": [6.20055, 26, 9.80401],
			"rotation": {"angle": 45, "axis": "y", "origin": [7.62974, 24.40844, 9.43698]},
			"faces": {
				"north": {"uv": [0, 0, 0, 3], "texture": "#0"},
				"east": {"uv": [0, 0, 2, 3], "texture": "#0"},
				"south": {"uv": [0, 0, 0, 3], "texture": "#0"},
				"west": {"uv": [0, 0, 2, 3], "texture": "#0"},
				"up": {"uv": [0, 0, 0, 2], "texture": "#0"},
				"down": {"uv": [0, 0, 0, 2], "texture": "#0"}
			}
		},
		{
			"from": [8.16098, 23, 8.82068],
			"to": [8.16098, 26, 10.82068],
			"rotation": {"angle": -22.5, "axis": "y", "origin": [7.62974, 24.40844, 9.43698]},
			"faces": {
				"north": {"uv": [0, 0, 0, 3], "texture": "#0"},
				"east": {"uv": [0, 0, 2, 3], "texture": "#0"},
				"south": {"uv": [0, 0, 0, 3], "texture": "#0"},
				"west": {"uv": [0, 0, 2, 3], "texture": "#0"},
				"up": {"uv": [0, 0, 0, 2], "rotation": 180, "texture": "#0"},
				"down": {"uv": [0, 0, 0, 2], "rotation": 180, "texture": "#0"}
			}
		},
		{
			"from": [8.31985, 23, 8.25551],
			"to": [8.31985, 26, 10.25551],
			"rotation": {"angle": 22.5, "axis": "y", "origin": [7.62974, 24.40844, 9.43698]},
			"faces": {
				"north": {"uv": [0, 0, 0, 3], "texture": "#0"},
				"east": {"uv": [0, 0, 2, 3], "texture": "#0"},
				"south": {"uv": [0, 0, 0, 3], "texture": "#0"},
				"west": {"uv": [0, 0, 2, 3], "texture": "#0"},
				"up": {"uv": [0, 0, 0, 2], "rotation": 180, "texture": "#0"},
				"down": {"uv": [0, 0, 0, 2], "rotation": 180, "texture": "#0"}
			}
		},
		{
			"from": [5.70029, 21.31014, 8],
			"to": [5.70029, 24.31014, 11],
			"rotation": {"angle": 22.5, "axis": "z", "origin": [7.62974, 24.40844, 9.43698]},
			"faces": {
				"north": {"uv": [0, 0, 0, 3], "texture": "#0"},
				"east": {"uv": [1, 6, 4, 9], "texture": "#0"},
				"south": {"uv": [0, 0, 0, 3], "texture": "#0"},
				"west": {"uv": [1, 6, 4, 9], "texture": "#0"},
				"up": {"uv": [0, 0, 0, 4], "texture": "#0"},
				"down": {"uv": [0, 0, 0, 4], "texture": "#0"}
			}
		},
		{
			"from": [9.62602, 21.66965, 9],
			"to": [9.62602, 24.66965, 11],
			"rotation": {"angle": -22.5, "axis": "z", "origin": [7.62974, 24.40844, 9.43698]},
			"faces": {
				"north": {"uv": [0, 0, 0, 3], "texture": "#0"},
				"east": {"uv": [1, 6, 4, 9], "texture": "#0"},
				"south": {"uv": [0, 0, 0, 3], "texture": "#0"},
				"west": {"uv": [1, 6, 4, 9], "texture": "#0"},
				"up": {"uv": [0, 0, 0, 4], "texture": "#0"},
				"down": {"uv": [0, 0, 0, 4], "texture": "#0"}
			}
		},
		{
			"from": [6.5, 21.88652, 7.91711],
			"to": [9.5, 24.88652, 7.91711],
			"rotation": {"angle": -22.5, "axis": "x", "origin": [7.62974, 24.40844, 9.43698]},
			"faces": {
				"north": {"uv": [1, 6, 4, 9], "texture": "#0"},
				"east": {"uv": [0, 0, 0, 3], "texture": "#0"},
				"south": {"uv": [1, 6, 4, 9], "texture": "#0"},
				"west": {"uv": [0, 0, 0, 3], "texture": "#0"},
				"up": {"uv": [0, 0, 0, 4], "rotation": 90, "texture": "#0"},
				"down": {"uv": [0, 0, 0, 4], "rotation": 270, "texture": "#0"}
			}
		},
		{
			"from": [6.5, 21.93476, 12.07329],
			"to": [8.5, 24.93476, 12.07329],
			"rotation": {"angle": 22.5, "axis": "x", "origin": [7.62974, 24.40844, 9.43698]},
			"faces": {
				"north": {"uv": [1, 6, 4, 9], "texture": "#0"},
				"east": {"uv": [0, 0, 0, 3], "texture": "#0"},
				"south": {"uv": [1, 6, 4, 9], "texture": "#0"},
				"west": {"uv": [0, 0, 0, 3], "texture": "#0"},
				"up": {"uv": [0, 0, 0, 4], "rotation": 90, "texture": "#0"},
				"down": {"uv": [0, 0, 0, 4], "rotation": 270, "texture": "#0"}
			}
		},
		{
			"from": [6, 24, 8],
			"to": [9, 25, 11],
			"rotation": {"angle": 0, "axis": "y", "origin": [7.62974, 24.40844, 9.43698]},
			"faces": {
				"north": {"uv": [0, 0, 3, 1], "texture": "#0"},
				"east": {"uv": [0, 0, 3, 1], "texture": "#0"},
				"south": {"uv": [0, 0, 3, 1], "texture": "#0"},
				"west": {"uv": [0, 0, 3, 1], "texture": "#0"},
				"up": {"uv": [0, 0, 3, 3], "texture": "#0"},
				"down": {"uv": [0, 0, 3, 3], "texture": "#0"}
			}
		},
		{
			"from": [6.95264, 18, 7.66321],
			"to": [10.95264, 22, 7.66321],
			"rotation": {"angle": -22.5, "axis": "y", "origin": [9.62974, 19.40844, 5.43698]},
			"faces": {
				"north": {"uv": [0, 0, 4, 4], "texture": "#0"},
				"east": {"uv": [0, 0, 0, 4], "texture": "#0"},
				"south": {"uv": [0, 0, 4, 4], "texture": "#0"},
				"west": {"uv": [0, 0, 0, 4], "texture": "#0"},
				"up": {"uv": [0, 0, 4, 0], "rotation": 180, "texture": "#0"},
				"down": {"uv": [0, 0, 4, 0], "rotation": 180, "texture": "#0"}
			}
		},
		{
			"from": [8, 18.88756, 3.41188],
			"to": [12, 22.88756, 3.41188],
			"rotation": {"angle": -22.5, "axis": "x", "origin": [9.62974, 19.40844, 5.43698]},
			"faces": {
				"north": {"uv": [0, 0, 4, 4], "texture": "#0"},
				"east": {"uv": [0, 0, 0, 4], "texture": "#0"},
				"south": {"uv": [0, 0, 4, 4], "texture": "#0"},
				"west": {"uv": [0, 0, 0, 4], "texture": "#0"},
				"up": {"uv": [0, 0, 4, 0], "texture": "#0"},
				"down": {"uv": [0, 0, 4, 0], "texture": "#0"}
			}
		},
		{
			"from": [7.90441, 18, 3.32719],
			"to": [11.90441, 22, 3.32719],
			"rotation": {"angle": 22.5, "axis": "y", "origin": [9.62974, 19.40844, 5.43698]},
			"faces": {
				"north": {"uv": [0, 0, 4, 4], "texture": "#0"},
				"east": {"uv": [0, 0, 0, 4], "texture": "#0"},
				"south": {"uv": [0, 0, 4, 4], "texture": "#0"},
				"west": {"uv": [0, 0, 0, 4], "texture": "#0"},
				"up": {"uv": [0, 0, 4, 0], "texture": "#0"},
				"down": {"uv": [0, 0, 4, 0], "texture": "#0"}
			}
		},
		{
			"from": [7.16835, 19, 3.45196],
			"to": [7.16835, 23, 7.45196],
			"rotation": {"angle": -45, "axis": "y", "origin": [9.62974, 19.40844, 5.43698]},
			"faces": {
				"north": {"uv": [0, 0, 0, 4], "texture": "#0"},
				"east": {"uv": [0, 0, 4, 4], "texture": "#0"},
				"south": {"uv": [0, 0, 0, 4], "texture": "#0"},
				"west": {"uv": [0, 0, 4, 4], "texture": "#0"},
				"up": {"uv": [0, 0, 4, 0], "rotation": 270, "texture": "#0"},
				"down": {"uv": [0, 0, 4, 0], "rotation": 90, "texture": "#0"}
			}
		},
		{
			"from": [7.1982, 18.81328, 3],
			"to": [7.1982, 22.81328, 7],
			"rotation": {"angle": 22.5, "axis": "z", "origin": [9.62974, 19.40844, 5.43698]},
			"faces": {
				"north": {"uv": [0, 0, 0, 4], "texture": "#0"},
				"east": {"uv": [0, 0, 4, 4], "texture": "#0"},
				"south": {"uv": [0, 0, 0, 4], "texture": "#0"},
				"west": {"uv": [0, 0, 4, 4], "texture": "#0"},
				"up": {"uv": [0, 0, 4, 0], "rotation": 270, "texture": "#0"},
				"down": {"uv": [0, 0, 4, 0], "rotation": 90, "texture": "#0"}
			}
		},
		{
			"from": [8.16835, 18, 2.45196],
			"to": [12.16835, 22, 2.45196],
			"rotation": {"angle": -45, "axis": "y", "origin": [9.62974, 19.40844, 5.43698]},
			"faces": {
				"north": {"uv": [0, 0, 4, 4], "texture": "#0"},
				"east": {"uv": [0, 0, 0, 4], "texture": "#0"},
				"south": {"uv": [0, 0, 4, 4], "texture": "#0"},
				"west": {"uv": [0, 0, 0, 4], "texture": "#0"},
				"up": {"uv": [0, 0, 4, 0], "texture": "#0"},
				"down": {"uv": [0, 0, 4, 0], "texture": "#0"}
			}
		},
		{
			"from": [7.99099, 19, 7.94659],
			"to": [11.99099, 23, 7.94659],
			"rotation": {"angle": 22.5, "axis": "y", "origin": [9.62974, 19.40844, 5.43698]},
			"faces": {
				"north": {"uv": [0, 0, 4, 4], "texture": "#0"},
				"east": {"uv": [0, 0, 0, 4], "texture": "#0"},
				"south": {"uv": [0, 0, 4, 4], "texture": "#0"},
				"west": {"uv": [0, 0, 0, 4], "texture": "#0"},
				"up": {"uv": [0, 0, 4, 0], "rotation": 180, "texture": "#0"},
				"down": {"uv": [0, 0, 4, 0], "rotation": 180, "texture": "#0"}
			}
		},
		{
			"from": [7.07923, 18, 7.51112],
			"to": [11.07923, 22, 7.51112],
			"rotation": {"angle": 45, "axis": "y", "origin": [9.62974, 19.40844, 5.43698]},
			"faces": {
				"north": {"uv": [0, 0, 4, 4], "texture": "#0"},
				"east": {"uv": [0, 0, 0, 4], "texture": "#0"},
				"south": {"uv": [0, 0, 4, 4], "texture": "#0"},
				"west": {"uv": [0, 0, 0, 4], "texture": "#0"},
				"up": {"uv": [0, 0, 4, 0], "rotation": 180, "texture": "#0"},
				"down": {"uv": [0, 0, 4, 0], "rotation": 180, "texture": "#0"}
			}
		},
		{
			"from": [10.47326, 20.08855, 3],
			"to": [10.47326, 24.08855, 7],
			"rotation": {"angle": -45, "axis": "z", "origin": [9.62974, 19.40844, 5.43698]},
			"faces": {
				"north": {"uv": [0, 0, 0, 4], "texture": "#0"},
				"east": {"uv": [0, 0, 4, 4], "texture": "#0"},
				"south": {"uv": [0, 0, 0, 4], "texture": "#0"},
				"west": {"uv": [0, 0, 4, 4], "texture": "#0"},
				"up": {"uv": [0, 0, 4, 0], "rotation": 90, "texture": "#0"},
				"down": {"uv": [0, 0, 4, 0], "rotation": 270, "texture": "#0"}
			}
		},
		{
			"from": [8, 18, 4],
			"to": [8, 21, 6],
			"rotation": {"angle": 0, "axis": "y", "origin": [9.62974, 19.40844, 5.43698]},
			"faces": {
				"north": {"uv": [0, 0, 0, 3], "texture": "#0"},
				"east": {"uv": [0, 0, 2, 3], "texture": "#0"},
				"south": {"uv": [0, 0, 0, 3], "texture": "#0"},
				"west": {"uv": [0, 0, 2, 3], "texture": "#0"},
				"up": {"uv": [0, 0, 0, 2], "texture": "#0"},
				"down": {"uv": [0, 0, 0, 2], "texture": "#0"}
			}
		},
		{
			"from": [8.20055, 18, 3.80401],
			"to": [8.20055, 21, 5.80401],
			"rotation": {"angle": 45, "axis": "y", "origin": [9.62974, 19.40844, 5.43698]},
			"faces": {
				"north": {"uv": [0, 0, 0, 3], "texture": "#0"},
				"east": {"uv": [0, 0, 2, 3], "texture": "#0"},
				"south": {"uv": [0, 0, 0, 3], "texture": "#0"},
				"west": {"uv": [0, 0, 2, 3], "texture": "#0"},
				"up": {"uv": [0, 0, 0, 2], "texture": "#0"},
				"down": {"uv": [0, 0, 0, 2], "texture": "#0"}
			}
		},
		{
			"from": [10.16098, 18, 4.82068],
			"to": [10.16098, 21, 6.82068],
			"rotation": {"angle": -22.5, "axis": "y", "origin": [9.62974, 19.40844, 5.43698]},
			"faces": {
				"north": {"uv": [0, 0, 0, 3], "texture": "#0"},
				"east": {"uv": [0, 0, 2, 3], "texture": "#0"},
				"south": {"uv": [0, 0, 0, 3], "texture": "#0"},
				"west": {"uv": [0, 0, 2, 3], "texture": "#0"},
				"up": {"uv": [0, 0, 0, 2], "rotation": 180, "texture": "#0"},
				"down": {"uv": [0, 0, 0, 2], "rotation": 180, "texture": "#0"}
			}
		},
		{
			"from": [10.31985, 18, 4.25551],
			"to": [10.31985, 21, 6.25551],
			"rotation": {"angle": 22.5, "axis": "y", "origin": [9.62974, 19.40844, 5.43698]},
			"faces": {
				"north": {"uv": [0, 0, 0, 3], "texture": "#0"},
				"east": {"uv": [0, 0, 2, 3], "texture": "#0"},
				"south": {"uv": [0, 0, 0, 3], "texture": "#0"},
				"west": {"uv": [0, 0, 2, 3], "texture": "#0"},
				"up": {"uv": [0, 0, 0, 2], "rotation": 180, "texture": "#0"},
				"down": {"uv": [0, 0, 0, 2], "rotation": 180, "texture": "#0"}
			}
		},
		{
			"from": [7.70029, 16.31014, 4],
			"to": [7.70029, 19.31014, 7],
			"rotation": {"angle": 22.5, "axis": "z", "origin": [9.62974, 19.40844, 5.43698]},
			"faces": {
				"north": {"uv": [0, 0, 0, 3], "texture": "#0"},
				"east": {"uv": [1, 6, 4, 9], "texture": "#0"},
				"south": {"uv": [0, 0, 0, 3], "texture": "#0"},
				"west": {"uv": [1, 6, 4, 9], "texture": "#0"},
				"up": {"uv": [0, 0, 0, 4], "texture": "#0"},
				"down": {"uv": [0, 0, 0, 4], "texture": "#0"}
			}
		},
		{
			"from": [11.62602, 16.66965, 5],
			"to": [11.62602, 19.66965, 7],
			"rotation": {"angle": -22.5, "axis": "z", "origin": [9.62974, 19.40844, 5.43698]},
			"faces": {
				"north": {"uv": [0, 0, 0, 3], "texture": "#0"},
				"east": {"uv": [1, 6, 4, 9], "texture": "#0"},
				"south": {"uv": [0, 0, 0, 3], "texture": "#0"},
				"west": {"uv": [1, 6, 4, 9], "texture": "#0"},
				"up": {"uv": [0, 0, 0, 4], "texture": "#0"},
				"down": {"uv": [0, 0, 0, 4], "texture": "#0"}
			}
		},
		{
			"from": [8.5, 16.88652, 3.91711],
			"to": [11.5, 19.88652, 3.91711],
			"rotation": {"angle": -22.5, "axis": "x", "origin": [9.62974, 19.40844, 5.43698]},
			"faces": {
				"north": {"uv": [1, 6, 4, 9], "texture": "#0"},
				"east": {"uv": [0, 0, 0, 3], "texture": "#0"},
				"south": {"uv": [1, 6, 4, 9], "texture": "#0"},
				"west": {"uv": [0, 0, 0, 3], "texture": "#0"},
				"up": {"uv": [0, 0, 0, 4], "rotation": 90, "texture": "#0"},
				"down": {"uv": [0, 0, 0, 4], "rotation": 270, "texture": "#0"}
			}
		},
		{
			"from": [8.5, 16.93476, 8.07329],
			"to": [10.5, 19.93476, 8.07329],
			"rotation": {"angle": 22.5, "axis": "x", "origin": [9.62974, 19.40844, 5.43698]},
			"faces": {
				"north": {"uv": [1, 6, 4, 9], "texture": "#0"},
				"east": {"uv": [0, 0, 0, 3], "texture": "#0"},
				"south": {"uv": [1, 6, 4, 9], "texture": "#0"},
				"west": {"uv": [0, 0, 0, 3], "texture": "#0"},
				"up": {"uv": [0, 0, 0, 4], "rotation": 90, "texture": "#0"},
				"down": {"uv": [0, 0, 0, 4], "rotation": 270, "texture": "#0"}
			}
		},
		{
			"from": [8, 19, 4],
			"to": [11, 20, 7],
			"rotation": {"angle": 0, "axis": "y", "origin": [9.62974, 19.40844, 5.43698]},
			"faces": {
				"north": {"uv": [0, 0, 3, 1], "texture": "#0"},
				"east": {"uv": [0, 0, 3, 1], "texture": "#0"},
				"south": {"uv": [0, 0, 3, 1], "texture": "#0"},
				"west": {"uv": [0, 0, 3, 1], "texture": "#0"},
				"up": {"uv": [0, 0, 3, 3], "texture": "#0"},
				"down": {"uv": [0, 0, 3, 3], "texture": "#0"}
			}
		},
		{
			"from": [13.2213, 13.08554, 9.66321],
			"to": [17.2213, 17.08554, 9.66321],
			"rotation": {"angle": 22.5, "axis": "z", "origin": [14.62974, 14.40844, 7.43698]},
			"faces": {
				"north": {"uv": [0, 0, 4, 4], "rotation": 270, "texture": "#0"},
				"east": {"uv": [0, 0, 4, 0], "rotation": 270, "texture": "#0"},
				"south": {"uv": [0, 0, 4, 4], "rotation": 90, "texture": "#0"},
				"west": {"uv": [0, 0, 4, 0], "rotation": 270, "texture": "#0"},
				"up": {"uv": [0, 0, 0, 4], "rotation": 90, "texture": "#0"},
				"down": {"uv": [0, 0, 0, 4], "rotation": 90, "texture": "#0"}
			}
		},
		{
			"from": [14.10886, 12.03819, 5.41188],
			"to": [18.10886, 16.03819, 5.41188],
			"rotation": {"angle": 22.5, "axis": "z", "origin": [14.62974, 14.40844, 7.43698]},
			"faces": {
				"north": {"uv": [0, 0, 4, 4], "rotation": 270, "texture": "#0"},
				"east": {"uv": [0, 0, 4, 0], "rotation": 90, "texture": "#0"},
				"south": {"uv": [0, 0, 4, 4], "rotation": 90, "texture": "#0"},
				"west": {"uv": [0, 0, 4, 0], "rotation": 90, "texture": "#0"},
				"up": {"uv": [0, 0, 0, 4], "rotation": 90, "texture": "#0"},
				"down": {"uv": [0, 0, 0, 4], "rotation": 90, "texture": "#0"}
			}
		},
		{
			"from": [13.2213, 12.13378, 5.32719],
			"to": [17.2213, 16.13378, 5.32719],
			"rotation": {"angle": 22.5, "axis": "z", "origin": [14.62974, 14.40844, 7.43698]},
			"faces": {
				"north": {"uv": [0, 0, 4, 4], "rotation": 270, "texture": "#0"},
				"east": {"uv": [0, 0, 4, 0], "rotation": 90, "texture": "#0"},
				"south": {"uv": [0, 0, 4, 4], "rotation": 90, "texture": "#0"},
				"west": {"uv": [0, 0, 4, 0], "rotation": 90, "texture": "#0"},
				"up": {"uv": [0, 0, 0, 4], "rotation": 90, "texture": "#0"},
				"down": {"uv": [0, 0, 0, 4], "rotation": 90, "texture": "#0"}
			}
		},
		{
			"from": [14.2213, 16.86984, 5.45196],
			"to": [18.2213, 16.86984, 9.45196],
			"rotation": {"angle": -22.5, "axis": "x", "origin": [14.62974, 14.40844, 7.43698]},
			"faces": {
				"north": {"uv": [0, 0, 0, 4], "rotation": 270, "texture": "#0"},
				"east": {"uv": [0, 0, 4, 0], "texture": "#0"},
				"south": {"uv": [0, 0, 0, 4], "rotation": 90, "texture": "#0"},
				"west": {"uv": [0, 0, 4, 0], "rotation": 180, "texture": "#0"},
				"up": {"uv": [0, 0, 4, 4], "rotation": 90, "texture": "#0"},
				"down": {"uv": [0, 0, 4, 4], "rotation": 90, "texture": "#0"}
			}
		},
		{
			"from": [14.03458, 15.83999, 5],
			"to": [18.03458, 15.83999, 9],
			"rotation": {"angle": 45, "axis": "z", "origin": [14.62974, 14.40844, 7.43698]},
			"faces": {
				"north": {"uv": [0, 0, 0, 4], "rotation": 270, "texture": "#0"},
				"east": {"uv": [0, 0, 4, 0], "texture": "#0"},
				"south": {"uv": [0, 0, 0, 4], "rotation": 90, "texture": "#0"},
				"west": {"uv": [0, 0, 4, 0], "rotation": 180, "texture": "#0"},
				"up": {"uv": [0, 0, 4, 4], "rotation": 90, "texture": "#0"},
				"down": {"uv": [0, 0, 4, 4], "rotation": 90, "texture": "#0"}
			}
		},
		{
			"from": [13.2213, 12.86984, 5.45196],
			"to": [17.2213, 16.86984, 5.45196],
			"rotation": {"angle": -22.5, "axis": "x", "origin": [14.62974, 14.40844, 7.43698]},
			"faces": {
				"north": {"uv": [0, 0, 4, 4], "rotation": 270, "texture": "#0"},
				"east": {"uv": [0, 0, 4, 0], "rotation": 90, "texture": "#0"},
				"south": {"uv": [0, 0, 4, 4], "rotation": 90, "texture": "#0"},
				"west": {"uv": [0, 0, 4, 0], "rotation": 90, "texture": "#0"},
				"up": {"uv": [0, 0, 0, 4], "rotation": 90, "texture": "#0"},
				"down": {"uv": [0, 0, 0, 4], "rotation": 90, "texture": "#0"}
			}
		},
		{
			"from": [14.2213, 13.0472, 9.94659],
			"to": [18.2213, 17.0472, 9.94659],
			"rotation": {"angle": 22.5, "axis": "y", "origin": [14.62974, 14.40844, 7.43698]},
			"faces": {
				"north": {"uv": [0, 0, 4, 4], "rotation": 270, "texture": "#0"},
				"east": {"uv": [0, 0, 4, 0], "rotation": 270, "texture": "#0"},
				"south": {"uv": [0, 0, 4, 4], "rotation": 90, "texture": "#0"},
				"west": {"uv": [0, 0, 4, 0], "rotation": 270, "texture": "#0"},
				"up": {"uv": [0, 0, 0, 4], "rotation": 90, "texture": "#0"},
				"down": {"uv": [0, 0, 0, 4], "rotation": 90, "texture": "#0"}
			}
		},
		{
			"from": [13.2213, 12.95896, 9.51112],
			"to": [17.2213, 16.95896, 9.51112],
			"rotation": {"angle": 22.5, "axis": "z", "origin": [14.62974, 14.40844, 7.43698]},
			"faces": {
				"north": {"uv": [0, 0, 4, 4], "rotation": 270, "texture": "#0"},
				"east": {"uv": [0, 0, 4, 0], "rotation": 270, "texture": "#0"},
				"south": {"uv": [0, 0, 4, 4], "rotation": 90, "texture": "#0"},
				"west": {"uv": [0, 0, 4, 0], "rotation": 270, "texture": "#0"},
				"up": {"uv": [0, 0, 0, 4], "rotation": 90, "texture": "#0"},
				"down": {"uv": [0, 0, 0, 4], "rotation": 90, "texture": "#0"}
			}
		},
		{
			"from": [14.30985, 12.56493, 6],
			"to": [18.30985, 12.56493, 10],
			"rotation": {"angle": 22.5, "axis": "z", "origin": [14.62974, 14.40844, 7.43698]},
			"faces": {
				"north": {"uv": [0, 0, 0, 4], "rotation": 270, "texture": "#0"},
				"east": {"uv": [0, 0, 4, 0], "rotation": 180, "texture": "#0"},
				"south": {"uv": [0, 0, 0, 4], "rotation": 90, "texture": "#0"},
				"west": {"uv": [0, 0, 4, 0], "texture": "#0"},
				"up": {"uv": [0, 0, 4, 4], "rotation": 90, "texture": "#0"},
				"down": {"uv": [0, 0, 4, 4], "rotation": 90, "texture": "#0"}
			}
		},
		{
			"from": [13.2213, 16.03819, 6],
			"to": [16.2213, 16.03819, 8],
			"rotation": {"angle": 22.5, "axis": "z", "origin": [14.62974, 14.40844, 7.43698]},
			"faces": {
				"north": {"uv": [0, 0, 0, 3], "rotation": 270, "texture": "#0"},
				"east": {"uv": [0, 0, 0, 2], "rotation": 90, "texture": "#0"},
				"south": {"uv": [0, 0, 0, 3], "rotation": 90, "texture": "#0"},
				"west": {"uv": [0, 0, 0, 2], "rotation": 90, "texture": "#0"},
				"up": {"uv": [0, 0, 2, 3], "rotation": 90, "texture": "#0"},
				"down": {"uv": [0, 0, 2, 3], "rotation": 90, "texture": "#0"}
			}
		},
		{
			"from": [13.2213, 15.83764, 5.80401],
			"to": [16.2213, 15.83764, 7.80401],
			"rotation": {"angle": 22.5, "axis": "z", "origin": [14.62974, 14.40844, 7.43698]},
			"faces": {
				"north": {"uv": [0, 0, 0, 3], "rotation": 270, "texture": "#0"},
				"east": {"uv": [0, 0, 0, 2], "rotation": 90, "texture": "#0"},
				"south": {"uv": [0, 0, 0, 3], "rotation": 90, "texture": "#0"},
				"west": {"uv": [0, 0, 0, 2], "rotation": 90, "texture": "#0"},
				"up": {"uv": [0, 0, 2, 3], "rotation": 90, "texture": "#0"},
				"down": {"uv": [0, 0, 2, 3], "rotation": 90, "texture": "#0"}
			}
		},
		{
			"from": [13.2213, 13.87721, 6.82068],
			"to": [16.2213, 13.87721, 8.82068],
			"rotation": {"angle": 22.5, "axis": "z", "origin": [14.62974, 14.40844, 7.43698]},
			"faces": {
				"north": {"uv": [0, 0, 0, 3], "rotation": 270, "texture": "#0"},
				"east": {"uv": [0, 0, 0, 2], "rotation": 270, "texture": "#0"},
				"south": {"uv": [0, 0, 0, 3], "rotation": 90, "texture": "#0"},
				"west": {"uv": [0, 0, 0, 2], "rotation": 270, "texture": "#0"},
				"up": {"uv": [0, 0, 2, 3], "rotation": 90, "texture": "#0"},
				"down": {"uv": [0, 0, 2, 3], "rotation": 90, "texture": "#0"}
			}
		},
		{
			"from": [13.2213, 13.71834, 6.25551],
			"to": [16.2213, 13.71834, 8.25551],
			"rotation": {"angle": 22.5, "axis": "z", "origin": [14.62974, 14.40844, 7.43698]},
			"faces": {
				"north": {"uv": [0, 0, 0, 3], "rotation": 270, "texture": "#0"},
				"east": {"uv": [0, 0, 0, 2], "rotation": 270, "texture": "#0"},
				"south": {"uv": [0, 0, 0, 3], "rotation": 90, "texture": "#0"},
				"west": {"uv": [0, 0, 0, 2], "rotation": 270, "texture": "#0"},
				"up": {"uv": [0, 0, 2, 3], "rotation": 90, "texture": "#0"},
				"down": {"uv": [0, 0, 2, 3], "rotation": 90, "texture": "#0"}
			}
		},
		{
			"from": [11.53145, 16.3379, 6],
			"to": [14.53145, 16.3379, 9],
			"rotation": {"angle": 45, "axis": "z", "origin": [14.62974, 14.40844, 7.43698]},
			"faces": {
				"north": {"uv": [0, 0, 0, 3], "rotation": 270, "texture": "#0"},
				"east": {"uv": [0, 0, 0, 4], "rotation": 90, "texture": "#0"},
				"south": {"uv": [0, 0, 0, 3], "rotation": 90, "texture": "#0"},
				"west": {"uv": [0, 0, 0, 4], "rotation": 90, "texture": "#0"},
				"up": {"uv": [1, 6, 4, 9], "rotation": 90, "texture": "#0"},
				"down": {"uv": [1, 6, 4, 9], "rotation": 90, "texture": "#0"}
			}
		},
		{
			"from": [11.89095, 12.41216, 7],
			"to": [14.89095, 12.41216, 9],
			"rotation": {"angle": 0, "axis": "z", "origin": [14.62974, 14.40844, 7.43698]},
			"faces": {
				"north": {"uv": [0, 0, 0, 3], "rotation": 270, "texture": "#0"},
				"east": {"uv": [0, 0, 0, 4], "rotation": 90, "texture": "#0"},
				"south": {"uv": [0, 0, 0, 3], "rotation": 90, "texture": "#0"},
				"west": {"uv": [0, 0, 0, 4], "rotation": 90, "texture": "#0"},
				"up": {"uv": [1, 6, 4, 9], "rotation": 90, "texture": "#0"},
				"down": {"uv": [1, 6, 4, 9], "rotation": 90, "texture": "#0"}
			}
		},
		{
			"from": [12.10782, 12.53819, 5.91711],
			"to": [15.10782, 15.53819, 5.91711],
			"rotation": {"angle": 22.5, "axis": "z", "origin": [14.62974, 14.40844, 7.43698]},
			"faces": {
				"north": {"uv": [1, 6, 4, 9], "rotation": 270, "texture": "#0"},
				"east": {"uv": [0, 0, 0, 4], "rotation": 180, "texture": "#0"},
				"south": {"uv": [1, 6, 4, 9], "rotation": 90, "texture": "#0"},
				"west": {"uv": [0, 0, 0, 4], "texture": "#0"},
				"up": {"uv": [0, 0, 0, 3], "rotation": 90, "texture": "#0"},
				"down": {"uv": [0, 0, 0, 3], "rotation": 90, "texture": "#0"}
			}
		},
		{
			"from": [12.15606, 13.53819, 10.07329],
			"to": [15.15606, 15.53819, 10.07329],
			"rotation": {"angle": 22.5, "axis": "z", "origin": [14.62974, 14.40844, 7.43698]},
			"faces": {
				"north": {"uv": [1, 6, 4, 9], "rotation": 270, "texture": "#0"},
				"east": {"uv": [0, 0, 0, 4], "rotation": 180, "texture": "#0"},
				"south": {"uv": [1, 6, 4, 9], "rotation": 90, "texture": "#0"},
				"west": {"uv": [0, 0, 0, 4], "texture": "#0"},
				"up": {"uv": [0, 0, 0, 3], "rotation": 90, "texture": "#0"},
				"down": {"uv": [0, 0, 0, 3], "rotation": 90, "texture": "#0"}
			}
		},
		{
			"from": [14.2213, 13.03819, 6],
			"to": [15.2213, 16.03819, 9],
			"rotation": {"angle": 22.5, "axis": "z", "origin": [14.62974, 14.40844, 7.43698]},
			"faces": {
				"north": {"uv": [0, 0, 3, 1], "rotation": 270, "texture": "#0"},
				"east": {"uv": [0, 0, 3, 3], "rotation": 90, "texture": "#0"},
				"south": {"uv": [0, 0, 3, 1], "rotation": 90, "texture": "#0"},
				"west": {"uv": [0, 0, 3, 3], "rotation": 90, "texture": "#0"},
				"up": {"uv": [0, 0, 3, 1], "rotation": 90, "texture": "#0"},
				"down": {"uv": [0, 0, 3, 1], "rotation": 90, "texture": "#0"}
			}
		},
		{
			"from": [7.40351, 10.08554, 11.02854],
			"to": [7.40351, 14.08554, 15.02854],
			"rotation": {"angle": -22.5, "axis": "x", "origin": [14.62974, 14.40844, 7.43698]},
			"faces": {
				"north": {"uv": [0, 0, 4, 0], "rotation": 270, "texture": "#0"},
				"east": {"uv": [0, 0, 4, 4], "rotation": 270, "texture": "#0"},
				"south": {"uv": [0, 0, 4, 0], "rotation": 270, "texture": "#0"},
				"west": {"uv": [0, 0, 4, 4], "rotation": 90, "texture": "#0"},
				"up": {"uv": [0, 0, 0, 4], "rotation": 180, "texture": "#0"},
				"down": {"uv": [0, 0, 0, 4], "texture": "#0"}
			}
		},
		{
			"from": [11.65484, 9.03819, 11.9161],
			"to": [11.65484, 13.03819, 15.9161],
			"rotation": {"angle": -22.5, "axis": "x", "origin": [14.62974, 14.40844, 7.43698]},
			"faces": {
				"north": {"uv": [0, 0, 4, 0], "rotation": 90, "texture": "#0"},
				"east": {"uv": [0, 0, 4, 4], "rotation": 270, "texture": "#0"},
				"south": {"uv": [0, 0, 4, 0], "rotation": 90, "texture": "#0"},
				"west": {"uv": [0, 0, 4, 4], "rotation": 90, "texture": "#0"},
				"up": {"uv": [0, 0, 0, 4], "rotation": 180, "texture": "#0"},
				"down": {"uv": [0, 0, 0, 4], "texture": "#0"}
			}
		},
		{
			"from": [11.73953, 11.52285, 11.85607],
			"to": [11.73953, 15.52285, 15.85607],
			"rotation": {"angle": 22.5, "axis": "y", "origin": [11.73953, 13.52285, 13.85607]},
			"faces": {
				"north": {"uv": [0, 0, 4, 0], "rotation": 90, "texture": "#0"},
				"east": {"uv": [0, 0, 4, 4], "rotation": 270, "texture": "#0"},
				"south": {"uv": [0, 0, 4, 0], "rotation": 90, "texture": "#0"},
				"west": {"uv": [0, 0, 4, 4], "rotation": 90, "texture": "#0"},
				"up": {"uv": [0, 0, 0, 4], "rotation": 180, "texture": "#0"},
				"down": {"uv": [0, 0, 0, 4], "texture": "#0"}
			}
		},
		{
			"from": [7.61476, 18.68853, 10.47876],
			"to": [11.61476, 18.68853, 14.47876],
			"rotation": {"angle": -45, "axis": "x", "origin": [9.61476, 18.68853, 12.47876]},
			"faces": {
				"north": {"uv": [0, 0, 4, 0], "rotation": 180, "texture": "#0"},
				"east": {"uv": [0, 0, 0, 4], "rotation": 270, "texture": "#0"},
				"south": {"uv": [0, 0, 4, 0], "texture": "#0"},
				"west": {"uv": [0, 0, 0, 4], "rotation": 90, "texture": "#0"},
				"up": {"uv": [0, 0, 4, 4], "rotation": 180, "texture": "#0"},
				"down": {"uv": [0, 0, 4, 4], "texture": "#0"}
			}
		},
		{
			"from": [8.06672, 15.41041, 11.9545],
			"to": [12.06672, 15.41041, 15.9545],
			"rotation": {"angle": 22.5, "axis": "x", "origin": [10.06672, 15.41041, 13.9545]},
			"faces": {
				"north": {"uv": [0, 0, 4, 0], "rotation": 180, "texture": "#0"},
				"east": {"uv": [0, 0, 0, 4], "rotation": 270, "texture": "#0"},
				"south": {"uv": [0, 0, 4, 0], "texture": "#0"},
				"west": {"uv": [0, 0, 0, 4], "rotation": 90, "texture": "#0"},
				"up": {"uv": [0, 0, 4, 4], "rotation": 180, "texture": "#0"},
				"down": {"uv": [0, 0, 4, 4], "texture": "#0"}
			}
		},
		{
			"from": [11.61476, 12.20288, 11.57439],
			"to": [11.61476, 16.20288, 15.57439],
			"rotation": {"angle": -22.5, "axis": "x", "origin": [11.61476, 14.20288, 13.57439]},
			"faces": {
				"north": {"uv": [0, 0, 4, 0], "rotation": 90, "texture": "#0"},
				"east": {"uv": [0, 0, 4, 4], "rotation": 270, "texture": "#0"},
				"south": {"uv": [0, 0, 4, 0], "rotation": 90, "texture": "#0"},
				"west": {"uv": [0, 0, 4, 4], "rotation": 90, "texture": "#0"},
				"up": {"uv": [0, 0, 0, 4], "rotation": 180, "texture": "#0"},
				"down": {"uv": [0, 0, 0, 4], "texture": "#0"}
			}
		},
		{
			"from": [7.12013, 12.74942, 12.43039],
			"to": [7.12013, 16.74942, 16.43039],
			"rotation": {"angle": -22.5, "axis": "y", "origin": [7.12013, 14.74942, 14.43039]},
			"faces": {
				"north": {"uv": [0, 0, 4, 0], "rotation": 270, "texture": "#0"},
				"east": {"uv": [0, 0, 4, 4], "rotation": 270, "texture": "#0"},
				"south": {"uv": [0, 0, 4, 0], "rotation": 270, "texture": "#0"},
				"west": {"uv": [0, 0, 4, 4], "rotation": 90, "texture": "#0"},
				"up": {"uv": [0, 0, 0, 4], "rotation": 180, "texture": "#0"},
				"down": {"uv": [0, 0, 0, 4], "texture": "#0"}
			}
		},
		{
			"from": [7.5556, 9.95896, 11.02854],
			"to": [7.5556, 13.95896, 15.02854],
			"rotation": {"angle": -22.5, "axis": "x", "origin": [14.62974, 14.40844, 7.43698]},
			"faces": {
				"north": {"uv": [0, 0, 4, 0], "rotation": 270, "texture": "#0"},
				"east": {"uv": [0, 0, 4, 4], "rotation": 270, "texture": "#0"},
				"south": {"uv": [0, 0, 4, 0], "rotation": 270, "texture": "#0"},
				"west": {"uv": [0, 0, 4, 4], "rotation": 90, "texture": "#0"},
				"up": {"uv": [0, 0, 0, 4], "rotation": 180, "texture": "#0"},
				"down": {"uv": [0, 0, 0, 4], "texture": "#0"}
			}
		},
		{
			"from": [7.06672, 12.48999, 13.46213],
			"to": [11.06672, 12.48999, 17.46213],
			"rotation": {"angle": -45, "axis": "x", "origin": [9.06672, 12.48999, 15.46213]},
			"faces": {
				"north": {"uv": [0, 0, 4, 0], "texture": "#0"},
				"east": {"uv": [0, 0, 0, 4], "rotation": 270, "texture": "#0"},
				"south": {"uv": [0, 0, 4, 0], "rotation": 180, "texture": "#0"},
				"west": {"uv": [0, 0, 0, 4], "rotation": 90, "texture": "#0"},
				"up": {"uv": [0, 0, 4, 4], "rotation": 180, "texture": "#0"},
				"down": {"uv": [0, 0, 4, 4], "texture": "#0"}
			}
		},
		{
			"from": [9.06672, 13.03819, 11.02854],
			"to": [11.06672, 13.03819, 14.02854],
			"rotation": {"angle": -22.5, "axis": "x", "origin": [14.62974, 14.40844, 7.43698]},
			"faces": {
				"north": {"uv": [0, 0, 0, 2], "rotation": 90, "texture": "#0"},
				"east": {"uv": [0, 0, 0, 3], "rotation": 270, "texture": "#0"},
				"south": {"uv": [0, 0, 0, 2], "rotation": 90, "texture": "#0"},
				"west": {"uv": [0, 0, 0, 3], "rotation": 90, "texture": "#0"},
				"up": {"uv": [0, 0, 2, 3], "rotation": 180, "texture": "#0"},
				"down": {"uv": [0, 0, 2, 3], "texture": "#0"}
			}
		},
		{
			"from": [9.26271, 12.83764, 11.02854],
			"to": [11.26271, 12.83764, 14.02854],
			"rotation": {"angle": -22.5, "axis": "x", "origin": [14.62974, 14.40844, 7.43698]},
			"faces": {
				"north": {"uv": [0, 0, 0, 2], "rotation": 90, "texture": "#0"},
				"east": {"uv": [0, 0, 0, 3], "rotation": 270, "texture": "#0"},
				"south": {"uv": [0, 0, 0, 2], "rotation": 90, "texture": "#0"},
				"west": {"uv": [0, 0, 0, 3], "rotation": 90, "texture": "#0"},
				"up": {"uv": [0, 0, 2, 3], "rotation": 180, "texture": "#0"},
				"down": {"uv": [0, 0, 2, 3], "texture": "#0"}
			}
		},
		{
			"from": [8.24604, 10.87721, 11.02854],
			"to": [10.24604, 10.87721, 14.02854],
			"rotation": {"angle": -22.5, "axis": "x", "origin": [14.62974, 14.40844, 7.43698]},
			"faces": {
				"north": {"uv": [0, 0, 0, 2], "rotation": 270, "texture": "#0"},
				"east": {"uv": [0, 0, 0, 3], "rotation": 270, "texture": "#0"},
				"south": {"uv": [0, 0, 0, 2], "rotation": 270, "texture": "#0"},
				"west": {"uv": [0, 0, 0, 3], "rotation": 90, "texture": "#0"},
				"up": {"uv": [0, 0, 2, 3], "rotation": 180, "texture": "#0"},
				"down": {"uv": [0, 0, 2, 3], "texture": "#0"}
			}
		},
		{
			"from": [8.81121, 10.71834, 11.02854],
			"to": [10.81121, 10.71834, 14.02854],
			"rotation": {"angle": -22.5, "axis": "x", "origin": [14.62974, 14.40844, 7.43698]},
			"faces": {
				"north": {"uv": [0, 0, 0, 2], "rotation": 270, "texture": "#0"},
				"east": {"uv": [0, 0, 0, 3], "rotation": 270, "texture": "#0"},
				"south": {"uv": [0, 0, 0, 2], "rotation": 270, "texture": "#0"},
				"west": {"uv": [0, 0, 0, 3], "rotation": 90, "texture": "#0"},
				"up": {"uv": [0, 0, 2, 3], "rotation": 180, "texture": "#0"},
				"down": {"uv": [0, 0, 2, 3], "texture": "#0"}
			}
		},
		{
			"from": [8.06672, 13.3379, 9.33869],
			"to": [11.06672, 13.3379, 12.33869],
			"rotation": {"angle": -22.5, "axis": "x", "origin": [14.62974, 14.40844, 7.43698]},
			"faces": {
				"north": {"uv": [0, 0, 0, 4], "rotation": 90, "texture": "#0"},
				"east": {"uv": [0, 0, 0, 3], "rotation": 270, "texture": "#0"},
				"south": {"uv": [0, 0, 0, 4], "rotation": 90, "texture": "#0"},
				"west": {"uv": [0, 0, 0, 3], "rotation": 90, "texture": "#0"},
				"up": {"uv": [1, 6, 4, 9], "rotation": 180, "texture": "#0"},
				"down": {"uv": [1, 6, 4, 9], "texture": "#0"}
			}
		},
		{
			"from": [8.06672, 9.41216, 9.69819],
			"to": [10.06672, 9.41216, 12.69819],
			"rotation": {"angle": -22.5, "axis": "x", "origin": [14.62974, 14.40844, 7.43698]},
			"faces": {
				"north": {"uv": [0, 0, 0, 4], "rotation": 90, "texture": "#0"},
				"east": {"uv": [0, 0, 0, 3], "rotation": 270, "texture": "#0"},
				"south": {"uv": [0, 0, 0, 4], "rotation": 90, "texture": "#0"},
				"west": {"uv": [0, 0, 0, 3], "rotation": 90, "texture": "#0"},
				"up": {"uv": [1, 6, 4, 9], "rotation": 180, "texture": "#0"},
				"down": {"uv": [1, 6, 4, 9], "texture": "#0"}
			}
		},
		{
			"from": [11.14961, 9.53819, 9.91506],
			"to": [11.14961, 12.53819, 12.91506],
			"rotation": {"angle": -22.5, "axis": "x", "origin": [14.62974, 14.40844, 7.43698]},
			"faces": {
				"north": {"uv": [0, 0, 0, 4], "texture": "#0"},
				"east": {"uv": [1, 6, 4, 9], "rotation": 270, "texture": "#0"},
				"south": {"uv": [0, 0, 0, 4], "rotation": 180, "texture": "#0"},
				"west": {"uv": [1, 6, 4, 9], "rotation": 90, "texture": "#0"},
				"up": {"uv": [0, 0, 0, 3], "rotation": 180, "texture": "#0"},
				"down": {"uv": [0, 0, 0, 3], "texture": "#0"}
			}
		},
		{
			"from": [6.99343, 10.53819, 9.9633],
			"to": [6.99343, 12.53819, 12.9633],
			"rotation": {"angle": -22.5, "axis": "x", "origin": [14.62974, 14.40844, 7.43698]},
			"faces": {
				"north": {"uv": [0, 0, 0, 4], "texture": "#0"},
				"east": {"uv": [1, 6, 4, 9], "rotation": 270, "texture": "#0"},
				"south": {"uv": [0, 0, 0, 4], "rotation": 180, "texture": "#0"},
				"west": {"uv": [1, 6, 4, 9], "rotation": 90, "texture": "#0"},
				"up": {"uv": [0, 0, 0, 3], "rotation": 180, "texture": "#0"},
				"down": {"uv": [0, 0, 0, 3], "texture": "#0"}
			}
		},
		{
			"from": [8.06672, 10.03819, 12.02854],
			"to": [11.06672, 13.03819, 13.02854],
			"rotation": {"angle": -22.5, "axis": "x", "origin": [14.62974, 14.40844, 7.43698]},
			"faces": {
				"north": {"uv": [0, 0, 3, 3], "rotation": 90, "texture": "#0"},
				"east": {"uv": [0, 0, 3, 1], "rotation": 270, "texture": "#0"},
				"south": {"uv": [0, 0, 3, 3], "rotation": 90, "texture": "#0"},
				"west": {"uv": [0, 0, 3, 1], "rotation": 90, "texture": "#0"},
				"up": {"uv": [0, 0, 3, 1], "rotation": 180, "texture": "#0"},
				"down": {"uv": [0, 0, 3, 1], "texture": "#0"}
			}
		},
		{
			"from": [2.40351, 7.30755, 12.71144],
			"to": [2.40351, 11.30755, 16.71144],
			"rotation": {"angle": -22.5, "axis": "x", "origin": [4.52657, 8.80286, 14.36382]},
			"faces": {
				"north": {"uv": [0, 0, 4, 0], "rotation": 270, "texture": "#0"},
				"east": {"uv": [0, 0, 4, 4], "rotation": 270, "texture": "#0"},
				"south": {"uv": [0, 0, 4, 0], "rotation": 270, "texture": "#0"},
				"west": {"uv": [0, 0, 4, 4], "rotation": 90, "texture": "#0"},
				"up": {"uv": [0, 0, 0, 4], "rotation": 180, "texture": "#0"},
				"down": {"uv": [0, 0, 0, 4], "texture": "#0"}
			}
		},
		{
			"from": [6.65484, 6.2602, 13.599],
			"to": [6.65484, 10.2602, 17.599],
			"rotation": {"angle": -22.5, "axis": "x", "origin": [4.52657, 8.80286, 14.36382]},
			"faces": {
				"north": {"uv": [0, 0, 4, 0], "rotation": 90, "texture": "#0"},
				"east": {"uv": [0, 0, 4, 4], "rotation": 270, "texture": "#0"},
				"south": {"uv": [0, 0, 4, 0], "rotation": 90, "texture": "#0"},
				"west": {"uv": [0, 0, 4, 4], "rotation": 90, "texture": "#0"},
				"up": {"uv": [0, 0, 0, 4], "rotation": 180, "texture": "#0"},
				"down": {"uv": [0, 0, 0, 4], "texture": "#0"}
			}
		},
		{
			"from": [6.3827, 6.52285, 13.66546],
			"to": [6.3827, 10.52285, 17.66546],
			"rotation": {"angle": 22.5, "axis": "y", "origin": [4.52657, 8.80286, 14.36382]},
			"faces": {
				"north": {"uv": [0, 0, 4, 0], "rotation": 90, "texture": "#0"},
				"east": {"uv": [0, 0, 4, 4], "rotation": 270, "texture": "#0"},
				"south": {"uv": [0, 0, 4, 0], "rotation": 90, "texture": "#0"},
				"west": {"uv": [0, 0, 4, 4], "rotation": 90, "texture": "#0"},
				"up": {"uv": [0, 0, 0, 4], "rotation": 180, "texture": "#0"},
				"down": {"uv": [0, 0, 0, 4], "texture": "#0"}
			}
		},
		{
			"from": [3.06672, 10.51408, 12.29435],
			"to": [7.06672, 10.51408, 16.29435],
			"rotation": {"angle": 22.5, "axis": "x", "origin": [4.52657, 8.80286, 14.36382]},
			"faces": {
				"north": {"uv": [0, 0, 4, 0], "rotation": 180, "texture": "#0"},
				"east": {"uv": [0, 0, 0, 4], "rotation": 270, "texture": "#0"},
				"south": {"uv": [0, 0, 4, 0], "texture": "#0"},
				"west": {"uv": [0, 0, 0, 4], "rotation": 90, "texture": "#0"},
				"up": {"uv": [0, 0, 4, 4], "rotation": 180, "texture": "#0"},
				"down": {"uv": [0, 0, 4, 4], "texture": "#0"}
			}
		},
		{
			"from": [6.61476, 7.09185, 12.71144],
			"to": [6.61476, 11.09185, 16.71144],
			"rotation": {"angle": -22.5, "axis": "x", "origin": [4.52657, 8.80286, 14.36382]},
			"faces": {
				"north": {"uv": [0, 0, 4, 0], "rotation": 90, "texture": "#0"},
				"east": {"uv": [0, 0, 4, 4], "rotation": 270, "texture": "#0"},
				"south": {"uv": [0, 0, 4, 0], "rotation": 90, "texture": "#0"},
				"west": {"uv": [0, 0, 4, 4], "rotation": 90, "texture": "#0"},
				"up": {"uv": [0, 0, 0, 4], "rotation": 180, "texture": "#0"},
				"down": {"uv": [0, 0, 0, 4], "texture": "#0"}
			}
		},
		{
			"from": [2.71147, 7.74942, 14.27011],
			"to": [2.71147, 11.74942, 18.27011],
			"rotation": {"angle": -22.5, "axis": "y", "origin": [4.52657, 8.80286, 14.36382]},
			"faces": {
				"north": {"uv": [0, 0, 4, 0], "rotation": 270, "texture": "#0"},
				"east": {"uv": [0, 0, 4, 4], "rotation": 270, "texture": "#0"},
				"south": {"uv": [0, 0, 4, 0], "rotation": 270, "texture": "#0"},
				"west": {"uv": [0, 0, 4, 4], "rotation": 90, "texture": "#0"},
				"up": {"uv": [0, 0, 0, 4], "rotation": 180, "texture": "#0"},
				"down": {"uv": [0, 0, 0, 4], "texture": "#0"}
			}
		},
		{
			"from": [2.5556, 7.18097, 12.71144],
			"to": [2.5556, 11.18097, 16.71144],
			"rotation": {"angle": -22.5, "axis": "x", "origin": [4.52657, 8.80286, 14.36382]},
			"faces": {
				"north": {"uv": [0, 0, 4, 0], "rotation": 270, "texture": "#0"},
				"east": {"uv": [0, 0, 4, 4], "rotation": 270, "texture": "#0"},
				"south": {"uv": [0, 0, 4, 0], "rotation": 270, "texture": "#0"},
				"west": {"uv": [0, 0, 4, 4], "rotation": 90, "texture": "#0"},
				"up": {"uv": [0, 0, 0, 4], "rotation": 180, "texture": "#0"},
				"down": {"uv": [0, 0, 0, 4], "texture": "#0"}
			}
		},
		{
			"from": [2.06672, 6.39079, 12.91921],
			"to": [6.06672, 6.39079, 16.91921],
			"rotation": {"angle": -45, "axis": "x", "origin": [4.52657, 8.80286, 14.36382]},
			"faces": {
				"north": {"uv": [0, 0, 4, 0], "texture": "#0"},
				"east": {"uv": [0, 0, 0, 4], "rotation": 270, "texture": "#0"},
				"south": {"uv": [0, 0, 4, 0], "rotation": 180, "texture": "#0"},
				"west": {"uv": [0, 0, 0, 4], "rotation": 90, "texture": "#0"},
				"up": {"uv": [0, 0, 4, 4], "rotation": 180, "texture": "#0"},
				"down": {"uv": [0, 0, 4, 4], "texture": "#0"}
			}
		},
		{
			"from": [4.06672, 10.2602, 12.71144],
			"to": [6.06672, 10.2602, 15.71144],
			"rotation": {"angle": -22.5, "axis": "x", "origin": [4.52657, 8.80286, 14.36382]},
			"faces": {
				"north": {"uv": [0, 0, 0, 2], "rotation": 90, "texture": "#0"},
				"east": {"uv": [0, 0, 0, 3], "rotation": 270, "texture": "#0"},
				"south": {"uv": [0, 0, 0, 2], "rotation": 90, "texture": "#0"},
				"west": {"uv": [0, 0, 0, 3], "rotation": 90, "texture": "#0"},
				"up": {"uv": [0, 0, 2, 3], "rotation": 180, "texture": "#0"},
				"down": {"uv": [0, 0, 2, 3], "texture": "#0"}
			}
		},
		{
			"from": [4.26271, 10.05965, 12.71144],
			"to": [6.26271, 10.05965, 15.71144],
			"rotation": {"angle": -22.5, "axis": "x", "origin": [4.52657, 8.80286, 14.36382]},
			"faces": {
				"north": {"uv": [0, 0, 0, 2], "rotation": 90, "texture": "#0"},
				"east": {"uv": [0, 0, 0, 3], "rotation": 270, "texture": "#0"},
				"south": {"uv": [0, 0, 0, 2], "rotation": 90, "texture": "#0"},
				"west": {"uv": [0, 0, 0, 3], "rotation": 90, "texture": "#0"},
				"up": {"uv": [0, 0, 2, 3], "rotation": 180, "texture": "#0"},
				"down": {"uv": [0, 0, 2, 3], "texture": "#0"}
			}
		},
		{
			"from": [3.24604, 8.09922, 12.71144],
			"to": [5.24604, 8.09922, 15.71144],
			"rotation": {"angle": -22.5, "axis": "x", "origin": [4.52657, 8.80286, 14.36382]},
			"faces": {
				"north": {"uv": [0, 0, 0, 2], "rotation": 270, "texture": "#0"},
				"east": {"uv": [0, 0, 0, 3], "rotation": 270, "texture": "#0"},
				"south": {"uv": [0, 0, 0, 2], "rotation": 270, "texture": "#0"},
				"west": {"uv": [0, 0, 0, 3], "rotation": 90, "texture": "#0"},
				"up": {"uv": [0, 0, 2, 3], "rotation": 180, "texture": "#0"},
				"down": {"uv": [0, 0, 2, 3], "texture": "#0"}
			}
		},
		{
			"from": [3.81121, 7.94035, 12.71144],
			"to": [5.81121, 7.94035, 15.71144],
			"rotation": {"angle": -22.5, "axis": "x", "origin": [4.52657, 8.80286, 14.36382]},
			"faces": {
				"north": {"uv": [0, 0, 0, 2], "rotation": 270, "texture": "#0"},
				"east": {"uv": [0, 0, 0, 3], "rotation": 270, "texture": "#0"},
				"south": {"uv": [0, 0, 0, 2], "rotation": 270, "texture": "#0"},
				"west": {"uv": [0, 0, 0, 3], "rotation": 90, "texture": "#0"},
				"up": {"uv": [0, 0, 2, 3], "rotation": 180, "texture": "#0"},
				"down": {"uv": [0, 0, 2, 3], "texture": "#0"}
			}
		},
		{
			"from": [3.06672, 10.55991, 11.02159],
			"to": [6.06672, 10.55991, 14.02159],
			"rotation": {"angle": -22.5, "axis": "x", "origin": [4.52657, 8.80286, 14.36382]},
			"faces": {
				"north": {"uv": [0, 0, 0, 4], "rotation": 90, "texture": "#0"},
				"east": {"uv": [0, 0, 0, 3], "rotation": 270, "texture": "#0"},
				"south": {"uv": [0, 0, 0, 4], "rotation": 90, "texture": "#0"},
				"west": {"uv": [0, 0, 0, 3], "rotation": 90, "texture": "#0"},
				"up": {"uv": [1, 6, 4, 9], "rotation": 180, "texture": "#0"},
				"down": {"uv": [1, 6, 4, 9], "texture": "#0"}
			}
		},
		{
			"from": [3.06672, 6.63417, 11.38109],
			"to": [5.06672, 6.63417, 14.38109],
			"rotation": {"angle": -22.5, "axis": "x", "origin": [4.52657, 8.80286, 14.36382]},
			"faces": {
				"north": {"uv": [0, 0, 0, 4], "rotation": 90, "texture": "#0"},
				"east": {"uv": [0, 0, 0, 3], "rotation": 270, "texture": "#0"},
				"south": {"uv": [0, 0, 0, 4], "rotation": 90, "texture": "#0"},
				"west": {"uv": [0, 0, 0, 3], "rotation": 90, "texture": "#0"},
				"up": {"uv": [1, 6, 4, 9], "rotation": 180, "texture": "#0"},
				"down": {"uv": [1, 6, 4, 9], "texture": "#0"}
			}
		},
		{
			"from": [6.14961, 6.7602, 11.59796],
			"to": [6.14961, 9.7602, 14.59796],
			"rotation": {"angle": -22.5, "axis": "x", "origin": [4.52657, 8.80286, 14.36382]},
			"faces": {
				"north": {"uv": [0, 0, 0, 4], "texture": "#0"},
				"east": {"uv": [1, 6, 4, 9], "rotation": 270, "texture": "#0"},
				"south": {"uv": [0, 0, 0, 4], "rotation": 180, "texture": "#0"},
				"west": {"uv": [1, 6, 4, 9], "rotation": 90, "texture": "#0"},
				"up": {"uv": [0, 0, 0, 3], "rotation": 180, "texture": "#0"},
				"down": {"uv": [0, 0, 0, 3], "texture": "#0"}
			}
		},
		{
			"from": [1.99343, 7.7602, 11.6462],
			"to": [1.99343, 9.7602, 14.6462],
			"rotation": {"angle": -22.5, "axis": "x", "origin": [4.52657, 8.80286, 14.36382]},
			"faces": {
				"north": {"uv": [0, 0, 0, 4], "texture": "#0"},
				"east": {"uv": [1, 6, 4, 9], "rotation": 270, "texture": "#0"},
				"south": {"uv": [0, 0, 0, 4], "rotation": 180, "texture": "#0"},
				"west": {"uv": [1, 6, 4, 9], "rotation": 90, "texture": "#0"},
				"up": {"uv": [0, 0, 0, 3], "rotation": 180, "texture": "#0"},
				"down": {"uv": [0, 0, 0, 3], "texture": "#0"}
			}
		},
		{
			"from": [3.06672, 7.2602, 13.71144],
			"to": [6.06672, 10.2602, 14.71144],
			"rotation": {"angle": -22.5, "axis": "x", "origin": [4.52657, 8.80286, 14.36382]},
			"faces": {
				"north": {"uv": [0, 0, 3, 3], "rotation": 90, "texture": "#0"},
				"east": {"uv": [0, 0, 3, 1], "rotation": 270, "texture": "#0"},
				"south": {"uv": [0, 0, 3, 3], "rotation": 90, "texture": "#0"},
				"west": {"uv": [0, 0, 3, 1], "rotation": 90, "texture": "#0"},
				"up": {"uv": [0, 0, 3, 1], "rotation": 180, "texture": "#0"},
				"down": {"uv": [0, 0, 3, 1], "texture": "#0"}
			}
		},
		{
			"from": [-0.82105, 8.30755, 6.24076],
			"to": [3.17895, 12.30755, 6.24076],
			"rotation": {"angle": -22.5, "axis": "y", "origin": [1.52657, 9.80286, 6.36382]},
			"faces": {
				"north": {"uv": [0, 0, 4, 4], "rotation": 90, "texture": "#0"},
				"east": {"uv": [0, 0, 4, 0], "rotation": 270, "texture": "#0"},
				"south": {"uv": [0, 0, 4, 4], "rotation": 270, "texture": "#0"},
				"west": {"uv": [0, 0, 4, 0], "rotation": 270, "texture": "#0"},
				"up": {"uv": [0, 0, 0, 4], "rotation": 270, "texture": "#0"},
				"down": {"uv": [0, 0, 0, 4], "rotation": 270, "texture": "#0"}
			}
		},
		{
			"from": [-1.40692, 6.82882, 10.49209],
			"to": [2.59308, 10.82882, 10.49209],
			"rotation": {"angle": 22.5, "axis": "y", "origin": [0.59308, 8.82882, 10.49209]},
			"faces": {
				"north": {"uv": [0, 0, 4, 4], "rotation": 90, "texture": "#0"},
				"east": {"uv": [0, 0, 4, 0], "rotation": 90, "texture": "#0"},
				"south": {"uv": [0, 0, 4, 4], "rotation": 270, "texture": "#0"},
				"west": {"uv": [0, 0, 4, 0], "rotation": 90, "texture": "#0"},
				"up": {"uv": [0, 0, 0, 4], "rotation": 270, "texture": "#0"},
				"down": {"uv": [0, 0, 0, 4], "rotation": 270, "texture": "#0"}
			}
		},
		{
			"from": [-1.77507, 7.52285, 10.21996],
			"to": [2.22493, 11.52285, 10.21996],
			"rotation": {"angle": 22.5, "axis": "z", "origin": [1.52657, 9.80286, 6.36382]},
			"faces": {
				"north": {"uv": [0, 0, 4, 4], "rotation": 90, "texture": "#0"},
				"east": {"uv": [0, 0, 4, 0], "rotation": 90, "texture": "#0"},
				"south": {"uv": [0, 0, 4, 4], "rotation": 270, "texture": "#0"},
				"west": {"uv": [0, 0, 4, 0], "rotation": 90, "texture": "#0"},
				"up": {"uv": [0, 0, 0, 4], "rotation": 270, "texture": "#0"},
				"down": {"uv": [0, 0, 0, 4], "rotation": 270, "texture": "#0"}
			}
		},
		{
			"from": [-0.40396, 11.51408, 6.90397],
			"to": [3.59604, 11.51408, 10.90397],
			"rotation": {"angle": 22.5, "axis": "z", "origin": [1.52657, 9.80286, 6.36382]},
			"faces": {
				"north": {"uv": [0, 0, 0, 4], "rotation": 90, "texture": "#0"},
				"east": {"uv": [0, 0, 4, 0], "rotation": 180, "texture": "#0"},
				"south": {"uv": [0, 0, 0, 4], "rotation": 270, "texture": "#0"},
				"west": {"uv": [0, 0, 4, 0], "texture": "#0"},
				"up": {"uv": [0, 0, 4, 4], "rotation": 270, "texture": "#0"},
				"down": {"uv": [0, 0, 4, 4], "rotation": 270, "texture": "#0"}
			}
		},
		{
			"from": [-0.82105, 8.09185, 10.45201],
			"to": [3.17895, 12.09185, 10.45201],
			"rotation": {"angle": 22.5, "axis": "z", "origin": [1.52657, 9.80286, 6.36382]},
			"faces": {
				"north": {"uv": [0, 0, 4, 4], "rotation": 90, "texture": "#0"},
				"east": {"uv": [0, 0, 4, 0], "rotation": 90, "texture": "#0"},
				"south": {"uv": [0, 0, 4, 4], "rotation": 270, "texture": "#0"},
				"west": {"uv": [0, 0, 4, 0], "rotation": 90, "texture": "#0"},
				"up": {"uv": [0, 0, 0, 4], "rotation": 270, "texture": "#0"},
				"down": {"uv": [0, 0, 0, 4], "rotation": 270, "texture": "#0"}
			}
		},
		{
			"from": [-2.37972, 8.74942, 6.54872],
			"to": [1.62028, 12.74942, 6.54872],
			"rotation": {"angle": 22.5, "axis": "z", "origin": [1.52657, 9.80286, 6.36382]},
			"faces": {
				"north": {"uv": [0, 0, 4, 4], "rotation": 90, "texture": "#0"},
				"east": {"uv": [0, 0, 4, 0], "rotation": 270, "texture": "#0"},
				"south": {"uv": [0, 0, 4, 4], "rotation": 270, "texture": "#0"},
				"west": {"uv": [0, 0, 4, 0], "rotation": 270, "texture": "#0"},
				"up": {"uv": [0, 0, 0, 4], "rotation": 270, "texture": "#0"},
				"down": {"uv": [0, 0, 0, 4], "rotation": 270, "texture": "#0"}
			}
		},
		{
			"from": [-0.82105, 8.18097, 6.39285],
			"to": [3.17895, 12.18097, 6.39285],
			"rotation": {"angle": 22.5, "axis": "z", "origin": [1.52657, 9.80286, 6.36382]},
			"faces": {
				"north": {"uv": [0, 0, 4, 4], "rotation": 90, "texture": "#0"},
				"east": {"uv": [0, 0, 4, 0], "rotation": 270, "texture": "#0"},
				"south": {"uv": [0, 0, 4, 4], "rotation": 270, "texture": "#0"},
				"west": {"uv": [0, 0, 4, 0], "rotation": 270, "texture": "#0"},
				"up": {"uv": [0, 0, 0, 4], "rotation": 270, "texture": "#0"},
				"down": {"uv": [0, 0, 0, 4], "rotation": 270, "texture": "#0"}
			}
		},
		{
			"from": [-1.02882, 7.39079, 5.90397],
			"to": [2.97118, 7.39079, 9.90397],
			"rotation": {"angle": 0, "axis": "z", "origin": [1.52657, 9.80286, 6.36382]},
			"faces": {
				"north": {"uv": [0, 0, 0, 4], "rotation": 90, "texture": "#0"},
				"east": {"uv": [0, 0, 4, 0], "texture": "#0"},
				"south": {"uv": [0, 0, 0, 4], "rotation": 270, "texture": "#0"},
				"west": {"uv": [0, 0, 4, 0], "rotation": 180, "texture": "#0"},
				"up": {"uv": [0, 0, 4, 4], "rotation": 270, "texture": "#0"},
				"down": {"uv": [0, 0, 4, 4], "rotation": 270, "texture": "#0"}
			}
		},
		{
			"from": [0.17895, 11.2602, 7.90397],
			"to": [3.17895, 11.2602, 9.90397],
			"rotation": {"angle": 22.5, "axis": "z", "origin": [1.52657, 9.80286, 6.36382]},
			"faces": {
				"north": {"uv": [0, 0, 0, 3], "rotation": 90, "texture": "#0"},
				"east": {"uv": [0, 0, 0, 2], "rotation": 90, "texture": "#0"},
				"south": {"uv": [0, 0, 0, 3], "rotation": 270, "texture": "#0"},
				"west": {"uv": [0, 0, 0, 2], "rotation": 90, "texture": "#0"},
				"up": {"uv": [0, 0, 2, 3], "rotation": 270, "texture": "#0"},
				"down": {"uv": [0, 0, 2, 3], "rotation": 270, "texture": "#0"}
			}
		},
		{
			"from": [0.17895, 11.05965, 8.09996],
			"to": [3.17895, 11.05965, 10.09996],
			"rotation": {"angle": 22.5, "axis": "z", "origin": [1.52657, 9.80286, 6.36382]},
			"faces": {
				"north": {"uv": [0, 0, 0, 3], "rotation": 90, "texture": "#0"},
				"east": {"uv": [0, 0, 0, 2], "rotation": 90, "texture": "#0"},
				"south": {"uv": [0, 0, 0, 3], "rotation": 270, "texture": "#0"},
				"west": {"uv": [0, 0, 0, 2], "rotation": 90, "texture": "#0"},
				"up": {"uv": [0, 0, 2, 3], "rotation": 270, "texture": "#0"},
				"down": {"uv": [0, 0, 2, 3], "rotation": 270, "texture": "#0"}
			}
		},
		{
			"from": [0.17895, 9.09922, 7.08329],
			"to": [3.17895, 9.09922, 9.08329],
			"rotation": {"angle": 22.5, "axis": "z", "origin": [1.52657, 9.80286, 6.36382]},
			"faces": {
				"north": {"uv": [0, 0, 0, 3], "rotation": 90, "texture": "#0"},
				"east": {"uv": [0, 0, 0, 2], "rotation": 270, "texture": "#0"},
				"south": {"uv": [0, 0, 0, 3], "rotation": 270, "texture": "#0"},
				"west": {"uv": [0, 0, 0, 2], "rotation": 270, "texture": "#0"},
				"up": {"uv": [0, 0, 2, 3], "rotation": 270, "texture": "#0"},
				"down": {"uv": [0, 0, 2, 3], "rotation": 270, "texture": "#0"}
			}
		},
		{
			"from": [0.17895, 8.94035, 7.64846],
			"to": [3.17895, 8.94035, 9.64846],
			"rotation": {"angle": 22.5, "axis": "z", "origin": [1.52657, 9.80286, 6.36382]},
			"faces": {
				"north": {"uv": [0, 0, 0, 3], "rotation": 90, "texture": "#0"},
				"east": {"uv": [0, 0, 0, 2], "rotation": 270, "texture": "#0"},
				"south": {"uv": [0, 0, 0, 3], "rotation": 270, "texture": "#0"},
				"west": {"uv": [0, 0, 0, 2], "rotation": 270, "texture": "#0"},
				"up": {"uv": [0, 0, 2, 3], "rotation": 270, "texture": "#0"},
				"down": {"uv": [0, 0, 2, 3], "rotation": 270, "texture": "#0"}
			}
		},
		{
			"from": [1.8688, 11.55991, 6.90397],
			"to": [4.8688, 11.55991, 9.90397],
			"rotation": {"angle": 22.5, "axis": "z", "origin": [1.52657, 9.80286, 6.36382]},
			"faces": {
				"north": {"uv": [0, 0, 0, 3], "rotation": 90, "texture": "#0"},
				"east": {"uv": [0, 0, 0, 4], "rotation": 90, "texture": "#0"},
				"south": {"uv": [0, 0, 0, 3], "rotation": 270, "texture": "#0"},
				"west": {"uv": [0, 0, 0, 4], "rotation": 90, "texture": "#0"},
				"up": {"uv": [1, 6, 4, 9], "rotation": 270, "texture": "#0"},
				"down": {"uv": [1, 6, 4, 9], "rotation": 270, "texture": "#0"}
			}
		},
		{
			"from": [1.5093, 7.63417, 6.90397],
			"to": [4.5093, 7.63417, 8.90397],
			"rotation": {"angle": 22.5, "axis": "z", "origin": [1.52657, 9.80286, 6.36382]},
			"faces": {
				"north": {"uv": [0, 0, 0, 3], "rotation": 90, "texture": "#0"},
				"east": {"uv": [0, 0, 0, 4], "rotation": 90, "texture": "#0"},
				"south": {"uv": [0, 0, 0, 3], "rotation": 270, "texture": "#0"},
				"west": {"uv": [0, 0, 0, 4], "rotation": 90, "texture": "#0"},
				"up": {"uv": [1, 6, 4, 9], "rotation": 270, "texture": "#0"},
				"down": {"uv": [1, 6, 4, 9], "rotation": 270, "texture": "#0"}
			}
		},
		{
			"from": [1.29243, 7.7602, 9.98686],
			"to": [4.29243, 10.7602, 9.98686],
			"rotation": {"angle": 22.5, "axis": "z", "origin": [1.52657, 9.80286, 6.36382]},
			"faces": {
				"north": {"uv": [1, 6, 4, 9], "rotation": 90, "texture": "#0"},
				"east": {"uv": [0, 0, 0, 4], "texture": "#0"},
				"south": {"uv": [1, 6, 4, 9], "rotation": 270, "texture": "#0"},
				"west": {"uv": [0, 0, 0, 4], "rotation": 180, "texture": "#0"},
				"up": {"uv": [0, 0, 0, 3], "rotation": 270, "texture": "#0"},
				"down": {"uv": [0, 0, 0, 3], "rotation": 270, "texture": "#0"}
			}
		},
		{
			"from": [1.24419, 8.7602, 5.83068],
			"to": [4.24419, 10.7602, 5.83068],
			"rotation": {"angle": 22.5, "axis": "z", "origin": [1.52657, 9.80286, 6.36382]},
			"faces": {
				"north": {"uv": [1, 6, 4, 9], "rotation": 90, "texture": "#0"},
				"east": {"uv": [0, 0, 0, 4], "texture": "#0"},
				"south": {"uv": [1, 6, 4, 9], "rotation": 270, "texture": "#0"},
				"west": {"uv": [0, 0, 0, 4], "rotation": 180, "texture": "#0"},
				"up": {"uv": [0, 0, 0, 3], "rotation": 270, "texture": "#0"},
				"down": {"uv": [0, 0, 0, 3], "rotation": 270, "texture": "#0"}
			}
		},
		{
			"from": [1.17895, 8.2602, 6.90397],
			"to": [2.17895, 11.2602, 9.90397],
			"rotation": {"angle": 22.5, "axis": "z", "origin": [1.52657, 9.80286, 6.36382]},
			"faces": {
				"north": {"uv": [0, 0, 3, 1], "rotation": 90, "texture": "#0"},
				"east": {"uv": [0, 0, 3, 3], "rotation": 90, "texture": "#0"},
				"south": {"uv": [0, 0, 3, 1], "rotation": 270, "texture": "#0"},
				"west": {"uv": [0, 0, 3, 3], "rotation": 90, "texture": "#0"},
				"up": {"uv": [0, 0, 3, 1], "rotation": 270, "texture": "#0"},
				"down": {"uv": [0, 0, 3, 1], "rotation": 270, "texture": "#0"}
			}
		},
		{
			"from": [4, 0, 2],
			"to": [4, 21, 14],
			"rotation": {"angle": 22.5, "axis": "z", "origin": [8, 8, 8]},
			"faces": {
				"north": {"uv": [0, 0, 0, 16], "texture": "#missing"},
				"east": {"uv": [6, 0, 0, 10.5], "texture": "#1"},
				"south": {"uv": [0, 0, 0, 16], "texture": "#missing"},
				"west": {"uv": [0, 0, 6, 10.5], "texture": "#1"},
				"up": {"uv": [0, 0, 0, 12], "texture": "#missing"},
				"down": {"uv": [0, 0, 0, 12], "texture": "#missing"}
			}
		},
		{
			"from": [12, 0, 2],
			"to": [12, 21, 14],
			"rotation": {"angle": -22.5, "axis": "z", "origin": [8, 8, 8]},
			"faces": {
				"north": {"uv": [0, 0, 0, 16], "texture": "#1"},
				"east": {"uv": [6, 0, 0, 10.5], "texture": "#1"},
				"south": {"uv": [0, 0, 0, 16], "texture": "#1"},
				"west": {"uv": [0, 0, 6, 10.5], "texture": "#1"},
				"up": {"uv": [0, 0, 0, 12], "texture": "#1"},
				"down": {"uv": [0, 0, 0, 12], "texture": "#1"}
			}
		},
		{
			"from": [2, 0, 4],
			"to": [14, 21, 4],
			"faces": {
				"north": {"uv": [0, 0, 6, 10.5], "texture": "#1"},
				"east": {"uv": [0, 0, 0, 16], "texture": "#1"},
				"south": {"uv": [6, 0, 0, 10.5], "texture": "#1"},
				"west": {"uv": [0, 0, 0, 16], "texture": "#1"},
				"up": {"uv": [0, 0, 0, 12], "rotation": 90, "texture": "#1"},
				"down": {"uv": [0, 0, 0, 12], "rotation": 270, "texture": "#1"}
			}
		},
		{
			"from": [2, 0, 12],
			"to": [14, 21, 12],
			"faces": {
				"north": {"uv": [0, 0, 6, 10.5], "texture": "#1"},
				"east": {"uv": [0, 0, 0, 16], "texture": "#1"},
				"south": {"uv": [6, 0, 0, 10.5], "texture": "#1"},
				"west": {"uv": [0, 0, 0, 16], "texture": "#1"},
				"up": {"uv": [0, 0, 0, 12], "rotation": 90, "texture": "#1"},
				"down": {"uv": [0, 0, 0, 12], "rotation": 270, "texture": "#1"}
			}
		},
		{
			"from": [12, 0, 2],
			"to": [12, 21, 14],
			"rotation": {"angle": -45, "axis": "y", "origin": [8, 8, 8]},
			"faces": {
				"north": {"uv": [0, 0, 0, 16], "texture": "#1"},
				"east": {"uv": [6, 0, 0, 10.5], "texture": "#1"},
				"south": {"uv": [0, 0, 0, 16], "texture": "#1"},
				"west": {"uv": [0, 0, 6, 10.5], "texture": "#1"},
				"up": {"uv": [0, 0, 0, 12], "texture": "#1"},
				"down": {"uv": [0, 0, 0, 12], "texture": "#1"}
			}
		},
		{
			"from": [8, 3, 2],
			"to": [8, 24, 14],
			"rotation": {"angle": -45, "axis": "y", "origin": [8, 8, 8]},
			"faces": {
				"north": {"uv": [0, 0, 0, 16], "texture": "#1"},
				"east": {"uv": [6, 0, 0, 10.5], "texture": "#1"},
				"south": {"uv": [0, 0, 0, 16], "texture": "#1"},
				"west": {"uv": [0, 0, 6, 10.5], "texture": "#1"},
				"up": {"uv": [0, 0, 0, 12], "texture": "#1"},
				"down": {"uv": [0, 0, 0, 12], "texture": "#1"}
			}
		},
		{
			"from": [4, 0, 2],
			"to": [4, 21, 14],
			"rotation": {"angle": -45, "axis": "y", "origin": [8, 8, 8]},
			"faces": {
				"north": {"uv": [0, 0, 0, 16], "texture": "#1"},
				"east": {"uv": [6, 0, 0, 10.5], "texture": "#1"},
				"south": {"uv": [0, 0, 0, 16], "texture": "#1"},
				"west": {"uv": [0, 0, 6, 10.5], "texture": "#1"},
				"up": {"uv": [0, 0, 0, 12], "texture": "#1"},
				"down": {"uv": [0, 0, 0, 12], "texture": "#1"}
			}
		},
		{
			"from": [6, 0, 7],
			"to": [10, 17, 11],
			"faces": {
				"north": {"uv": [8.5, 0.5, 10.5, 9], "texture": "#1"},
				"east": {"uv": [8.5, 0.5, 10.5, 9], "texture": "#1"},
				"south": {"uv": [8.5, 0.5, 10.5, 9], "texture": "#1"},
				"west": {"uv": [8.5, 0.5, 10.5, 9], "texture": "#1"},
				"up": {"uv": [8.5, 0.5, 10.5, 2.5], "texture": "#1"},
				"down": {"uv": [8.5, 0.5, 10.5, 2.5], "texture": "#1"}
			}
		}
	],
	"groups": [
		{
			"name": "1",
			"origin": [7.08579, 1.5, 7.5],
			"children": [
				{
					"name": "group",
					"origin": [3.62974, 18.40844, 7.43698],
					"children": [0, 1, 2, 3, 4, 5, 6, 7, 8, 9, 10, 11, 12, 13, 14, 15, 16, 17,
						{
							"name": "group",
							"origin": [3.62974, 18.40844, 7.43698],
							"children": [18, 19, 20, 21, 22, 23, 24, 25, 26, 27, 28, 29, 30, 31, 32, 33, 34, 35,
								{
									"name": "group",
									"origin": [3.62974, 18.40844, 7.43698],
									"children": [36, 37, 38, 39, 40, 41, 42, 43, 44, 45, 46, 47, 48, 49, 50, 51, 52, 53]
								}
							]
						}
					]
				},
				{
					"name": "1",
					"origin": [7.08579, 1.5, 7.5],
					"children": [54, 55, 56, 57, 58, 59, 60, 61, 62, 63, 64, 65, 66, 67, 68, 69, 70, 71,
						{
							"name": "1",
							"origin": [7.08579, 1.5, 7.5],
							"children": [72, 73, 74, 75, 76, 77, 78, 79, 80, 81, 82, 83, 84, 85, 86, 87, 88, 89,
								{
									"name": "1",
									"origin": [7.08579, 1.5, 7.5],
									"children": [90, 91, 92, 93, 94, 95, 96, 97, 98, 99, 100, 101, 102, 103, 104, 105, 106,
										{
											"name": "1",
											"origin": [7.08579, 1.5, 7.5],
											"children": [107, 108, 109, 110, 111, 112, 113, 114, 115, 116, 117, 118, 119, 120, 121, 122, 123]
										}
									]
								}
							]
						}
					]
				}
			]
		}, 124, 125, 126, 127, 128, 129, 130, 131]
}