{
	"credit": "Coco MCBBS",
	"parent": "block/leaves",
	"textures": {
		"0": "block/leaves_spruce",
		"1": "block/leaves_spruce_a",
		"particle": "block/leaves_spruce"
	},
	"elements": [
		{
			"from": [0, 0, 0],
			"to": [16, 16, 16],
			"faces": {
				"north": {"uv": [0, 0, 16, 16], "texture": "#0" },
				"east": {"uv": [0, 0, 16, 16], "texture": "#0" },
				"south": {"uv": [0, 0, 16, 16], "texture": "#0" },
				"west": {"uv": [0, 0, 16, 16], "texture": "#0" },
				"up": {"uv": [0, 0, 16, 16], "texture": "#0" },
				"down": {"uv": [0, 0, 16, 16], "texture": "#0" }
			}
		},
		{
			"from": [-8.5535, -9, 8.05042],
			"to": [23.4465, 24, 8.05042],
			"shade": false,
			"rotation": {"angle": 22.5, "axis": "y", "origin": [7.91007, 7.5, 8.12799]},
			"faces": {
				"north": {"uv": [0, 0, 16, 16], "rotation": 180, "texture": "#1" },
				"east": {"uv": [0, 0, 16, 0], "rotation": 270, "texture": "#missing"},
				"south": {"uv": [0, 0, 16, 16], "texture": "#1" },
				"west": {"uv": [0, 0, 16, 0], "rotation": 90, "texture": "#1"},
				"up": {"uv": [0, 0, 16, 0], "texture": "#1" },
				"down": {"uv": [0, 0, 16, 0], "rotation": 180, "texture": "#missing"}
			}
		},
		{
			"from": [8.46038, -9, -7.8808],
			"to": [8.46038, 24, 24.1192],
			"shade": false,
			"rotation": {"angle": 0, "axis": "y", "origin": [7.91007, 7.5, 8.12799]},
			"faces": {
				"north": {"uv": [0, 0, 16, 0], "rotation": 270, "texture": "#missing"},
				"east": {"uv": [0, 0, 16, 16], "texture": "#1" },
				"south": {"uv": [0, 0, 16, 0], "rotation": 90, "texture": "#missing"},
				"west": {"uv": [0, 0, 16, 16], "rotation": 180, "texture": "#1" },
				"up": {"uv": [0, 0, 16, 0], "rotation": 270, "texture": "#1" },
				"down": {"uv": [0, 0, 16, 0], "rotation": 270, "texture": "#missing"}
			}
		},
		{
			"from": [-8.3035, -9, 7.80912],
			"to": [23.6965, 24, 7.80912],
			"shade": false,
			"rotation": {"angle": 0, "axis": "y", "origin": [7.91007, 7.5, 8.12799]},
			"faces": {
				"north": {"uv": [0, 0, 16, 16], "rotation": 180, "texture": "#1" },
				"east": {"uv": [0, 0, 16, 0], "rotation": 270, "texture": "#missing"},
				"south": {"uv": [0, 0, 16, 16], "texture": "#1" },
				"west": {"uv": [0, 0, 16, 0], "rotation": 90, "texture": "#missing"},
				"up": {"uv": [0, 0, 16, 0], "texture": "#1" },
				"down": {"uv": [0, 0, 16, 0], "rotation": 180, "texture": "#missing"}
			}
		},
		{
			"from": [7.90382, -9, -7.80085],
			"to": [7.90382, 24, 24.19915],
			"shade": false,
			"rotation": {"angle": -45, "axis": "y", "origin": [7.91007, 7.5, 8.12799]},
			"faces": {
				"north": {"uv": [0, 0, 16, 0], "rotation": 90, "texture": "#1"},
				"east": {"uv": [0, 0, 16, 16], "rotation": 180, "texture": "#1" },
				"south": {"uv": [0, 0, 16, 0], "rotation": 270, "texture": "#1"},
				"west": {"uv": [0, 0, 16, 16], "texture": "#1" },
				"up": {"uv": [0, 0, 16, 0], "rotation": 90, "texture": "#1" },
				"down": {"uv": [0, 0, 16, 0], "rotation": 90, "texture": "#missing"}
			}
		}
	]
}