{
	"credit": "Coco MCBBS",
	"ambientocclusion": false,
	"textures": {
		"vine": "block/vine",
		"particle": "block/vine"
	},
	"elements": [
		{
			"from": [-3, 7, 13.2],
			"to": [5, 23, 13.2],
			"shade": false,
			"rotation": {"angle": 22.5, "axis": "y", "origin": [8, 15, 8]},
			"faces": {
				"north": {"uv": [0, 0, 8, 16], "texture": "#vine", "tintindex": 0},
				"south": {"uv": [0, 0, 8, 16], "texture": "#vine", "tintindex": 0}
			}
		},
		{
			"from": [-0.47323, 7, 15.47855],
			"to": [7.52677, 23, 15.47855],
			"shade": false,
			"rotation": {"angle": 0, "axis": "y", "origin": [3.53587, 14.97911, 15.49074]},
			"faces": {
				"north": {"uv": [0, 0, 8, 16], "texture": "#vine", "tintindex": 0},
				"south": {"uv": [0, 0, 8, 16], "texture": "#vine", "tintindex": 0}
			}
		},
		{
			"from": [5, 0, 16.2],
			"to": [14, 16, 16.2],
			"shade": false,
			"rotation": {"angle": 22.5, "axis": "y", "origin": [8, 8, 8]},
			"faces": {
				"north": {"uv": [7, 0, 16, 16], "texture": "#vine", "tintindex": 0},
				"east": {"uv": [7, 0, 16, 16], "texture": "#vine", "tintindex": 0},
				"south": {"uv": [7, 0, 16, 16], "texture": "#vine", "tintindex": 0},
				"west": {"uv": [7, 0, 16, 16], "texture": "#vine", "tintindex": 0},
				"up": {"uv": [7, 0, 16, 16], "texture": "#vine", "tintindex": 0},
				"down": {"uv": [7, 0, 16, 16], "texture": "#vine", "tintindex": 0}
			}
		},
		{
			"from": [3.02018, 2, 19.98713],
			"to": [12.02018, 18, 19.98713],
			"shade": false,
			"rotation": {"angle": 45, "axis": "y", "origin": [7.52392, 10.00268, 19.99105]},
			"faces": {
				"north": {"uv": [7, 0, 16, 16], "texture": "#vine", "tintindex": 0},
				"east": {"uv": [7, 0, 16, 16], "texture": "#vine", "tintindex": 0},
				"south": {"uv": [7, 0, 16, 16], "texture": "#vine", "tintindex": 0},
				"west": {"uv": [7, 0, 16, 16], "texture": "#vine", "tintindex": 0},
				"up": {"uv": [7, 0, 16, 16], "texture": "#vine", "tintindex": 0},
				"down": {"uv": [7, 0, 16, 16], "texture": "#vine", "tintindex": 0}
			}
		},
		{
			"from": [7.5338, 2, 15.49525],
			"to": [7.5338, 18, 24.49525],
			"shade": false,
			"rotation": {"angle": 22.5, "axis": "y", "origin": [7.52392, 10.00268, 19.99105]},
			"faces": {
				"north": {"uv": [7, 0, 16, 16], "texture": "#vine", "tintindex": 0},
				"east": {"uv": [7, 0, 16, 16], "texture": "#vine", "tintindex": 0},
				"south": {"uv": [7, 0, 16, 16], "texture": "#vine", "tintindex": 0},
				"west": {"uv": [7, 0, 16, 16], "texture": "#vine", "tintindex": 0},
				"up": {"uv": [7, 0, 16, 16], "rotation": 270, "texture": "#vine", "tintindex": 0},
				"down": {"uv": [7, 0, 16, 16], "rotation": 90, "texture": "#vine", "tintindex": 0}
			}
		},
		{
			"from": [8.02173, 0, 14.99651],
			"to": [17.02173, 16, 14.99651],
			"shade": false,
			"rotation": {"angle": -45, "axis": "y", "origin": [12.53603, 7.99569, 14.99388]},
			"faces": {
				"north": {"uv": [7, 0, 16, 16], "texture": "#vine", "tintindex": 0},
				"east": {"uv": [7, 0, 16, 16], "texture": "#vine", "tintindex": 0},
				"south": {"uv": [7, 0, 16, 16], "texture": "#vine", "tintindex": 0},
				"west": {"uv": [7, 0, 16, 16], "texture": "#vine", "tintindex": 0},
				"up": {"uv": [7, 0, 16, 16], "texture": "#vine", "tintindex": 0},
				"down": {"uv": [7, 0, 16, 16], "texture": "#vine", "tintindex": 0}
			}
		}
	]
}