{
	"credit": "Made with Blockbench",
	"ambientocclusion": false,	
	"textures": {
		"0": "block/yueji_flower/yueji",
		"particle": "block/yueji_flower/yueji"
	},
	"elements": [
		{
			"from": [2.95264, 11, 9.66321],
			"to": [6.95264, 15, 9.66321],
			"rotation": {"angle": -22.5, "axis": "y", "origin": [5.62974, 12.40844, 7.43698]},
			"faces": {
				"north": {"uv": [0, 0, 4, 4], "texture": "#0"},
				"east": {"uv": [0, 0, 0, 4], "texture": "#0"},
				"south": {"uv": [0, 0, 4, 4], "texture": "#0"},
				"west": {"uv": [0, 0, 0, 4], "texture": "#0"},
				"up": {"uv": [0, 0, 4, 0], "rotation": 180, "texture": "#0"},
				"down": {"uv": [0, 0, 4, 0], "rotation": 180, "texture": "#0"}
			}
		},
		{
			"from": [4, 11.88756, 5.41188],
			"to": [8, 15.88756, 5.41188],
			"rotation": {"angle": -22.5, "axis": "x", "origin": [5.62974, 12.40844, 7.43698]},
			"faces": {
				"north": {"uv": [0, 0, 4, 4], "texture": "#0"},
				"east": {"uv": [0, 0, 0, 4], "texture": "#0"},
				"south": {"uv": [0, 0, 4, 4], "texture": "#0"},
				"west": {"uv": [0, 0, 0, 4], "texture": "#0"},
				"up": {"uv": [0, 0, 4, 0], "texture": "#0"},
				"down": {"uv": [0, 0, 4, 0], "texture": "#0"}
			}
		},
		{
			"from": [3.90441, 11, 5.32719],
			"to": [7.90441, 15, 5.32719],
			"rotation": {"angle": 22.5, "axis": "y", "origin": [5.62974, 12.40844, 7.43698]},
			"faces": {
				"north": {"uv": [0, 0, 4, 4], "texture": "#0"},
				"east": {"uv": [0, 0, 0, 4], "texture": "#0"},
				"south": {"uv": [0, 0, 4, 4], "texture": "#0"},
				"west": {"uv": [0, 0, 0, 4], "texture": "#0"},
				"up": {"uv": [0, 0, 4, 0], "texture": "#0"},
				"down": {"uv": [0, 0, 4, 0], "texture": "#0"}
			}
		},
		{
			"from": [3.16835, 12, 5.45196],
			"to": [3.16835, 16, 9.45196],
			"rotation": {"angle": -45, "axis": "y", "origin": [5.62974, 12.40844, 7.43698]},
			"faces": {
				"north": {"uv": [0, 0, 0, 4], "texture": "#0"},
				"east": {"uv": [0, 0, 4, 4], "texture": "#0"},
				"south": {"uv": [0, 0, 0, 4], "texture": "#0"},
				"west": {"uv": [0, 0, 4, 4], "texture": "#0"},
				"up": {"uv": [0, 0, 4, 0], "rotation": 270, "texture": "#0"},
				"down": {"uv": [0, 0, 4, 0], "rotation": 90, "texture": "#0"}
			}
		},
		{
			"from": [3.1982, 11.81328, 5],
			"to": [3.1982, 15.81328, 9],
			"rotation": {"angle": 22.5, "axis": "z", "origin": [5.62974, 12.40844, 7.43698]},
			"faces": {
				"north": {"uv": [0, 0, 0, 4], "texture": "#0"},
				"east": {"uv": [0, 0, 4, 4], "texture": "#0"},
				"south": {"uv": [0, 0, 0, 4], "texture": "#0"},
				"west": {"uv": [0, 0, 4, 4], "texture": "#0"},
				"up": {"uv": [0, 0, 4, 0], "rotation": 270, "texture": "#0"},
				"down": {"uv": [0, 0, 4, 0], "rotation": 90, "texture": "#0"}
			}
		},
		{
			"from": [4.16835, 11, 4.45196],
			"to": [8.16835, 15, 4.45196],
			"rotation": {"angle": -45, "axis": "y", "origin": [5.62974, 12.40844, 7.43698]},
			"faces": {
				"north": {"uv": [0, 0, 4, 4], "texture": "#0"},
				"east": {"uv": [0, 0, 0, 4], "texture": "#0"},
				"south": {"uv": [0, 0, 4, 4], "texture": "#0"},
				"west": {"uv": [0, 0, 0, 4], "texture": "#0"},
				"up": {"uv": [0, 0, 4, 0], "texture": "#0"},
				"down": {"uv": [0, 0, 4, 0], "texture": "#0"}
			}
		},
		{
			"from": [3.99099, 12, 9.94659],
			"to": [7.99099, 16, 9.94659],
			"rotation": {"angle": 22.5, "axis": "y", "origin": [5.62974, 12.40844, 7.43698]},
			"faces": {
				"north": {"uv": [0, 0, 4, 4], "texture": "#0"},
				"east": {"uv": [0, 0, 0, 4], "texture": "#0"},
				"south": {"uv": [0, 0, 4, 4], "texture": "#0"},
				"west": {"uv": [0, 0, 0, 4], "texture": "#0"},
				"up": {"uv": [0, 0, 4, 0], "rotation": 180, "texture": "#0"},
				"down": {"uv": [0, 0, 4, 0], "rotation": 180, "texture": "#0"}
			}
		},
		{
			"from": [3.07923, 11, 9.51112],
			"to": [7.07923, 15, 9.51112],
			"rotation": {"angle": 45, "axis": "y", "origin": [5.62974, 12.40844, 7.43698]},
			"faces": {
				"north": {"uv": [0, 0, 4, 4], "texture": "#0"},
				"east": {"uv": [0, 0, 0, 4], "texture": "#0"},
				"south": {"uv": [0, 0, 4, 4], "texture": "#0"},
				"west": {"uv": [0, 0, 0, 4], "texture": "#0"},
				"up": {"uv": [0, 0, 4, 0], "rotation": 180, "texture": "#0"},
				"down": {"uv": [0, 0, 4, 0], "rotation": 180, "texture": "#0"}
			}
		},
		{
			"from": [6.47326, 13.08855, 5],
			"to": [6.47326, 17.08855, 9],
			"rotation": {"angle": -45, "axis": "z", "origin": [5.62974, 12.40844, 7.43698]},
			"faces": {
				"north": {"uv": [0, 0, 0, 4], "texture": "#0"},
				"east": {"uv": [0, 0, 4, 4], "texture": "#0"},
				"south": {"uv": [0, 0, 0, 4], "texture": "#0"},
				"west": {"uv": [0, 0, 4, 4], "texture": "#0"},
				"up": {"uv": [0, 0, 4, 0], "rotation": 90, "texture": "#0"},
				"down": {"uv": [0, 0, 4, 0], "rotation": 270, "texture": "#0"}
			}
		},
		{
			"from": [4, 11, 6],
			"to": [4, 14, 8],
			"rotation": {"angle": 0, "axis": "x", "origin": [5.62974, 12.40844, 7.43698]},
			"faces": {
				"north": {"uv": [0, 0, 0, 3], "texture": "#0"},
				"east": {"uv": [0, 0, 2, 3], "texture": "#0"},
				"south": {"uv": [0, 0, 0, 3], "texture": "#0"},
				"west": {"uv": [0, 0, 2, 3], "texture": "#0"},
				"up": {"uv": [0, 0, 0, 2], "texture": "#0"},
				"down": {"uv": [0, 0, 0, 2], "texture": "#0"}
			}
		},
		{
			"from": [4.20055, 11, 5.80401],
			"to": [4.20055, 14, 7.80401],
			"rotation": {"angle": 45, "axis": "y", "origin": [5.62974, 12.40844, 7.43698]},
			"faces": {
				"north": {"uv": [0, 0, 0, 3], "texture": "#0"},
				"east": {"uv": [0, 0, 2, 3], "texture": "#0"},
				"south": {"uv": [0, 0, 0, 3], "texture": "#0"},
				"west": {"uv": [0, 0, 2, 3], "texture": "#0"},
				"up": {"uv": [0, 0, 0, 2], "texture": "#0"},
				"down": {"uv": [0, 0, 0, 2], "texture": "#0"}
			}
		},
		{
			"from": [6.16098, 11, 6.82068],
			"to": [6.16098, 14, 8.82068],
			"rotation": {"angle": -22.5, "axis": "y", "origin": [5.62974, 12.40844, 7.43698]},
			"faces": {
				"north": {"uv": [0, 0, 0, 3], "texture": "#0"},
				"east": {"uv": [0, 0, 2, 3], "texture": "#0"},
				"south": {"uv": [0, 0, 0, 3], "texture": "#0"},
				"west": {"uv": [0, 0, 2, 3], "texture": "#0"},
				"up": {"uv": [0, 0, 0, 2], "rotation": 180, "texture": "#0"},
				"down": {"uv": [0, 0, 0, 2], "rotation": 180, "texture": "#0"}
			}
		},
		{
			"from": [6.31985, 11, 6.25551],
			"to": [6.31985, 14, 8.25551],
			"rotation": {"angle": 22.5, "axis": "y", "origin": [5.62974, 12.40844, 7.43698]},
			"faces": {
				"north": {"uv": [0, 0, 0, 3], "texture": "#0"},
				"east": {"uv": [0, 0, 2, 3], "texture": "#0"},
				"south": {"uv": [0, 0, 0, 3], "texture": "#0"},
				"west": {"uv": [0, 0, 2, 3], "texture": "#0"},
				"up": {"uv": [0, 0, 0, 2], "rotation": 180, "texture": "#0"},
				"down": {"uv": [0, 0, 0, 2], "rotation": 180, "texture": "#0"}
			}
		},
		{
			"from": [3.70029, 9.31014, 6],
			"to": [3.70029, 12.31014, 9],
			"rotation": {"angle": 22.5, "axis": "z", "origin": [5.62974, 12.40844, 7.43698]},
			"faces": {
				"north": {"uv": [0, 0, 0, 3], "texture": "#0"},
				"east": {"uv": [1, 6, 4, 9], "texture": "#0"},
				"south": {"uv": [0, 0, 0, 3], "texture": "#0"},
				"west": {"uv": [1, 6, 4, 9], "texture": "#0"},
				"up": {"uv": [0, 0, 0, 4], "texture": "#0"},
				"down": {"uv": [0, 0, 0, 4], "texture": "#0"}
			}
		},
		{
			"from": [7.62602, 9.66965, 7],
			"to": [7.62602, 12.66965, 9],
			"rotation": {"angle": -22.5, "axis": "z", "origin": [5.62974, 12.40844, 7.43698]},
			"faces": {
				"north": {"uv": [0, 0, 0, 3], "texture": "#0"},
				"east": {"uv": [1, 6, 4, 9], "texture": "#0"},
				"south": {"uv": [0, 0, 0, 3], "texture": "#0"},
				"west": {"uv": [1, 6, 4, 9], "texture": "#0"},
				"up": {"uv": [0, 0, 0, 4], "texture": "#0"},
				"down": {"uv": [0, 0, 0, 4], "texture": "#0"}
			}
		},
		{
			"from": [4.5, 9.88652, 5.91711],
			"to": [7.5, 12.88652, 5.91711],
			"rotation": {"angle": -22.5, "axis": "x", "origin": [5.62974, 12.40844, 7.43698]},
			"faces": {
				"north": {"uv": [1, 6, 4, 9], "texture": "#0"},
				"east": {"uv": [0, 0, 0, 3], "texture": "#0"},
				"south": {"uv": [1, 6, 4, 9], "texture": "#0"},
				"west": {"uv": [0, 0, 0, 3], "texture": "#0"},
				"up": {"uv": [0, 0, 0, 4], "rotation": 90, "texture": "#0"},
				"down": {"uv": [0, 0, 0, 4], "rotation": 270, "texture": "#0"}
			}
		},
		{
			"from": [4.5, 9.93476, 10.07329],
			"to": [6.5, 12.93476, 10.07329],
			"rotation": {"angle": 22.5, "axis": "x", "origin": [5.62974, 12.40844, 7.43698]},
			"faces": {
				"north": {"uv": [1, 6, 4, 9], "texture": "#0"},
				"east": {"uv": [0, 0, 0, 3], "texture": "#0"},
				"south": {"uv": [1, 6, 4, 9], "texture": "#0"},
				"west": {"uv": [0, 0, 0, 3], "texture": "#0"},
				"up": {"uv": [0, 0, 0, 4], "rotation": 90, "texture": "#0"},
				"down": {"uv": [0, 0, 0, 4], "rotation": 270, "texture": "#0"}
			}
		},
		{
			"from": [4, 12, 6],
			"to": [7, 13, 9],
			"rotation": {"angle": 0, "axis": "x", "origin": [5.62974, 12.40844, 7.43698]},
			"faces": {
				"north": {"uv": [0, 0, 3, 1], "texture": "#0"},
				"east": {"uv": [0, 0, 3, 1], "texture": "#0"},
				"south": {"uv": [0, 0, 3, 1], "texture": "#0"},
				"west": {"uv": [0, 0, 3, 1], "texture": "#0"},
				"up": {"uv": [0, 0, 3, 3], "texture": "#0"},
				"down": {"uv": [0, 0, 3, 3], "texture": "#0"}
			}
		},
		{
			"from": [10.2213, 8.08554, 9.66321],
			"to": [14.2213, 12.08554, 9.66321],
			"rotation": {"angle": 22.5, "axis": "z", "origin": [11.62974, 9.40844, 7.43698]},
			"faces": {
				"north": {"uv": [0, 0, 4, 4], "rotation": 270, "texture": "#0"},
				"east": {"uv": [0, 0, 4, 0], "rotation": 270, "texture": "#0"},
				"south": {"uv": [0, 0, 4, 4], "rotation": 90, "texture": "#0"},
				"west": {"uv": [0, 0, 4, 0], "rotation": 270, "texture": "#0"},
				"up": {"uv": [0, 0, 0, 4], "rotation": 90, "texture": "#0"},
				"down": {"uv": [0, 0, 0, 4], "rotation": 90, "texture": "#0"}
			}
		},
		{
			"from": [11.10886, 7.03819, 5.41188],
			"to": [15.10886, 11.03819, 5.41188],
			"rotation": {"angle": 22.5, "axis": "z", "origin": [11.62974, 9.40844, 7.43698]},
			"faces": {
				"north": {"uv": [0, 0, 4, 4], "rotation": 270, "texture": "#0"},
				"east": {"uv": [0, 0, 4, 0], "rotation": 90, "texture": "#0"},
				"south": {"uv": [0, 0, 4, 4], "rotation": 90, "texture": "#0"},
				"west": {"uv": [0, 0, 4, 0], "rotation": 90, "texture": "#0"},
				"up": {"uv": [0, 0, 0, 4], "rotation": 90, "texture": "#0"},
				"down": {"uv": [0, 0, 0, 4], "rotation": 90, "texture": "#0"}
			}
		},
		{
			"from": [10.2213, 7.13378, 5.32719],
			"to": [14.2213, 11.13378, 5.32719],
			"rotation": {"angle": 22.5, "axis": "z", "origin": [11.62974, 9.40844, 7.43698]},
			"faces": {
				"north": {"uv": [0, 0, 4, 4], "rotation": 270, "texture": "#0"},
				"east": {"uv": [0, 0, 4, 0], "rotation": 90, "texture": "#0"},
				"south": {"uv": [0, 0, 4, 4], "rotation": 90, "texture": "#0"},
				"west": {"uv": [0, 0, 4, 0], "rotation": 90, "texture": "#0"},
				"up": {"uv": [0, 0, 0, 4], "rotation": 90, "texture": "#0"},
				"down": {"uv": [0, 0, 0, 4], "rotation": 90, "texture": "#0"}
			}
		},
		{
			"from": [11.2213, 11.86984, 5.45196],
			"to": [15.2213, 11.86984, 9.45196],
			"rotation": {"angle": -22.5, "axis": "x", "origin": [11.62974, 9.40844, 7.43698]},
			"faces": {
				"north": {"uv": [0, 0, 0, 4], "rotation": 270, "texture": "#0"},
				"east": {"uv": [0, 0, 4, 0], "texture": "#0"},
				"south": {"uv": [0, 0, 0, 4], "rotation": 90, "texture": "#0"},
				"west": {"uv": [0, 0, 4, 0], "rotation": 180, "texture": "#0"},
				"up": {"uv": [0, 0, 4, 4], "rotation": 90, "texture": "#0"},
				"down": {"uv": [0, 0, 4, 4], "rotation": 90, "texture": "#0"}
			}
		},
		{
			"from": [11.03458, 10.83999, 5],
			"to": [15.03458, 10.83999, 9],
			"rotation": {"angle": 45, "axis": "z", "origin": [11.62974, 9.40844, 7.43698]},
			"faces": {
				"north": {"uv": [0, 0, 0, 4], "rotation": 270, "texture": "#0"},
				"east": {"uv": [0, 0, 4, 0], "texture": "#0"},
				"south": {"uv": [0, 0, 0, 4], "rotation": 90, "texture": "#0"},
				"west": {"uv": [0, 0, 4, 0], "rotation": 180, "texture": "#0"},
				"up": {"uv": [0, 0, 4, 4], "rotation": 90, "texture": "#0"},
				"down": {"uv": [0, 0, 4, 4], "rotation": 90, "texture": "#0"}
			}
		},
		{
			"from": [10.2213, 7.86984, 5.45196],
			"to": [14.2213, 11.86984, 5.45196],
			"rotation": {"angle": -22.5, "axis": "x", "origin": [11.62974, 9.40844, 7.43698]},
			"faces": {
				"north": {"uv": [0, 0, 4, 4], "rotation": 270, "texture": "#0"},
				"east": {"uv": [0, 0, 4, 0], "rotation": 90, "texture": "#0"},
				"south": {"uv": [0, 0, 4, 4], "rotation": 90, "texture": "#0"},
				"west": {"uv": [0, 0, 4, 0], "rotation": 90, "texture": "#0"},
				"up": {"uv": [0, 0, 0, 4], "rotation": 90, "texture": "#0"},
				"down": {"uv": [0, 0, 0, 4], "rotation": 90, "texture": "#0"}
			}
		},
		{
			"from": [11.2213, 8.0472, 9.94659],
			"to": [15.2213, 12.0472, 9.94659],
			"rotation": {"angle": 22.5, "axis": "y", "origin": [11.62974, 9.40844, 7.43698]},
			"faces": {
				"north": {"uv": [0, 0, 4, 4], "rotation": 270, "texture": "#0"},
				"east": {"uv": [0, 0, 4, 0], "rotation": 270, "texture": "#0"},
				"south": {"uv": [0, 0, 4, 4], "rotation": 90, "texture": "#0"},
				"west": {"uv": [0, 0, 4, 0], "rotation": 270, "texture": "#0"},
				"up": {"uv": [0, 0, 0, 4], "rotation": 90, "texture": "#0"},
				"down": {"uv": [0, 0, 0, 4], "rotation": 90, "texture": "#0"}
			}
		},
		{
			"from": [10.2213, 7.95896, 9.51112],
			"to": [14.2213, 11.95896, 9.51112],
			"rotation": {"angle": 22.5, "axis": "z", "origin": [11.62974, 9.40844, 7.43698]},
			"faces": {
				"north": {"uv": [0, 0, 4, 4], "rotation": 270, "texture": "#0"},
				"east": {"uv": [0, 0, 4, 0], "rotation": 270, "texture": "#0"},
				"south": {"uv": [0, 0, 4, 4], "rotation": 90, "texture": "#0"},
				"west": {"uv": [0, 0, 4, 0], "rotation": 270, "texture": "#0"},
				"up": {"uv": [0, 0, 0, 4], "rotation": 90, "texture": "#0"},
				"down": {"uv": [0, 0, 0, 4], "rotation": 90, "texture": "#0"}
			}
		},
		{
			"from": [11.30985, 7.56493, 6],
			"to": [15.30985, 7.56493, 10],
			"rotation": {"angle": 22.5, "axis": "z", "origin": [11.62974, 9.40844, 7.43698]},
			"faces": {
				"north": {"uv": [0, 0, 0, 4], "rotation": 270, "texture": "#0"},
				"east": {"uv": [0, 0, 4, 0], "rotation": 180, "texture": "#0"},
				"south": {"uv": [0, 0, 0, 4], "rotation": 90, "texture": "#0"},
				"west": {"uv": [0, 0, 4, 0], "texture": "#0"},
				"up": {"uv": [0, 0, 4, 4], "rotation": 90, "texture": "#0"},
				"down": {"uv": [0, 0, 4, 4], "rotation": 90, "texture": "#0"}
			}
		},
		{
			"from": [10.2213, 11.03819, 6],
			"to": [13.2213, 11.03819, 8],
			"rotation": {"angle": 22.5, "axis": "z", "origin": [11.62974, 9.40844, 7.43698]},
			"faces": {
				"north": {"uv": [0, 0, 0, 3], "rotation": 270, "texture": "#0"},
				"east": {"uv": [0, 0, 0, 2], "rotation": 90, "texture": "#0"},
				"south": {"uv": [0, 0, 0, 3], "rotation": 90, "texture": "#0"},
				"west": {"uv": [0, 0, 0, 2], "rotation": 90, "texture": "#0"},
				"up": {"uv": [0, 0, 2, 3], "rotation": 90, "texture": "#0"},
				"down": {"uv": [0, 0, 2, 3], "rotation": 90, "texture": "#0"}
			}
		},
		{
			"from": [10.2213, 10.83764, 5.80401],
			"to": [13.2213, 10.83764, 7.80401],
			"rotation": {"angle": 22.5, "axis": "z", "origin": [11.62974, 9.40844, 7.43698]},
			"faces": {
				"north": {"uv": [0, 0, 0, 3], "rotation": 270, "texture": "#0"},
				"east": {"uv": [0, 0, 0, 2], "rotation": 90, "texture": "#0"},
				"south": {"uv": [0, 0, 0, 3], "rotation": 90, "texture": "#0"},
				"west": {"uv": [0, 0, 0, 2], "rotation": 90, "texture": "#0"},
				"up": {"uv": [0, 0, 2, 3], "rotation": 90, "texture": "#0"},
				"down": {"uv": [0, 0, 2, 3], "rotation": 90, "texture": "#0"}
			}
		},
		{
			"from": [10.2213, 8.87721, 6.82068],
			"to": [13.2213, 8.87721, 8.82068],
			"rotation": {"angle": 22.5, "axis": "z", "origin": [11.62974, 9.40844, 7.43698]},
			"faces": {
				"north": {"uv": [0, 0, 0, 3], "rotation": 270, "texture": "#0"},
				"east": {"uv": [0, 0, 0, 2], "rotation": 270, "texture": "#0"},
				"south": {"uv": [0, 0, 0, 3], "rotation": 90, "texture": "#0"},
				"west": {"uv": [0, 0, 0, 2], "rotation": 270, "texture": "#0"},
				"up": {"uv": [0, 0, 2, 3], "rotation": 90, "texture": "#0"},
				"down": {"uv": [0, 0, 2, 3], "rotation": 90, "texture": "#0"}
			}
		},
		{
			"from": [10.2213, 8.71834, 6.25551],
			"to": [13.2213, 8.71834, 8.25551],
			"rotation": {"angle": 22.5, "axis": "z", "origin": [11.62974, 9.40844, 7.43698]},
			"faces": {
				"north": {"uv": [0, 0, 0, 3], "rotation": 270, "texture": "#0"},
				"east": {"uv": [0, 0, 0, 2], "rotation": 270, "texture": "#0"},
				"south": {"uv": [0, 0, 0, 3], "rotation": 90, "texture": "#0"},
				"west": {"uv": [0, 0, 0, 2], "rotation": 270, "texture": "#0"},
				"up": {"uv": [0, 0, 2, 3], "rotation": 90, "texture": "#0"},
				"down": {"uv": [0, 0, 2, 3], "rotation": 90, "texture": "#0"}
			}
		},
		{
			"from": [8.53145, 11.3379, 6],
			"to": [11.53145, 11.3379, 9],
			"rotation": {"angle": 45, "axis": "z", "origin": [11.62974, 9.40844, 7.43698]},
			"faces": {
				"north": {"uv": [0, 0, 0, 3], "rotation": 270, "texture": "#0"},
				"east": {"uv": [0, 0, 0, 4], "rotation": 90, "texture": "#0"},
				"south": {"uv": [0, 0, 0, 3], "rotation": 90, "texture": "#0"},
				"west": {"uv": [0, 0, 0, 4], "rotation": 90, "texture": "#0"},
				"up": {"uv": [1, 6, 4, 9], "rotation": 90, "texture": "#0"},
				"down": {"uv": [1, 6, 4, 9], "rotation": 90, "texture": "#0"}
			}
		},
		{
			"from": [8.89095, 7.41216, 7],
			"to": [11.89095, 7.41216, 9],
			"rotation": {"angle": 0, "axis": "z", "origin": [11.62974, 9.40844, 7.43698]},
			"faces": {
				"north": {"uv": [0, 0, 0, 3], "rotation": 270, "texture": "#0"},
				"east": {"uv": [0, 0, 0, 4], "rotation": 90, "texture": "#0"},
				"south": {"uv": [0, 0, 0, 3], "rotation": 90, "texture": "#0"},
				"west": {"uv": [0, 0, 0, 4], "rotation": 90, "texture": "#0"},
				"up": {"uv": [1, 6, 4, 9], "rotation": 90, "texture": "#0"},
				"down": {"uv": [1, 6, 4, 9], "rotation": 90, "texture": "#0"}
			}
		},
		{
			"from": [9.10782, 7.53819, 5.91711],
			"to": [12.10782, 10.53819, 5.91711],
			"rotation": {"angle": 22.5, "axis": "z", "origin": [11.62974, 9.40844, 7.43698]},
			"faces": {
				"north": {"uv": [1, 6, 4, 9], "rotation": 270, "texture": "#0"},
				"east": {"uv": [0, 0, 0, 4], "rotation": 180, "texture": "#0"},
				"south": {"uv": [1, 6, 4, 9], "rotation": 90, "texture": "#0"},
				"west": {"uv": [0, 0, 0, 4], "texture": "#0"},
				"up": {"uv": [0, 0, 0, 3], "rotation": 90, "texture": "#0"},
				"down": {"uv": [0, 0, 0, 3], "rotation": 90, "texture": "#0"}
			}
		},
		{
			"from": [9.15606, 8.53819, 10.07329],
			"to": [12.15606, 10.53819, 10.07329],
			"rotation": {"angle": 22.5, "axis": "z", "origin": [11.62974, 9.40844, 7.43698]},
			"faces": {
				"north": {"uv": [1, 6, 4, 9], "rotation": 270, "texture": "#0"},
				"east": {"uv": [0, 0, 0, 4], "rotation": 180, "texture": "#0"},
				"south": {"uv": [1, 6, 4, 9], "rotation": 90, "texture": "#0"},
				"west": {"uv": [0, 0, 0, 4], "texture": "#0"},
				"up": {"uv": [0, 0, 0, 3], "rotation": 90, "texture": "#0"},
				"down": {"uv": [0, 0, 0, 3], "rotation": 90, "texture": "#0"}
			}
		},
		{
			"from": [11.2213, 8.03819, 6],
			"to": [12.2213, 11.03819, 9],
			"rotation": {"angle": 22.5, "axis": "z", "origin": [11.62974, 9.40844, 7.43698]},
			"faces": {
				"north": {"uv": [0, 0, 3, 1], "rotation": 270, "texture": "#0"},
				"east": {"uv": [0, 0, 3, 3], "rotation": 90, "texture": "#0"},
				"south": {"uv": [0, 0, 3, 1], "rotation": 90, "texture": "#0"},
				"west": {"uv": [0, 0, 3, 3], "rotation": 90, "texture": "#0"},
				"up": {"uv": [0, 0, 3, 1], "rotation": 90, "texture": "#0"},
				"down": {"uv": [0, 0, 3, 1], "rotation": 90, "texture": "#0"}
			}
		},
		{
			"from": [7, 0, 7],
			"to": [8, 9, 8],
			"faces": {
				"north": {"uv": [5, 8, 6, 16], "texture": "#0"},
				"east": {"uv": [5, 8, 6, 16], "texture": "#0"},
				"south": {"uv": [5, 8, 6, 16], "texture": "#0"},
				"west": {"uv": [5, 8, 6, 16], "texture": "#0"},
				"up": {"uv": [3, 6, 4, 7], "texture": "#0"},
				"down": {"uv": [3, 6, 4, 7], "texture": "#0"}
			}
		},
		{
			"from": [9, 1, 7],
			"to": [10, 10, 8],
			"rotation": {"angle": -22.5, "axis": "z", "origin": [8, 8, 8]},
			"faces": {
				"north": {"uv": [5, 8, 6, 16], "texture": "#0"},
				"east": {"uv": [5, 8, 6, 16], "texture": "#0"},
				"south": {"uv": [5, 8, 6, 16], "texture": "#0"},
				"west": {"uv": [5, 8, 6, 16], "texture": "#0"},
				"up": {"uv": [3, 6, 4, 7], "texture": "#0"},
				"down": {"uv": [3, 6, 4, 7], "texture": "#0"}
			}
		},
		{
			"from": [7, 0, 5],
			"to": [7, 8, 9],
			"rotation": {"angle": 45, "axis": "z", "origin": [7, 0, 7]},
			"faces": {
				"north": {"uv": [0, 0, 0, 8], "texture": "#missing"},
				"east": {"uv": [4, 8, 8, 16], "texture": "#0"},
				"south": {"uv": [0, 0, 0, 8], "texture": "#missing"},
				"west": {"uv": [4, 8, 8, 16], "texture": "#0"},
				"up": {"uv": [0, 0, 0, 4], "texture": "#missing"},
				"down": {"uv": [0, 0, 0, 4], "texture": "#missing"}
			}
		},
		{
			"from": [5, 0, 7],
			"to": [9, 8, 7],
			"rotation": {"angle": -45, "axis": "x", "origin": [7, 0, 7]},
			"faces": {
				"north": {"uv": [4, 8, 8, 16], "texture": "#0"},
				"east": {"uv": [0, 0, 0, 8], "texture": "#missing"},
				"south": {"uv": [4, 8, 8, 16], "texture": "#0"},
				"west": {"uv": [0, 0, 0, 8], "texture": "#missing"},
				"up": {"uv": [0, 0, 0, 4], "rotation": 90, "texture": "#missing"},
				"down": {"uv": [0, 0, 0, 4], "rotation": 270, "texture": "#missing"}
			}
		},
		{
			"from": [5, 0, 8],
			"to": [9, 8, 8],
			"rotation": {"angle": 22.5, "axis": "x", "origin": [7, 0, 7]},
			"faces": {
				"north": {"uv": [4, 8, 8, 16], "texture": "#0"},
				"east": {"uv": [0, 0, 0, 8], "texture": "#0"},
				"south": {"uv": [4, 8, 8, 16], "texture": "#0"},
				"west": {"uv": [0, 0, 0, 8], "texture": "#0"},
				"up": {"uv": [0, 0, 0, 4], "rotation": 90, "texture": "#0"},
				"down": {"uv": [0, 0, 0, 4], "rotation": 270, "texture": "#0"}
			}
		},
		{
			"from": [8, 0, 5],
			"to": [8, 8, 9],
			"rotation": {"angle": -45, "axis": "z", "origin": [7, 0, 7]},
			"faces": {
				"north": {"uv": [0, 0, 0, 8], "texture": "#missing"},
				"east": {"uv": [4, 8, 8, 16], "texture": "#0"},
				"south": {"uv": [0, 0, 0, 8], "texture": "#missing"},
				"west": {"uv": [4, 8, 8, 16], "texture": "#0"},
				"up": {"uv": [0, 0, 0, 4], "rotation": 180, "texture": "#missing"},
				"down": {"uv": [0, 0, 0, 4], "rotation": 180, "texture": "#missing"}
			}
		},
		{
			"from": [3, 8, 7],
			"to": [8, 9, 8],
			"rotation": {"angle": -22.5, "axis": "z", "origin": [8, 8, 8]},
			"faces": {
				"north": {"uv": [5, 8, 6, 15], "rotation": 90, "texture": "#0"},
				"east": {"uv": [5, 8, 6, 9], "rotation": 90, "texture": "#0"},
				"south": {"uv": [5, 8, 6, 15], "rotation": 90, "texture": "#0"},
				"west": {"uv": [5, 8, 6, 9], "rotation": 90, "texture": "#0"},
				"up": {"uv": [5, 8, 6, 15], "rotation": 90, "texture": "#0"},
				"down": {"uv": [5, 8, 6, 15], "rotation": 90, "texture": "#0"}
			}
		},
		{
			"from": [2.23044, -0.15851, 7],
			"to": [6.23044, 6.84149, 7],
			"rotation": {"angle": 22.5, "axis": "z", "origin": [4.23044, 3.34149, 7]},
			"faces": {
				"north": {"uv": [9, 8, 15, 16], "texture": "#0"},
				"east": {"uv": [0, 0, 0, 7], "texture": "#missing"},
				"south": {"uv": [15, 8, 9, 16], "texture": "#0"},
				"west": {"uv": [0, 0, 0, 7], "texture": "#missing"},
				"up": {"uv": [0, 0, 4, 0], "texture": "#missing"},
				"down": {"uv": [0, 0, 4, 0], "texture": "#missing"}
			}
		},
		{
			"from": [7.23044, -0.15851, 4],
			"to": [7.23044, 6.84149, 8],
			"rotation": {"angle": -22.5, "axis": "x", "origin": [4.23044, 3.34149, 7]},
			"faces": {
				"north": {"uv": [0, 0, 0, 7], "texture": "#0"},
				"east": {"uv": [9, 8, 15, 16], "texture": "#0"},
				"south": {"uv": [0, 0, 0, 7], "texture": "#0"},
				"west": {"uv": [15, 8, 9, 16], "texture": "#0"},
				"up": {"uv": [0, 0, 4, 0], "rotation": 90, "texture": "#0"},
				"down": {"uv": [0, 0, 4, 0], "rotation": 270, "texture": "#0"}
			}
		}
	],
	"groups": [
		{
			"name": "1",
			"origin": [7.08579, 1.5, 7.5],
			"children": [0, 1, 2, 3, 4, 5, 6, 7, 8, 9, 10, 11, 12, 13, 14, 15, 16, 17,
				{
					"name": "1",
					"origin": [7.08579, 1.5, 7.5],
					"children": [18, 19, 20, 21, 22, 23, 24, 25, 26, 27, 28, 29, 30, 31, 32, 33, 34, 35]
				}
			]
		}, 36, 37, 38, 39, 40, 41, 42, 43, 44]
}