{
	"credit": "Made with Blockbench",
	"textures": {
		"0": "block/stone/stone",
		"1": "block/stone/spike",
		"particle": "block/stone/stone"
	},
	"elements": [
		{
			"from": [0, 0, 0],
			"to": [16, 16, 16],
			"faces": {
				"north": {"uv": [0, 0, 16, 16], "texture": "#0"},
				"east": {"uv": [0, 0, 16, 16], "texture": "#0"},
				"south": {"uv": [0, 0, 16, 16], "texture": "#0"},
				"west": {"uv": [0, 0, 16, 16], "texture": "#0"},
				"up": {"uv": [0, 0, 16, 16], "texture": "#0"},
				"down": {"uv": [0, 0, 16, 16], "texture": "#0"}
			}
		},
		{
			"from": [12, -15, 8],
			"to": [15, 31, 11],
			"rotation": {"angle": 0, "axis": "y", "origin": [7, 8, 9]},
			"faces": {
				"north": {"uv": [5.333, 0, 6.332, 15.999], "texture": "#1"},
				"east": {"uv": [5.333, 0, 6.332, 15.999], "texture": "#1"},
				"south": {"uv": [5.333, 0, 6.666, 15.999], "texture": "#1"},
				"west": {"uv": [5.333, 0, 6.332, 15.999], "texture": "#1"},
				"up": {"uv": [0, 0, 3, 3], "texture": "#0"},
				"down": {"uv": [0, 0, 3, 3], "texture": "#0"}
			}
		}
	]
}