{
	"credit": "Made with Blockbench",
	"textures": {
		"0": "block/stone",
		"1": "block/torch_out",
		"particle": "block/stone"
	},
	"elements": [
		{
			"from": [0, 0, 0],
			"to": [16, 16, 16],
			"faces": {
				"north": {"uv": [0, 0, 16, 16], "texture": "#0"},
				"east": {"uv": [0, 0, 16, 16], "texture": "#0"},
				"south": {"uv": [0, 0, 16, 16], "texture": "#0"},
				"west": {"uv": [0, 0, 16, 16], "texture": "#0"},
				"up": {"uv": [0, 0, 16, 16], "texture": "#0"},
				"down": {"uv": [0, 0, 16, 16], "texture": "#0"}
			}
		},
		{
			"from": [-2, 7, 7],
			"to": [0, 17, 9],
			"shade": false,
			"rotation": {"angle": 22.5, "axis": "z", "origin": [8, 8, 8]},
			"faces": {
				"north": {"uv": [7, 6, 9, 16], "texture": "#1"},
				"east": {"uv": [7, 6, 9, 16], "texture": "#1"},
				"south": {"uv": [7, 6, 9, 16], "texture": "#1"},
				"west": {"uv": [7, 6, 9, 16], "texture": "#1"},
				"up": {"uv": [7, 6, 9, 8], "texture": "#1"},
				"down": {"uv": [7, 6, 9, 8], "texture": "#1"}
			}
		}
	]
}