{
	"credit": "Made with Blockbench",
	"textures": {
		"0": "block/treasure/normal",
		"2": "block/stone",
		"particle": "block/treasure/normal"
	},
	"elements": [
		{
			"from": [2, 13, 2],
			"to": [15, 19, 3],
			"shade": false,
			"rotation": {"angle": 45, "axis": "z", "origin": [8.5, 19, 6]},
			"faces": {
				"north": {"uv": [2.5, 8, 9, 11], "texture": "#0"},
				"east": {"uv": [8.5, 8, 9, 11], "texture": "#0"},
				"south": {"uv": [2.5, 8, 9, 11], "texture": "#0"},
				"west": {"uv": [8.5, 8, 9, 11], "texture": "#0"},
				"up": {"uv": [2.5, 8, 9, 8.5], "texture": "#0"},
				"down": {"uv": [2.5, 8, 9, 8.5], "texture": "#0"}
			}
		},
		{
			"from": [2, 13, 11],
			"to": [15, 19, 12],
			"shade": false,
			"rotation": {"angle": 45, "axis": "z", "origin": [8.5, 19, 6]},
			"faces": {
				"north": {"uv": [2.5, 8, 9, 11], "texture": "#0"},
				"east": {"uv": [8.5, 8, 9, 11], "texture": "#0"},
				"south": {"uv": [2.5, 8, 9, 11], "texture": "#0"},
				"west": {"uv": [8.5, 8, 9, 11], "texture": "#0"},
				"up": {"uv": [2.5, 8, 9, 8.5], "texture": "#0"},
				"down": {"uv": [2.5, 8, 9, 8.5], "texture": "#0"}
			}
		},
		{
			"from": [17.61091, 10.03984, 3],
			"to": [18.61091, 16.03984, 11],
			"shade": false,
			"rotation": {"angle": 45, "axis": "z", "origin": [7.11091, 13.03984, 7]},
			"faces": {
				"north": {"uv": [9.5, 8, 10, 10.5], "texture": "#0"},
				"east": {"uv": [10, 8, 15.5, 11], "texture": "#0"},
				"south": {"uv": [9.5, 8, 10, 10.5], "texture": "#0"},
				"west": {"uv": [10, 8, 15.5, 11], "texture": "#0"},
				"up": {"uv": [10, 8, 15.5, 8.5], "texture": "#0"},
				"down": {"uv": [10, 8, 15.5, 8.5], "texture": "#0"}
			}
		},
		{
			"from": [2, 16, 3],
			"to": [11, 17, 11],
			"shade": false,
			"rotation": {"angle": 45, "axis": "z", "origin": [10, 24, 9]},
			"faces": {
				"north": {"uv": [0, 0, 9, 1], "texture": "#missing"},
				"east": {"uv": [9.5, 2.5, 16, 3], "texture": "#0"},
				"south": {"uv": [0, 0, 9, 1], "texture": "#missing"},
				"west": {"uv": [9.5, 2.5, 16, 3], "texture": "#0"},
				"up": {"uv": [9.5, 2.5, 16, 7.5], "texture": "#0"},
				"down": {"uv": [9.5, 2.5, 16, 7.5], "texture": "#0"}
			}
		},
		{
			"from": [-6, 20, 2],
			"to": [7, 24, 12],
			"shade": false,
			"rotation": {"angle": 22.5, "axis": "z", "origin": [9, 24, 9]},
			"faces": {
				"north": {"uv": [2.5, 0, 9, 2], "texture": "#0"},
				"east": {"uv": [9.5, 0, 16, 2], "texture": "#0"},
				"south": {"uv": [2.5, 0, 9, 2], "texture": "#0"},
				"west": {"uv": [9.5, 0, 16, 2], "texture": "#0"},
				"up": {"uv": [9.5, 2.5, 16, 7.5], "texture": "#0"},
				"down": {"uv": [2.5, 2.5, 9, 7.5], "texture": "#0"}
			}
		},
		{
			"from": [-1, 19, 1],
			"to": [2, 22, 2],
			"shade": false,
			"rotation": {"angle": 22.5, "axis": "z", "origin": [8, 24, 9]},
			"faces": {
				"north": {"uv": [0.5, 9, 2, 11], "texture": "#0"},
				"east": {"uv": [1.5, 9, 2, 11], "texture": "#0"},
				"south": {"uv": [0.5, 9, 2, 11], "texture": "#0"},
				"west": {"uv": [1.5, 9, 2, 11], "texture": "#0"},
				"up": {"uv": [0.5, 10.5, 2, 11], "texture": "#0"},
				"down": {"uv": [0.5, 10.5, 2, 11], "texture": "#0"}
			}
		},
		{
			"from": [10, 16, 7],
			"to": [12, 18, 9],
			"shade": false,
			"rotation": {"angle": 0, "axis": "y", "origin": [8, 24, 9]},
			"faces": {
				"north": {"uv": [0.5, 3, 1.5, 4], "texture": "#0"},
				"east": {"uv": [0.5, 3, 1.5, 4], "texture": "#0"},
				"south": {"uv": [0.5, 3, 1.5, 4], "texture": "#0"},
				"west": {"uv": [0.5, 3, 1.5, 4], "texture": "#0"},
				"up": {"uv": [0.5, 3, 1.5, 4], "texture": "#0"},
				"down": {"uv": [0.5, 3, 1.5, 4], "texture": "#0"}
			}
		},
		{
			"from": [10, 17, 8],
			"to": [12, 19, 10],
			"shade": false,
			"rotation": {"angle": 22.5, "axis": "z", "origin": [11, 18, 9]},
			"faces": {
				"north": {"uv": [0.5, 3, 1.5, 4], "texture": "#0"},
				"east": {"uv": [0.5, 3, 1.5, 4], "texture": "#0"},
				"south": {"uv": [0.5, 3, 1.5, 4], "texture": "#0"},
				"west": {"uv": [0.5, 3, 1.5, 4], "texture": "#0"},
				"up": {"uv": [0.5, 3, 1.5, 4], "texture": "#0"},
				"down": {"uv": [0.5, 3, 1.5, 4], "texture": "#0"}
			}
		},
		{
			"from": [10, 17, 4],
			"to": [12, 19, 6],
			"shade": false,
			"rotation": {"angle": 0, "axis": "y", "origin": [8, 24, 9]},
			"faces": {
				"north": {"uv": [0.5, 3, 1.5, 4], "texture": "#0"},
				"east": {"uv": [0.5, 3, 1.5, 4], "texture": "#0"},
				"south": {"uv": [0.5, 3, 1.5, 4], "texture": "#0"},
				"west": {"uv": [0.5, 3, 1.5, 4], "texture": "#0"},
				"up": {"uv": [0.5, 3, 1.5, 4], "texture": "#0"},
				"down": {"uv": [0.5, 3, 1.5, 4], "texture": "#0"}
			}
		},
		{
			"from": [9, 15, 6],
			"to": [11, 17, 8],
			"shade": false,
			"rotation": {"angle": 0, "axis": "y", "origin": [8, 24, 9]},
			"faces": {
				"north": {"uv": [0.5, 3, 1.5, 4], "texture": "#0"},
				"east": {"uv": [0.5, 3, 1.5, 4], "texture": "#0"},
				"south": {"uv": [0.5, 3, 1.5, 4], "texture": "#0"},
				"west": {"uv": [0.5, 3, 1.5, 4], "texture": "#0"},
				"up": {"uv": [0.5, 3, 1.5, 4], "texture": "#0"},
				"down": {"uv": [0.5, 3, 1.5, 4], "texture": "#0"}
			}
		},
		{
			"from": [7, 15, 5],
			"to": [9, 17, 9],
			"shade": false,
			"rotation": {"angle": 0, "axis": "y", "origin": [8, 24, 9]},
			"faces": {
				"north": {"uv": [0.5, 3, 1.5, 4], "texture": "#0"},
				"east": {"uv": [13.5, 12.5, 14.5, 14.5], "texture": "#0"},
				"south": {"uv": [0.5, 3, 1.5, 4], "texture": "#0"},
				"west": {"uv": [13.5, 12.5, 14.5, 14.5], "texture": "#0"},
				"up": {"uv": [13.5, 12.5, 14.5, 14.5], "texture": "#0"},
				"down": {"uv": [13.5, 12.5, 14.5, 14.5], "texture": "#0"}
			}
		},
		{
			"from": [4, 16, 5],
			"to": [7, 18, 8],
			"shade": false,
			"rotation": {"angle": 0, "axis": "y", "origin": [8, 24, 9]},
			"faces": {
				"north": {"uv": [0, 0, 3, 2], "texture": "#missing"},
				"east": {"uv": [0, 0, 3, 2], "texture": "#missing"},
				"south": {"uv": [0, 0, 3, 2], "texture": "#missing"},
				"west": {"uv": [0, 0, 3, 2], "texture": "#missing"},
				"up": {"uv": [0, 0, 3, 3], "texture": "#missing"},
				"down": {"uv": [0, 0, 3, 3], "texture": "#missing"}
			}
		},
		{
			"from": [0, 0, 0],
			"to": [16, 16, 16],
			"faces": {
				"north": {"uv": [0, 0, 16, 16], "texture": "#2"},
				"east": {"uv": [0, 0, 16, 16], "texture": "#2"},
				"south": {"uv": [0, 0, 16, 16], "texture": "#2"},
				"west": {"uv": [0, 0, 16, 16], "texture": "#2"},
				"up": {"uv": [0, 0, 16, 16], "texture": "#2"},
				"down": {"uv": [0, 0, 16, 16], "texture": "#2"}
			}
		}
	]
}