{
	"credit": "Made with Blockbench",
	"ambientocclusion": false,
	"textures": {
		"0": "block/orchid/butterfly_orchid",
		"1": "block/orchid/butterfly_orchid1",
		"particle": "block/orchid/butterfly_orchid"
	},
	"elements": [
		{
			"from": [3, 1, 2],
			"to": [3, 8, 16],
			"rotation": {"angle": 22.5, "axis": "z", "origin": [5, 4.5, 7]},
			"faces": {
				"north": {"uv": [0, 0, 0, 7], "texture": "#missing"},
				"east": {"uv": [14, 0, 0, 7], "texture": "#1"},
				"south": {"uv": [0, 0, 0, 7], "texture": "#missing"},
				"west": {"uv": [0, 0, 14, 7], "texture": "#1"},
				"up": {"uv": [0, 0, 0, 14], "texture": "#missing"},
				"down": {"uv": [0, 0, 0, 14], "texture": "#missing"}
			}
		},
		{
			"from": [8, 1, 1],
			"to": [8, 8, 15],
			"rotation": {"angle": 45, "axis": "y", "origin": [8, 4.5, 9]},
			"faces": {
				"north": {"uv": [0, 0, 0, 7], "texture": "#1"},
				"east": {"uv": [14, 0, 0, 7], "texture": "#1"},
				"south": {"uv": [0, 0, 0, 7], "texture": "#1"},
				"west": {"uv": [0, 0, 14, 7], "texture": "#1"},
				"up": {"uv": [0, 0, 0, 14], "texture": "#1"},
				"down": {"uv": [0, 0, 0, 14], "texture": "#1"}
			}
		},
		{
			"from": [0, 1, 9],
			"to": [14, 8, 9],
			"rotation": {"angle": 45, "axis": "y", "origin": [8, 4.5, 9]},
			"faces": {
				"north": {"uv": [14, 0, 0, 7], "texture": "#1"},
				"east": {"uv": [0, 0, 0, 7], "texture": "#1"},
				"south": {"uv": [0, 0, 14, 7], "texture": "#1"},
				"west": {"uv": [0, 0, 0, 7], "texture": "#1"},
				"up": {"uv": [0, 0, 0, 14], "rotation": 270, "texture": "#1"},
				"down": {"uv": [0, 0, 0, 14], "rotation": 90, "texture": "#1"}
			}
		},
		{
			"from": [0, 1, 13],
			"to": [14, 8, 13],
			"rotation": {"angle": 22.5, "axis": "x", "origin": [7, 4.5, 9]},
			"faces": {
				"north": {"uv": [0, 0, 14, 7], "texture": "#1"},
				"east": {"uv": [0, 0, 0, 7], "texture": "#1"},
				"south": {"uv": [14, 0, 0, 7], "texture": "#1"},
				"west": {"uv": [0, 0, 0, 7], "texture": "#1"},
				"up": {"uv": [0, 0, 0, 14], "rotation": 90, "texture": "#1"},
				"down": {"uv": [0, 0, 0, 14], "rotation": 270, "texture": "#1"}
			}
		},
		{
			"from": [0, 1, 5],
			"to": [14, 8, 5],
			"rotation": {"angle": -22.5, "axis": "x", "origin": [7, 4.5, 9]},
			"faces": {
				"north": {"uv": [0, 0, 14, 7], "texture": "#1"},
				"east": {"uv": [0, 0, 0, 7], "texture": "#1"},
				"south": {"uv": [14, 0, 0, 7], "texture": "#1"},
				"west": {"uv": [0, 0, 0, 7], "texture": "#1"},
				"up": {"uv": [0, 0, 0, 14], "rotation": 90, "texture": "#1"},
				"down": {"uv": [0, 0, 0, 14], "rotation": 270, "texture": "#1"}
			}
		},
		{
			"from": [11, 1, 2],
			"to": [11, 8, 16],
			"rotation": {"angle": -22.5, "axis": "z", "origin": [5, 4.5, 7]},
			"faces": {
				"north": {"uv": [0, 0, 0, 7], "texture": "#1"},
				"east": {"uv": [14, 0, 0, 7], "texture": "#1"},
				"south": {"uv": [0, 0, 0, 7], "texture": "#1"},
				"west": {"uv": [0, 0, 14, 7], "texture": "#1"},
				"up": {"uv": [0, 0, 0, 14], "texture": "#1"},
				"down": {"uv": [0, 0, 0, 14], "texture": "#1"}
			}
		},
		{
			"from": [7, 3, 9],
			"to": [15, 12, 9],
			"rotation": {"angle": 0, "axis": "y", "origin": [7, 10, 8]},
			"faces": {
				"north": {"uv": [16, 7, 7, 16], "texture": "#1"},
				"east": {"uv": [0, 0, 0, 8], "texture": "#missing"},
				"south": {"uv": [7, 7, 16, 16], "texture": "#1"},
				"west": {"uv": [0, 0, 0, 8], "texture": "#missing"},
				"up": {"uv": [0, 0, 9, 0], "rotation": 180, "texture": "#missing"},
				"down": {"uv": [0, 0, 9, 0], "rotation": 180, "texture": "#missing"}
			}
		},
		{
			"from": [-1, 4, 9],
			"to": [7, 13, 9],
			"rotation": {"angle": 0, "axis": "y", "origin": [7, 10, 8]},
			"faces": {
				"north": {"uv": [7, 7, 16, 16], "texture": "#1"},
				"east": {"uv": [0, 0, 0, 8], "texture": "#1"},
				"south": {"uv": [16, 7, 7, 16], "texture": "#1"},
				"west": {"uv": [0, 0, 0, 8], "texture": "#1"},
				"up": {"uv": [0, 0, 9, 0], "texture": "#1"},
				"down": {"uv": [0, 0, 9, 0], "texture": "#1"}
			}
		},
		{
			"from": [8, 3, 0],
			"to": [8, 12, 8],
			"rotation": {"angle": -22.5, "axis": "y", "origin": [7, 10, 8]},
			"faces": {
				"north": {"uv": [0, 0, 0, 8], "texture": "#1"},
				"east": {"uv": [7, 7, 16, 16], "texture": "#1"},
				"south": {"uv": [0, 0, 0, 8], "texture": "#1"},
				"west": {"uv": [16, 7, 7, 16], "texture": "#1"},
				"up": {"uv": [0, 0, 9, 0], "rotation": 90, "texture": "#1"},
				"down": {"uv": [0, 0, 9, 0], "rotation": 270, "texture": "#1"}
			}
		},
		{
			"from": [8, 4, 8],
			"to": [8, 13, 16],
			"rotation": {"angle": -22.5, "axis": "y", "origin": [7, 10, 8]},
			"faces": {
				"north": {"uv": [0, 0, 0, 8], "texture": "#1"},
				"east": {"uv": [16, 7, 7, 16], "texture": "#1"},
				"south": {"uv": [0, 0, 0, 8], "texture": "#1"},
				"west": {"uv": [7, 7, 16, 16], "texture": "#1"},
				"up": {"uv": [0, 0, 9, 0], "rotation": 270, "texture": "#1"},
				"down": {"uv": [0, 0, 9, 0], "rotation": 90, "texture": "#1"}
			}
		},
		{
			"from": [5.5, 8, 5.5],
			"to": [8.5, 11, 5.5],
			"rotation": {"angle": -45, "axis": "y", "origin": [1, 2.5, 1.5]},
			"faces": {
				"north": {"uv": [0, 0, 11, 10], "texture": "#0"},
				"east": {"uv": [0, 0, 0, 3], "texture": "#0"},
				"south": {"uv": [0, 0, 11, 10], "texture": "#0"},
				"west": {"uv": [0, 0, 0, 3], "texture": "#0"},
				"up": {"uv": [0, 0, 0, 3], "rotation": 90, "texture": "#0"},
				"down": {"uv": [0, 0, 0, 3], "rotation": 270, "texture": "#0"}
			}
		},
		{
			"from": [8.22589, 6, 6.30677],
			"to": [8.22589, 9, 9.30677],
			"rotation": {"angle": 22.5, "axis": "y", "origin": [6.89256, 9, 8.80677]},
			"faces": {
				"north": {"uv": [0, 0, 0, 3], "texture": "#0"},
				"east": {"uv": [0, 0, 11, 10], "texture": "#0"},
				"south": {"uv": [0, 0, 0, 3], "texture": "#0"},
				"west": {"uv": [0, 0, 11, 10], "texture": "#0"},
				"up": {"uv": [0, 0, 0, 3], "rotation": 180, "texture": "#0"},
				"down": {"uv": [0, 0, 0, 3], "rotation": 180, "texture": "#0"}
			}
		},
		{
			"from": [8.72589, 7, 5.80677],
			"to": [11.72589, 10, 5.80677],
			"rotation": {"angle": 22.5, "axis": "y", "origin": [6.89256, 9, 8.80677]},
			"faces": {
				"north": {"uv": [0, 0, 11, 10], "texture": "#0"},
				"east": {"uv": [0, 0, 0, 3], "texture": "#0"},
				"south": {"uv": [0, 0, 11, 10], "texture": "#0"},
				"west": {"uv": [0, 0, 0, 3], "texture": "#0"},
				"up": {"uv": [0, 0, 0, 3], "rotation": 270, "texture": "#0"},
				"down": {"uv": [0, 0, 0, 3], "rotation": 90, "texture": "#0"}
			}
		},
		{
			"from": [9.72589, 8, 3.80677],
			"to": [12.72589, 11, 3.80677],
			"rotation": {"angle": 22.5, "axis": "y", "origin": [6.89256, 9, 8.80677]},
			"faces": {
				"north": {"uv": [0, 0, 11, 10], "texture": "#0"},
				"east": {"uv": [0, 0, 0, 3], "texture": "#0"},
				"south": {"uv": [0, 0, 11, 10], "texture": "#0"},
				"west": {"uv": [0, 0, 0, 3], "texture": "#0"},
				"up": {"uv": [0, 0, 0, 3], "rotation": 270, "texture": "#0"},
				"down": {"uv": [0, 0, 0, 3], "rotation": 90, "texture": "#0"}
			}
		},
		{
			"from": [11.22589, 8, 2.30677],
			"to": [11.22589, 11, 5.30677],
			"rotation": {"angle": 22.5, "axis": "y", "origin": [6.89256, 9, 8.80677]},
			"faces": {
				"north": {"uv": [0, 0, 0, 3], "texture": "#0"},
				"east": {"uv": [0, 0, 11, 10], "texture": "#0"},
				"south": {"uv": [0, 0, 0, 3], "texture": "#0"},
				"west": {"uv": [0, 0, 11, 10], "texture": "#0"},
				"up": {"uv": [0, 0, 0, 3], "rotation": 180, "texture": "#0"},
				"down": {"uv": [0, 0, 0, 3], "rotation": 180, "texture": "#0"}
			}
		},
		{
			"from": [6.72589, 6, 7.80677],
			"to": [9.72589, 9, 7.80677],
			"rotation": {"angle": 22.5, "axis": "y", "origin": [6.89256, 9, 8.80677]},
			"faces": {
				"north": {"uv": [0, 0, 11, 10], "texture": "#0"},
				"east": {"uv": [0, 0, 0, 3], "texture": "#0"},
				"south": {"uv": [0, 0, 11, 10], "texture": "#0"},
				"west": {"uv": [0, 0, 0, 3], "texture": "#0"},
				"up": {"uv": [0, 0, 0, 3], "rotation": 270, "texture": "#0"},
				"down": {"uv": [0, 0, 0, 3], "rotation": 90, "texture": "#0"}
			}
		},
		{
			"from": [10.22589, 7, 4.30677],
			"to": [10.22589, 10, 7.30677],
			"rotation": {"angle": 22.5, "axis": "y", "origin": [6.89256, 9, 8.80677]},
			"faces": {
				"north": {"uv": [0, 0, 0, 3], "texture": "#0"},
				"east": {"uv": [0, 0, 11, 10], "texture": "#0"},
				"south": {"uv": [0, 0, 0, 3], "texture": "#0"},
				"west": {"uv": [0, 0, 11, 10], "texture": "#0"},
				"up": {"uv": [0, 0, 0, 3], "rotation": 180, "texture": "#0"},
				"down": {"uv": [0, 0, 0, 3], "rotation": 180, "texture": "#0"}
			}
		},
		{
			"from": [5.55922, 7, 8.30677],
			"to": [5.55922, 10, 11.30677],
			"rotation": {"angle": 22.5, "axis": "y", "origin": [6.89256, 9, 8.80677]},
			"faces": {
				"north": {"uv": [0, 0, 0, 3], "texture": "#0"},
				"east": {"uv": [0, 0, 11, 10], "texture": "#0"},
				"south": {"uv": [0, 0, 0, 3], "texture": "#0"},
				"west": {"uv": [0, 0, 11, 10], "texture": "#0"},
				"up": {"uv": [0, 0, 0, 3], "texture": "#0"},
				"down": {"uv": [0, 0, 0, 3], "texture": "#0"}
			}
		},
		{
			"from": [4.05922, 7, 9.80677],
			"to": [7.05922, 10, 9.80677],
			"rotation": {"angle": 22.5, "axis": "y", "origin": [6.89256, 9, 8.80677]},
			"faces": {
				"north": {"uv": [0, 0, 11, 10], "texture": "#0"},
				"east": {"uv": [0, 0, 0, 3], "texture": "#0"},
				"south": {"uv": [0, 0, 11, 10], "texture": "#0"},
				"west": {"uv": [0, 0, 0, 3], "texture": "#0"},
				"up": {"uv": [0, 0, 0, 3], "rotation": 90, "texture": "#0"},
				"down": {"uv": [0, 0, 0, 3], "rotation": 270, "texture": "#0"}
			}
		},
		{
			"from": [2.55922, 9, 12.30677],
			"to": [2.55922, 12, 15.30677],
			"rotation": {"angle": 22.5, "axis": "y", "origin": [6.89256, 9, 8.80677]},
			"faces": {
				"north": {"uv": [0, 0, 0, 3], "texture": "#0"},
				"east": {"uv": [0, 0, 11, 10], "texture": "#0"},
				"south": {"uv": [0, 0, 0, 3], "texture": "#0"},
				"west": {"uv": [0, 0, 11, 10], "texture": "#0"},
				"up": {"uv": [0, 0, 0, 3], "texture": "#0"},
				"down": {"uv": [0, 0, 0, 3], "texture": "#0"}
			}
		},
		{
			"from": [1.05922, 9, 13.80677],
			"to": [4.05922, 12, 13.80677],
			"rotation": {"angle": 22.5, "axis": "y", "origin": [6.89256, 9, 8.80677]},
			"faces": {
				"north": {"uv": [0, 0, 11, 10], "texture": "#0"},
				"east": {"uv": [0, 0, 0, 3], "texture": "#0"},
				"south": {"uv": [0, 0, 11, 10], "texture": "#0"},
				"west": {"uv": [0, 0, 0, 3], "texture": "#0"},
				"up": {"uv": [0, 0, 0, 3], "rotation": 90, "texture": "#0"},
				"down": {"uv": [0, 0, 0, 3], "rotation": 270, "texture": "#0"}
			}
		},
		{
			"from": [3.55922, 8, 10.30677],
			"to": [3.55922, 11, 13.30677],
			"rotation": {"angle": 22.5, "axis": "y", "origin": [6.89256, 9, 8.80677]},
			"faces": {
				"north": {"uv": [0, 0, 0, 3], "texture": "#0"},
				"east": {"uv": [0, 0, 11, 10], "texture": "#0"},
				"south": {"uv": [0, 0, 0, 3], "texture": "#0"},
				"west": {"uv": [0, 0, 11, 10], "texture": "#0"},
				"up": {"uv": [0, 0, 0, 3], "texture": "#0"},
				"down": {"uv": [0, 0, 0, 3], "texture": "#0"}
			}
		},
		{
			"from": [2.05922, 8, 11.80677],
			"to": [5.05922, 11, 11.80677],
			"rotation": {"angle": 22.5, "axis": "y", "origin": [6.89256, 9, 8.80677]},
			"faces": {
				"north": {"uv": [0, 0, 11, 10], "texture": "#0"},
				"east": {"uv": [0, 0, 0, 3], "texture": "#0"},
				"south": {"uv": [0, 0, 11, 10], "texture": "#0"},
				"west": {"uv": [0, 0, 0, 3], "texture": "#0"},
				"up": {"uv": [0, 0, 0, 3], "rotation": 90, "texture": "#0"},
				"down": {"uv": [0, 0, 0, 3], "rotation": 270, "texture": "#0"}
			}
		},
		{
			"from": [7, 8, 4],
			"to": [7, 11, 7],
			"rotation": {"angle": -45, "axis": "y", "origin": [1, 2.5, 1.5]},
			"faces": {
				"north": {"uv": [0, 0, 0, 3], "texture": "#0"},
				"east": {"uv": [0, 0, 11, 10], "texture": "#0"},
				"south": {"uv": [0, 0, 0, 3], "texture": "#0"},
				"west": {"uv": [0, 0, 11, 10], "texture": "#0"},
				"up": {"uv": [0, 0, 0, 3], "texture": "#0"},
				"down": {"uv": [0, 0, 0, 3], "texture": "#0"}
			}
		},
		{
			"from": [4.5, 9, 7.5],
			"to": [7.5, 12, 7.5],
			"rotation": {"angle": -45, "axis": "y", "origin": [1, 2.5, 1.5]},
			"faces": {
				"north": {"uv": [0, 0, 11, 10], "texture": "#0"},
				"east": {"uv": [0, 0, 0, 3], "texture": "#0"},
				"south": {"uv": [0, 0, 11, 10], "texture": "#0"},
				"west": {"uv": [0, 0, 0, 3], "texture": "#0"},
				"up": {"uv": [0, 0, 0, 3], "rotation": 90, "texture": "#0"},
				"down": {"uv": [0, 0, 0, 3], "rotation": 270, "texture": "#0"}
			}
		},
		{
			"from": [6, 9, 6],
			"to": [6, 12, 9],
			"rotation": {"angle": -45, "axis": "y", "origin": [1, 2.5, 1.5]},
			"faces": {
				"north": {"uv": [0, 0, 0, 3], "texture": "#0"},
				"east": {"uv": [0, 0, 11, 10], "texture": "#0"},
				"south": {"uv": [0, 0, 0, 3], "texture": "#0"},
				"west": {"uv": [0, 0, 11, 10], "texture": "#0"},
				"up": {"uv": [0, 0, 0, 3], "texture": "#0"},
				"down": {"uv": [0, 0, 0, 3], "texture": "#0"}
			}
		},
		{
			"from": [7.5, 7, 3.5],
			"to": [10.5, 10, 3.5],
			"rotation": {"angle": -45, "axis": "y", "origin": [1, 2.5, 1.5]},
			"faces": {
				"north": {"uv": [0, 0, 11, 10], "texture": "#0"},
				"east": {"uv": [0, 0, 0, 3], "texture": "#0"},
				"south": {"uv": [0, 0, 11, 10], "texture": "#0"},
				"west": {"uv": [0, 0, 0, 3], "texture": "#0"},
				"up": {"uv": [0, 0, 0, 3], "rotation": 90, "texture": "#0"},
				"down": {"uv": [0, 0, 0, 3], "rotation": 270, "texture": "#0"}
			}
		},
		{
			"from": [9, 7, 2],
			"to": [9, 10, 5],
			"rotation": {"angle": -45, "axis": "y", "origin": [1, 2.5, 1.5]},
			"faces": {
				"north": {"uv": [0, 0, 0, 3], "texture": "#0"},
				"east": {"uv": [0, 0, 11, 10], "texture": "#0"},
				"south": {"uv": [0, 0, 0, 3], "texture": "#0"},
				"west": {"uv": [0, 0, 11, 10], "texture": "#0"},
				"up": {"uv": [0, 0, 0, 3], "texture": "#0"},
				"down": {"uv": [0, 0, 0, 3], "texture": "#0"}
			}
		},
		{
			"from": [7.14992, 7, 15.1401],
			"to": [10.14992, 10, 15.1401],
			"rotation": {"angle": 45, "axis": "y", "origin": [2.64992, 9.5, 8.80677]},
			"faces": {
				"north": {"uv": [0, 0, 11, 10], "texture": "#0"},
				"east": {"uv": [0, 0, 0, 3], "texture": "#0"},
				"south": {"uv": [0, 0, 11, 10], "texture": "#0"},
				"west": {"uv": [0, 0, 0, 3], "texture": "#0"},
				"up": {"uv": [0, 0, 0, 3], "rotation": 270, "texture": "#0"},
				"down": {"uv": [0, 0, 0, 3], "rotation": 90, "texture": "#0"}
			}
		},
		{
			"from": [6.64992, 6, 11.6401],
			"to": [6.64992, 9, 14.6401],
			"rotation": {"angle": 45, "axis": "y", "origin": [2.64992, 9.5, 8.80677]},
			"faces": {
				"north": {"uv": [0, 0, 0, 3], "texture": "#0"},
				"east": {"uv": [0, 0, 11, 10], "texture": "#0"},
				"south": {"uv": [0, 0, 0, 3], "texture": "#0"},
				"west": {"uv": [0, 0, 11, 10], "texture": "#0"},
				"up": {"uv": [0, 0, 0, 3], "texture": "#0"},
				"down": {"uv": [0, 0, 0, 3], "texture": "#0"}
			}
		},
		{
			"from": [9.14992, 8, 16.1401],
			"to": [12.14992, 11, 16.1401],
			"rotation": {"angle": 45, "axis": "y", "origin": [2.64992, 9.5, 8.80677]},
			"faces": {
				"north": {"uv": [0, 0, 11, 10], "texture": "#0"},
				"east": {"uv": [0, 0, 0, 3], "texture": "#0"},
				"south": {"uv": [0, 0, 11, 10], "texture": "#0"},
				"west": {"uv": [0, 0, 0, 3], "texture": "#0"},
				"up": {"uv": [0, 0, 0, 3], "rotation": 270, "texture": "#0"},
				"down": {"uv": [0, 0, 0, 3], "rotation": 90, "texture": "#0"}
			}
		},
		{
			"from": [10.64992, 8, 14.6401],
			"to": [10.64992, 11, 17.6401],
			"rotation": {"angle": 45, "axis": "y", "origin": [2.64992, 9.5, 8.80677]},
			"faces": {
				"north": {"uv": [0, 0, 0, 3], "texture": "#0"},
				"east": {"uv": [0, 0, 11, 10], "texture": "#0"},
				"south": {"uv": [0, 0, 0, 3], "texture": "#0"},
				"west": {"uv": [0, 0, 11, 10], "texture": "#0"},
				"up": {"uv": [0, 0, 0, 3], "texture": "#0"},
				"down": {"uv": [0, 0, 0, 3], "texture": "#0"}
			}
		},
		{
			"from": [8.64992, 7, 13.6401],
			"to": [8.64992, 10, 16.6401],
			"rotation": {"angle": 45, "axis": "y", "origin": [2.64992, 9.5, 8.80677]},
			"faces": {
				"north": {"uv": [0, 0, 0, 3], "texture": "#0"},
				"east": {"uv": [0, 0, 11, 10], "texture": "#0"},
				"south": {"uv": [0, 0, 0, 3], "texture": "#0"},
				"west": {"uv": [0, 0, 11, 10], "texture": "#0"},
				"up": {"uv": [0, 0, 0, 3], "texture": "#0"},
				"down": {"uv": [0, 0, 0, 3], "texture": "#0"}
			}
		},
		{
			"from": [5.14992, 6, 13.1401],
			"to": [8.14992, 9, 13.1401],
			"rotation": {"angle": 45, "axis": "y", "origin": [2.64992, 9.5, 8.80677]},
			"faces": {
				"north": {"uv": [0, 0, 11, 10], "texture": "#0"},
				"east": {"uv": [0, 0, 0, 3], "texture": "#0"},
				"south": {"uv": [0, 0, 11, 10], "texture": "#0"},
				"west": {"uv": [0, 0, 0, 3], "texture": "#0"},
				"up": {"uv": [0, 0, 0, 3], "rotation": 270, "texture": "#0"},
				"down": {"uv": [0, 0, 0, 3], "rotation": 90, "texture": "#0"}
			}
		}
	],
	"groups": [
		{
			"name": "group",
			"origin": [7, 8, 8],
			"children": [0, 1, 2, 3, 4, 5, 6, 7, 8, 9]
		},
		{
			"name": "group",
			"origin": [1, 1.5, 1.5],
			"children": [10, 11, 12, 13, 14, 15, 16, 17, 18, 19, 20, 21, 22, 23, 24, 25, 26, 27, 28, 29, 30, 31, 32, 33]
		}
	]
}