{
	"credit": "Made with Blockbench",
	"ambientocclusion": false,
	"textures": {
		"0": "block/orchid/epipactis",
		"particle": "block/orchid/epipactis"
	},
	"elements": [
		{
			"from": [3, -2, 2],
			"to": [3, 8, 13],
			"rotation": {"angle": 22.5, "axis": "z", "origin": [8, 6, 10]},
			"faces": {
				"north": {"uv": [0, 0, 0, 10], "texture": "#missing"},
				"east": {"uv": [13, 6, 2, 16], "texture": "#0"},
				"south": {"uv": [0, 0, 0, 10], "texture": "#missing"},
				"west": {"uv": [2, 6, 13, 16], "texture": "#0"},
				"up": {"uv": [0, 0, 0, 11], "texture": "#missing"},
				"down": {"uv": [0, 0, 0, 11], "texture": "#missing"}
			}
		},
		{
			"from": [13, -2, 2],
			"to": [13, 8, 13],
			"rotation": {"angle": -22.5, "axis": "z", "origin": [8, 6, 10]},
			"faces": {
				"north": {"uv": [0, 0, 0, 10], "texture": "#0"},
				"east": {"uv": [13, 6, 2, 16], "texture": "#0"},
				"south": {"uv": [0, 0, 0, 10], "texture": "#0"},
				"west": {"uv": [2, 6, 13, 16], "texture": "#0"},
				"up": {"uv": [0, 0, 0, 11], "texture": "#0"},
				"down": {"uv": [0, 0, 0, 11], "texture": "#0"}
			}
		},
		{
			"from": [2.5, -2, 4.5],
			"to": [13.5, 8, 4.5],
			"rotation": {"angle": -22.5, "axis": "x", "origin": [8, 3, 7.5]},
			"faces": {
				"north": {"uv": [2, 6, 13, 16], "texture": "#0"},
				"east": {"uv": [0, 0, 0, 10], "texture": "#0"},
				"south": {"uv": [13, 6, 2, 16], "texture": "#0"},
				"west": {"uv": [0, 0, 0, 10], "texture": "#0"},
				"up": {"uv": [0, 0, 0, 11], "rotation": 90, "texture": "#0"},
				"down": {"uv": [0, 0, 0, 11], "rotation": 270, "texture": "#0"}
			}
		},
		{
			"from": [2.5, -2, 10.5],
			"to": [13.5, 8, 10.5],
			"rotation": {"angle": 22.5, "axis": "x", "origin": [8, 3, 7.5]},
			"faces": {
				"north": {"uv": [2, 6, 13, 16], "texture": "#0"},
				"east": {"uv": [0, 0, 0, 10], "texture": "#0"},
				"south": {"uv": [13, 6, 2, 16], "texture": "#0"},
				"west": {"uv": [0, 0, 0, 10], "texture": "#0"},
				"up": {"uv": [0, 0, 0, 11], "rotation": 90, "texture": "#0"},
				"down": {"uv": [0, 0, 0, 11], "rotation": 270, "texture": "#0"}
			}
		},
		{
			"from": [9, -2, 2],
			"to": [9, 8, 13],
			"rotation": {"angle": 45, "axis": "y", "origin": [8, 7, 8]},
			"faces": {
				"north": {"uv": [0, 0, 0, 10], "texture": "#0"},
				"east": {"uv": [13, 6, 2, 16], "texture": "#0"},
				"south": {"uv": [0, 0, 0, 10], "texture": "#0"},
				"west": {"uv": [2, 6, 13, 16], "texture": "#0"},
				"up": {"uv": [0, 0, 0, 11], "texture": "#0"},
				"down": {"uv": [0, 0, 0, 11], "texture": "#0"}
			}
		},
		{
			"from": [8.35355, -2, 1.43934],
			"to": [8.35355, 8, 12.43934],
			"rotation": {"angle": -45, "axis": "y", "origin": [8.35355, 3, 6.93934]},
			"faces": {
				"north": {"uv": [0, 0, 0, 10], "texture": "#0"},
				"east": {"uv": [2, 6, 13, 16], "texture": "#0"},
				"south": {"uv": [0, 0, 0, 10], "texture": "#0"},
				"west": {"uv": [13, 6, 2, 16], "texture": "#0"},
				"up": {"uv": [0, 0, 0, 11], "rotation": 180, "texture": "#0"},
				"down": {"uv": [0, 0, 0, 11], "rotation": 180, "texture": "#0"}
			}
		},
		{
			"from": [8, 2, 7],
			"to": [8.5, 15, 7.5],
			"faces": {
				"north": {"uv": [15, 0, 15.5, 13], "texture": "#0"},
				"east": {"uv": [15, 0, 15.5, 13], "texture": "#0"},
				"south": {"uv": [15, 0, 15.5, 13], "texture": "#0"},
				"west": {"uv": [15, 0, 15.5, 13], "texture": "#0"},
				"up": {"uv": [15, 0, 15.5, 13], "texture": "#0"},
				"down": {"uv": [15, 0, 15.5, 13], "texture": "#0"}
			}
		},
		{
			"from": [5.75, 13, 7.25],
			"to": [10.75, 16, 7.25],
			"rotation": {"angle": 22.5, "axis": "y", "origin": [8.25, 13.5, 7.25]},
			"faces": {
				"north": {"uv": [8, 1, 13, 4], "texture": "#0"},
				"east": {"uv": [0, 0, 0, 3], "texture": "#missing"},
				"south": {"uv": [8, 1, 13, 4], "texture": "#0"},
				"west": {"uv": [0, 0, 0, 3], "texture": "#missing"},
				"up": {"uv": [0, 0, 5, 0], "texture": "#missing"},
				"down": {"uv": [0, 0, 5, 0], "texture": "#missing"}
			}
		},
		{
			"from": [8.25, 8, 4.75],
			"to": [8.25, 11, 9.75],
			"rotation": {"angle": 22.5, "axis": "y", "origin": [8.25, 13.5, 7.25]},
			"faces": {
				"north": {"uv": [0, 0, 0, 3], "texture": "#0"},
				"east": {"uv": [8, 1, 13, 4], "texture": "#0"},
				"south": {"uv": [0, 0, 0, 3], "texture": "#0"},
				"west": {"uv": [8, 1, 13, 4], "texture": "#0"},
				"up": {"uv": [0, 0, 5, 0], "rotation": 270, "texture": "#0"},
				"down": {"uv": [0, 0, 5, 0], "rotation": 90, "texture": "#0"}
			}
		},
		{
			"from": [5.75, 8, 7.25],
			"to": [10.75, 11, 7.25],
			"rotation": {"angle": 22.5, "axis": "y", "origin": [8.25, 13.5, 7.25]},
			"faces": {
				"north": {"uv": [8, 1, 13, 4], "texture": "#0"},
				"east": {"uv": [0, 0, 0, 3], "texture": "#0"},
				"south": {"uv": [8, 1, 13, 4], "texture": "#0"},
				"west": {"uv": [0, 0, 0, 3], "texture": "#0"},
				"up": {"uv": [0, 0, 5, 0], "texture": "#0"},
				"down": {"uv": [0, 0, 5, 0], "texture": "#0"}
			}
		},
		{
			"from": [8.25, 13, 4.75],
			"to": [8.25, 16, 9.75],
			"rotation": {"angle": 22.5, "axis": "y", "origin": [8.25, 13.5, 7.25]},
			"faces": {
				"north": {"uv": [0, 0, 0, 3], "texture": "#0"},
				"east": {"uv": [8, 1, 13, 4], "texture": "#0"},
				"south": {"uv": [0, 0, 0, 3], "texture": "#0"},
				"west": {"uv": [8, 1, 13, 4], "texture": "#0"},
				"up": {"uv": [0, 0, 5, 0], "rotation": 270, "texture": "#0"},
				"down": {"uv": [0, 0, 5, 0], "rotation": 90, "texture": "#0"}
			}
		}
	],
	"groups": [
		{
			"name": "group",
			"origin": [8.25, 13.5, 7.25],
			"children": [0, 1, 2, 3, 4, 5, 6, 7, 8, 9, 10]
		}
	]
}