{
	"credit": "Made with Blockbench",
	"ambientocclusion": false,
	"textures": {
		"0": "block/orchid/paphiopedilum",
		"1": "block/orchid/butterfly_orchid",
		"particle": "block/orchid/paphiopedilum"
	},
	"elements": [
		{
			"from": [8, -1, 8],
			"to": [9, 10, 9],
			"rotation": {"angle": 0, "axis": "y", "origin": [8, 7, 8]},
			"faces": {
				"north": {"uv": [13, 0, 14, 11], "texture": "#0"},
				"east": {"uv": [13, 0, 14, 11], "texture": "#0"},
				"south": {"uv": [13, 0, 14, 11], "texture": "#0"},
				"west": {"uv": [13, 0, 14, 11], "texture": "#0"},
				"up": {"uv": [13, 0, 14, 1], "texture": "#0"},
				"down": {"uv": [13, 0, 14, 1], "texture": "#0"}
			}
		},
		{
			"from": [8.25, 8, 10],
			"to": [8.65, 14, 10.4],
			"rotation": {"angle": -45, "axis": "x", "origin": [8, 7, 8]},
			"faces": {
				"north": {"uv": [15, 4, 16, 14], "texture": "#1"},
				"east": {"uv": [15, 4, 16, 14], "texture": "#1"},
				"south": {"uv": [15, 4, 16, 14], "texture": "#1"},
				"west": {"uv": [15, 4, 16, 14], "texture": "#1"},
				"up": {"uv": [15, 4, 16, 5], "texture": "#1"},
				"down": {"uv": [15, 13, 16, 14], "texture": "#1"}
			}
		},
		{
			"from": [8.25, 9.18406, 7.72721],
			"to": [8.65, 9.58406, 13.72721],
			"rotation": {"angle": -22.5, "axis": "x", "origin": [8.45, 11.38406, 6.72721]},
			"faces": {
				"north": {"uv": [13, 0, 14, 1], "rotation": 180, "texture": "#0"},
				"east": {"uv": [16, 14, 15, 4], "rotation": 90, "texture": "#1"},
				"south": {"uv": [16, 14, 15, 4], "texture": "#1"},
				"west": {"uv": [16, 14, 15, 4], "rotation": 270, "texture": "#1"},
				"up": {"uv": [16, 14, 15, 4], "texture": "#1"},
				"down": {"uv": [13, 0, 14, 11], "texture": "#0"}
			}
		},
		{
			"from": [6, 1, -5],
			"to": [11, 1, 9],
			"rotation": {"angle": 22.5, "axis": "x", "origin": [8.5, 1, 9]},
			"faces": {
				"north": {"uv": [0, 0, 5, 0], "texture": "#missing"},
				"east": {"uv": [0, 0, 14, 0], "texture": "#missing"},
				"south": {"uv": [0, 0, 5, 0], "texture": "#missing"},
				"west": {"uv": [0, 0, 14, 0], "texture": "#missing"},
				"up": {"uv": [11, 0, 16, 14], "texture": "#0"},
				"down": {"uv": [11, 14, 16, 0], "texture": "#0"}
			}
		},
		{
			"from": [6, 1, 9],
			"to": [11, 1, 23],
			"rotation": {"angle": -45, "axis": "x", "origin": [8.5, 1, 9]},
			"faces": {
				"north": {"uv": [0, 0, 5, 0], "rotation": 180, "texture": "#0"},
				"east": {"uv": [0, 0, 14, 0], "rotation": 180, "texture": "#0"},
				"south": {"uv": [0, 0, 5, 0], "rotation": 180, "texture": "#0"},
				"west": {"uv": [0, 0, 14, 0], "rotation": 180, "texture": "#0"},
				"up": {"uv": [11, 14, 16, 0], "texture": "#0"},
				"down": {"uv": [11, 0, 16, 14], "texture": "#0"}
			}
		},
		{
			"from": [8.5, 1, 6.5],
			"to": [22.5, 1, 11.5],
			"rotation": {"angle": 45, "axis": "z", "origin": [8.5, 1, 9]},
			"faces": {
				"north": {"uv": [0, 0, 14, 0], "texture": "#0"},
				"east": {"uv": [0, 0, 5, 0], "texture": "#0"},
				"south": {"uv": [0, 0, 14, 0], "texture": "#0"},
				"west": {"uv": [0, 0, 5, 0], "texture": "#0"},
				"up": {"uv": [11, 0, 16, 14], "rotation": 90, "texture": "#0"},
				"down": {"uv": [11, 14, 16, 0], "rotation": 270, "texture": "#0"}
			}
		},
		{
			"from": [-5.5, 1, 6.5],
			"to": [8.5, 1, 11.5],
			"rotation": {"angle": -22.5, "axis": "z", "origin": [8.5, 1, 9]},
			"faces": {
				"north": {"uv": [0, 0, 14, 0], "texture": "#0"},
				"east": {"uv": [0, 0, 5, 0], "texture": "#0"},
				"south": {"uv": [0, 0, 14, 0], "texture": "#0"},
				"west": {"uv": [0, 0, 5, 0], "texture": "#0"},
				"up": {"uv": [11, 0, 16, 14], "rotation": 270, "texture": "#0"},
				"down": {"uv": [11, 14, 16, 0], "rotation": 90, "texture": "#0"}
			}
		},
		{
			"from": [3, 11, 8],
			"to": [6, 14, 8],
			"rotation": {"angle": 45, "axis": "y", "origin": [1.5, 2.5, 1]},
			"faces": {
				"north": {"uv": [0, 0, 11, 10], "texture": "#0"},
				"east": {"uv": [0, 0, 0, 3], "texture": "#missing"},
				"south": {"uv": [0, 0, 11, 10], "texture": "#0"},
				"west": {"uv": [0, 0, 0, 3], "texture": "#missing"},
				"up": {"uv": [0, 0, 3, 0], "texture": "#missing"},
				"down": {"uv": [0, 0, 3, 0], "texture": "#missing"}
			}
		},
		{
			"from": [4.5, 11, 6.5],
			"to": [4.5, 14, 9.5],
			"rotation": {"angle": 45, "axis": "y", "origin": [1.5, 2.5, 1]},
			"faces": {
				"north": {"uv": [0, 0, 0, 3], "texture": "#0"},
				"east": {"uv": [0, 0, 11, 10], "texture": "#0"},
				"south": {"uv": [0, 0, 0, 3], "texture": "#0"},
				"west": {"uv": [0, 0, 11, 10], "texture": "#0"},
				"up": {"uv": [0, 0, 3, 0], "rotation": 270, "texture": "#0"},
				"down": {"uv": [0, 0, 3, 0], "rotation": 90, "texture": "#0"}
			}
		},
		{
			"from": [1, 9, 10],
			"to": [4, 12, 10],
			"rotation": {"angle": 45, "axis": "y", "origin": [1.5, 2.5, 1]},
			"faces": {
				"north": {"uv": [0, 0, 11, 10], "texture": "#0"},
				"east": {"uv": [0, 0, 0, 3], "texture": "#0"},
				"south": {"uv": [0, 0, 11, 10], "texture": "#0"},
				"west": {"uv": [0, 0, 0, 3], "texture": "#0"},
				"up": {"uv": [0, 0, 3, 0], "texture": "#0"},
				"down": {"uv": [0, 0, 3, 0], "texture": "#0"}
			}
		},
		{
			"from": [2.5, 9, 8.5],
			"to": [2.5, 12, 11.5],
			"rotation": {"angle": 45, "axis": "y", "origin": [1.5, 2.5, 1]},
			"faces": {
				"north": {"uv": [0, 0, 0, 3], "texture": "#0"},
				"east": {"uv": [0, 0, 11, 10], "texture": "#0"},
				"south": {"uv": [0, 0, 0, 3], "texture": "#0"},
				"west": {"uv": [0, 0, 11, 10], "texture": "#0"},
				"up": {"uv": [0, 0, 3, 0], "rotation": 270, "texture": "#0"},
				"down": {"uv": [0, 0, 3, 0], "rotation": 90, "texture": "#0"}
			}
		},
		{
			"from": [-4, 9.5, 15],
			"to": [-1, 12.5, 15],
			"rotation": {"angle": 45, "axis": "y", "origin": [1.5, 2.5, 1]},
			"faces": {
				"north": {"uv": [0, 0, 11, 10], "texture": "#0"},
				"east": {"uv": [0, 0, 0, 3], "texture": "#0"},
				"south": {"uv": [0, 0, 11, 10], "texture": "#0"},
				"west": {"uv": [0, 0, 0, 3], "texture": "#0"},
				"up": {"uv": [0, 0, 3, 0], "texture": "#0"},
				"down": {"uv": [0, 0, 3, 0], "texture": "#0"}
			}
		},
		{
			"from": [-2.5, 9.5, 13.5],
			"to": [-2.5, 12.5, 16.5],
			"rotation": {"angle": 45, "axis": "y", "origin": [1.5, 2.5, 1]},
			"faces": {
				"north": {"uv": [0, 0, 0, 3], "texture": "#0"},
				"east": {"uv": [0, 0, 11, 10], "texture": "#0"},
				"south": {"uv": [0, 0, 0, 3], "texture": "#0"},
				"west": {"uv": [0, 0, 11, 10], "texture": "#0"},
				"up": {"uv": [0, 0, 3, 0], "rotation": 270, "texture": "#0"},
				"down": {"uv": [0, 0, 3, 0], "rotation": 90, "texture": "#0"}
			}
		},
		{
			"from": [-2, 8.5, 13],
			"to": [1, 11.5, 13],
			"rotation": {"angle": 45, "axis": "y", "origin": [1.5, 2.5, 1]},
			"faces": {
				"north": {"uv": [0, 0, 11, 10], "texture": "#0"},
				"east": {"uv": [0, 0, 0, 3], "texture": "#0"},
				"south": {"uv": [0, 0, 11, 10], "texture": "#0"},
				"west": {"uv": [0, 0, 0, 3], "texture": "#0"},
				"up": {"uv": [0, 0, 3, 0], "texture": "#0"},
				"down": {"uv": [0, 0, 3, 0], "texture": "#0"}
			}
		},
		{
			"from": [-0.5, 8.5, 11.5],
			"to": [-0.5, 11.5, 14.5],
			"rotation": {"angle": 45, "axis": "y", "origin": [1.5, 2.5, 1]},
			"faces": {
				"north": {"uv": [0, 0, 0, 3], "texture": "#0"},
				"east": {"uv": [0, 0, 11, 10], "texture": "#0"},
				"south": {"uv": [0, 0, 0, 3], "texture": "#0"},
				"west": {"uv": [0, 0, 11, 10], "texture": "#0"},
				"up": {"uv": [0, 0, 3, 0], "rotation": 270, "texture": "#0"},
				"down": {"uv": [0, 0, 3, 0], "rotation": 90, "texture": "#0"}
			}
		},
		{
			"from": [1, 10, 7.5],
			"to": [8, 10, 10],
			"rotation": {"angle": -22.5, "axis": "z", "origin": [8.5, 10, 8.75]},
			"faces": {
				"north": {"uv": [0, 0, 7, 0], "texture": "#0"},
				"east": {"uv": [0, 0, 2.5, 0], "texture": "#0"},
				"south": {"uv": [0, 0, 7, 0], "texture": "#0"},
				"west": {"uv": [0, 0, 2.5, 0], "texture": "#0"},
				"up": {"uv": [11, 0, 16, 14], "rotation": 270, "texture": "#0"},
				"down": {"uv": [11, 14, 16, 0], "rotation": 90, "texture": "#0"}
			}
		},
		{
			"from": [9, 5.5, 7.5],
			"to": [16, 5.5, 10],
			"rotation": {"angle": 22.5, "axis": "z", "origin": [8.5, 5, 8.75]},
			"faces": {
				"north": {"uv": [0, 0, 7, 0], "rotation": 180, "texture": "#0"},
				"east": {"uv": [0, 0, 2.5, 0], "rotation": 180, "texture": "#0"},
				"south": {"uv": [0, 0, 7, 0], "rotation": 180, "texture": "#0"},
				"west": {"uv": [0, 0, 2.5, 0], "rotation": 180, "texture": "#0"},
				"up": {"uv": [11, 14, 16, 0], "rotation": 270, "texture": "#0"},
				"down": {"uv": [11, 0, 16, 14], "rotation": 90, "texture": "#0"}
			}
		},
		{
			"from": [1, 5.5, 7.5],
			"to": [8, 5.5, 10],
			"rotation": {"angle": -45, "axis": "z", "origin": [8.5, 5, 8.75]},
			"faces": {
				"north": {"uv": [0, 0, 7, 0], "texture": "#0"},
				"east": {"uv": [0, 0, 2.5, 0], "texture": "#0"},
				"south": {"uv": [0, 0, 7, 0], "texture": "#0"},
				"west": {"uv": [0, 0, 2.5, 0], "texture": "#0"},
				"up": {"uv": [11, 0, 16, 14], "rotation": 270, "texture": "#0"},
				"down": {"uv": [11, 14, 16, 0], "rotation": 90, "texture": "#0"}
			}
		},
		{
			"from": [7.25, 5.5, 9.25],
			"to": [9.75, 5.5, 16.25],
			"rotation": {"angle": -45, "axis": "x", "origin": [8.5, 5, 8.75]},
			"faces": {
				"north": {"uv": [0, 0, 2.5, 0], "rotation": 180, "texture": "#0"},
				"east": {"uv": [0, 0, 7, 0], "rotation": 180, "texture": "#0"},
				"south": {"uv": [0, 0, 2.5, 0], "rotation": 180, "texture": "#0"},
				"west": {"uv": [0, 0, 7, 0], "rotation": 180, "texture": "#0"},
				"up": {"uv": [11, 14, 16, 0], "texture": "#0"},
				"down": {"uv": [11, 0, 16, 14], "texture": "#0"}
			}
		},
		{
			"from": [7.25, 5.5, 1.25],
			"to": [9.75, 5.5, 8.25],
			"rotation": {"angle": 22.5, "axis": "x", "origin": [8.5, 5, 8.75]},
			"faces": {
				"north": {"uv": [0, 0, 2.5, 0], "texture": "#0"},
				"east": {"uv": [0, 0, 7, 0], "texture": "#0"},
				"south": {"uv": [0, 0, 2.5, 0], "texture": "#0"},
				"west": {"uv": [0, 0, 7, 0], "texture": "#0"},
				"up": {"uv": [11, 0, 16, 14], "texture": "#0"},
				"down": {"uv": [11, 14, 16, 0], "texture": "#0"}
			}
		},
		{
			"from": [8.5, 10.5, 7.5],
			"to": [8.5, 17.5, 10],
			"rotation": {"angle": -45, "axis": "z", "origin": [8.5, 10, 8.75]},
			"faces": {
				"north": {"uv": [0, 0, 7, 0], "rotation": 270, "texture": "#0"},
				"east": {"uv": [11, 0, 16, 14], "texture": "#0"},
				"south": {"uv": [0, 0, 7, 0], "rotation": 90, "texture": "#0"},
				"west": {"uv": [11, 14, 16, 0], "rotation": 180, "texture": "#0"},
				"up": {"uv": [0, 0, 2.5, 0], "rotation": 90, "texture": "#0"},
				"down": {"uv": [0, 0, 2.5, 0], "rotation": 90, "texture": "#0"}
			}
		}
	]
}