{
    "ambientocclusion": false,
    "textures": {
		"cross": "block/kelp_plant",
		"0": "block/animals/jellyfish",
        "particle": "block/kelp_plant"
    },
    "elements": [
        {   "from": [ 0.8, 0, 8 ],
            "to": [ 15.2, 16, 8 ],
            "rotation": { "origin": [ 8, 8, 8 ], "axis": "y", "angle": 45, "rescale": true },
            "shade": false,
            "faces": {
                "north": { "uv": [ 0, 0, 16, 16 ], "texture": "#cross", "tintindex": 0 },
                "south": { "uv": [ 0, 0, 16, 16 ], "texture": "#cross", "tintindex": 0 }
            }
        },
        {   "from": [ 8, 0, 0.8 ],
            "to": [ 8, 16, 15.2 ],
            "rotation": { "origin": [ 8, 8, 8 ], "axis": "y", "angle": 45, "rescale": true },
            "shade": false,
            "faces": {
                "west": { "uv": [ 0, 0, 16, 16 ], "texture": "#cross", "tintindex": 0 },
                "east": { "uv": [ 0, 0, 16, 16 ], "texture": "#cross", "tintindex": 0 }
            }
        },
		{
			"from": [0, 7, -15],
			"to": [7, 11, -8],
			"rotation": {"angle": 22.5, "axis": "x", "origin": [1.5, 0, -13]},
			"faces": {
				"north": {"uv": [2, 4, 8.923, 8.116], "texture": "#0"},
				"east": {"uv": [2, 4, 9, 8], "texture": "#0"},
				"south": {"uv": [2, 4, 9, 8], "texture": "#0"},
				"west": {"uv": [2, 4, 9, 8], "texture": "#0"},
				"up": {"uv": [9, 1, 16, 8], "texture": "#0"},
				"down": {"uv": [9, 1, 16, 8], "texture": "#0"}
			}
		},
		{
			"from": [1, 11, -14],
			"to": [6, 12, -9],
			"rotation": {"angle": 22.5, "axis": "x", "origin": [1.5, 0, -13]},
			"faces": {
				"north": {"uv": [10, 3, 15, 4], "texture": "#0"},
				"east": {"uv": [10, 3, 15, 4], "texture": "#0"},
				"south": {"uv": [10, 3, 15, 4], "texture": "#0"},
				"west": {"uv": [10, 3, 15, 4], "texture": "#0"},
				"up": {"uv": [10, 2, 15, 7], "texture": "#0"},
				"down": {"uv": [0, 0, 5, 5], "texture": "#missing"}
			}
		},
		{
			"from": [-1, 6, -16],
			"to": [7, 7, -15],
			"rotation": {"angle": 22.5, "axis": "x", "origin": [1.5, 0, -13]},
			"faces": {
				"north": {"uv": [2, 8, 10, 9], "texture": "#0"},
				"east": {"uv": [2, 4, 3, 5], "texture": "#0"},
				"south": {"uv": [2, 8, 10, 9], "texture": "#0"},
				"west": {"uv": [2, 5, 3, 6], "texture": "#0"},
				"up": {"uv": [2, 8, 10, 9], "texture": "#0"},
				"down": {"uv": [2, 8, 10, 9], "texture": "#0"}
			}
		},
		{
			"from": [0, 6, -8],
			"to": [8, 7, -7],
			"rotation": {"angle": 22.5, "axis": "x", "origin": [1.5, 0, -13]},
			"faces": {
				"north": {"uv": [2, 8, 10, 9], "texture": "#0"},
				"east": {"uv": [2, 4, 3, 5], "texture": "#0"},
				"south": {"uv": [2, 8, 10, 9], "texture": "#0"},
				"west": {"uv": [2, 5, 3, 6], "texture": "#0"},
				"up": {"uv": [2, 8, 10, 9], "texture": "#0"},
				"down": {"uv": [2, 8, 10, 9], "texture": "#0"}
			}
		},
		{
			"from": [-1, 6, -15],
			"to": [0, 7, -7],
			"rotation": {"angle": 22.5, "axis": "x", "origin": [1.5, 0, -13]},
			"faces": {
				"north": {"uv": [2, 5, 3, 6], "texture": "#0"},
				"east": {"uv": [2, 8, 10, 9], "texture": "#0"},
				"south": {"uv": [2, 4, 3, 5], "texture": "#0"},
				"west": {"uv": [2, 8, 10, 9], "texture": "#0"},
				"up": {"uv": [2, 8, 10, 9], "rotation": 90, "texture": "#0"},
				"down": {"uv": [2, 8, 10, 9], "rotation": 270, "texture": "#0"}
			}
		},
		{
			"from": [7, 6, -16],
			"to": [8, 7, -8],
			"rotation": {"angle": 22.5, "axis": "x", "origin": [1.5, 0, -13]},
			"faces": {
				"north": {"uv": [2, 4, 3, 5], "texture": "#0"},
				"east": {"uv": [2, 8, 10, 9], "texture": "#0"},
				"south": {"uv": [2, 4, 3, 5], "texture": "#0"},
				"west": {"uv": [2, 8, 10, 9], "texture": "#0"},
				"up": {"uv": [2, 8, 10, 9], "rotation": 90, "texture": "#0"},
				"down": {"uv": [2, 8, 10, 9], "rotation": 270, "texture": "#0"}
			}
		},
		{
			"from": [1.5, -3, -13.5],
			"to": [1.5, 7, -12.5],
			"rotation": {"angle": 22.5, "axis": "x", "origin": [1.5, 0, -13]},
			"faces": {
				"north": {"uv": [6, 9, 7, 15], "texture": "#0"},
				"east": {"uv": [6, 9, 7, 15], "texture": "#0"},
				"south": {"uv": [6, 9, 7, 15], "texture": "#0"},
				"west": {"uv": [6, 9, 7, 15], "texture": "#0"},
				"up": {"uv": [0, 0, 1, 1], "rotation": 270, "texture": "#missing"},
				"down": {"uv": [6, 9, 7, 10], "rotation": 90, "texture": "#0"}
			}
		},
		{
			"from": [4, -1, -12],
			"to": [5, 9, -12],
			"rotation": {"angle": 22.5, "axis": "x", "origin": [1.5, 0, -13]},
			"faces": {
				"north": {"uv": [6, 9, 7, 15], "texture": "#0"},
				"east": {"uv": [6, 9, 7, 15], "texture": "#0"},
				"south": {"uv": [6, 9, 7, 15], "texture": "#0"},
				"west": {"uv": [6, 9, 7, 15], "texture": "#0"},
				"up": {"uv": [0, 0, 1, 1], "texture": "#missing"},
				"down": {"uv": [6, 9, 7, 10], "texture": "#0"}
			}
		},
		{
			"from": [2, -2, -10],
			"to": [3, 8, -10],
			"rotation": {"angle": 22.5, "axis": "x", "origin": [1.5, 0, -13]},
			"faces": {
				"north": {"uv": [6, 9, 7, 15], "texture": "#0"},
				"east": {"uv": [6, 9, 7, 15], "texture": "#0"},
				"south": {"uv": [6, 9, 7, 15], "texture": "#0"},
				"west": {"uv": [6, 9, 7, 15], "texture": "#0"},
				"up": {"uv": [0, 0, 1, 1], "texture": "#missing"},
				"down": {"uv": [6, 9, 7, 10], "texture": "#0"}
			}
		},
		{
			"from": [5.5, -2, -10.5],
			"to": [5.5, 8, -9.5],
			"rotation": {"angle": 22.5, "axis": "x", "origin": [1.5, 0, -13]},
			"faces": {
				"north": {"uv": [6, 9, 7, 15], "texture": "#0"},
				"east": {"uv": [6, 9, 7, 15], "texture": "#0"},
				"south": {"uv": [6, 9, 7, 15], "texture": "#0"},
				"west": {"uv": [6, 9, 7, 15], "texture": "#0"},
				"up": {"uv": [0, 0, 1, 1], "rotation": 270, "texture": "#missing"},
				"down": {"uv": [6, 9, 7, 10], "rotation": 90, "texture": "#0"}
			}
		},
		{
			"from": [5, -1, -14],
			"to": [6, 9, -14],
			"rotation": {"angle": 22.5, "axis": "x", "origin": [1.5, 0, -13]},
			"faces": {
				"north": {"uv": [6, 9, 7, 15], "texture": "#0"},
				"east": {"uv": [6, 9, 7, 15], "texture": "#0"},
				"south": {"uv": [6, 9, 7, 15], "texture": "#0"},
				"west": {"uv": [6, 9, 7, 15], "texture": "#0"},
				"up": {"uv": [0, 0, 1, 1], "texture": "#missing"},
				"down": {"uv": [6, 9, 7, 10], "texture": "#0"}
			}
		}
    ]
}
