{
	"credit": "Made with Blockbench",
	"ambientocclusion": false,
	"textures": {
		"0": "block/dandelion/dandelionb",
		"1": "block/dandelion/dandelionb2",
		"2": "block/dandelion/dandelion",
		"3": "block/dandelion/bee",
		"particle": "block/dandelion/dandelionb"
	},
	"elements": [
		{
			"from": [9.5, 8, 3.5],
			"to": [9.5, 13, 8.5],
			"rotation": {"angle": 0, "axis": "x", "origin": [9.5, 10.5, 6]},
			"faces": {
				"north": {"uv": [0, 0, 5, 0], "rotation": 90, "texture": "#0"},
				"east": {"uv": [0, 0, 14.5, 14.5], "rotation": 270, "texture": "#0"},
				"south": {"uv": [0, 0, 5, 0], "rotation": 90, "texture": "#0"},
				"west": {"uv": [0, 0, 14.5, 14.5], "rotation": 90, "texture": "#0"},
				"up": {"uv": [0, 0, 0, 5], "rotation": 180, "texture": "#0"},
				"down": {"uv": [0, 0, 0, 5], "texture": "#0"}
			}
		},
		{
			"from": [7, 10.5, 3.5],
			"to": [12, 10.5, 8.5],
			"rotation": {"angle": 0, "axis": "x", "origin": [9.5, 10.5, 6]},
			"faces": {
				"north": {"uv": [0, 0, 5, 0], "rotation": 180, "texture": "#0"},
				"east": {"uv": [0, 0, 0, 5], "rotation": 270, "texture": "#0"},
				"south": {"uv": [0, 0, 5, 0], "texture": "#0"},
				"west": {"uv": [0, 0, 0, 5], "rotation": 90, "texture": "#0"},
				"up": {"uv": [0, 0, 14.5, 14.5], "rotation": 180, "texture": "#0"},
				"down": {"uv": [0, 0, 14.5, 14.5], "texture": "#0"}
			}
		},
		{
			"from": [9.5, 8, 3.5],
			"to": [9.5, 13, 8.5],
			"rotation": {"angle": -22.5, "axis": "y", "origin": [9.5, 10.5, 6]},
			"faces": {
				"north": {"uv": [0, 0, 5, 0], "rotation": 90, "texture": "#0"},
				"east": {"uv": [0, 0, 14.5, 14.5], "rotation": 270, "texture": "#0"},
				"south": {"uv": [0, 0, 5, 0], "rotation": 90, "texture": "#0"},
				"west": {"uv": [0, 0, 14.5, 14.5], "rotation": 90, "texture": "#0"},
				"up": {"uv": [0, 0, 0, 5], "rotation": 180, "texture": "#0"},
				"down": {"uv": [0, 0, 0, 5], "texture": "#0"}
			}
		},
		{
			"from": [7, 10.5, 3.5],
			"to": [12, 10.5, 8.5],
			"rotation": {"angle": -22.5, "axis": "y", "origin": [9.5, 10.5, 6]},
			"faces": {
				"north": {"uv": [0, 0, 5, 0], "rotation": 180, "texture": "#0"},
				"east": {"uv": [0, 0, 0, 5], "rotation": 270, "texture": "#0"},
				"south": {"uv": [0, 0, 5, 0], "texture": "#0"},
				"west": {"uv": [0, 0, 0, 5], "rotation": 90, "texture": "#0"},
				"up": {"uv": [0, 0, 14.5, 14.5], "rotation": 180, "texture": "#0"},
				"down": {"uv": [0, 0, 14.5, 14.5], "texture": "#0"}
			}
		},
		{
			"from": [7, 10.5, 3.5],
			"to": [12, 10.5, 8.5],
			"rotation": {"angle": -45, "axis": "y", "origin": [9.5, 10.5, 6]},
			"faces": {
				"north": {"uv": [0, 0, 5, 0], "rotation": 180, "texture": "#0"},
				"east": {"uv": [0, 0, 0, 5], "rotation": 270, "texture": "#0"},
				"south": {"uv": [0, 0, 5, 0], "texture": "#0"},
				"west": {"uv": [0, 0, 0, 5], "rotation": 90, "texture": "#0"},
				"up": {"uv": [0, 0, 14.5, 14.5], "rotation": 180, "texture": "#0"},
				"down": {"uv": [0, 0, 14.5, 14.5], "texture": "#0"}
			}
		},
		{
			"from": [9.5, 8, 3.5],
			"to": [9.5, 13, 8.5],
			"rotation": {"angle": -45, "axis": "y", "origin": [9.5, 10.5, 6]},
			"faces": {
				"north": {"uv": [0, 0, 5, 0], "rotation": 90, "texture": "#0"},
				"east": {"uv": [0, 0, 14.5, 14.5], "rotation": 270, "texture": "#0"},
				"south": {"uv": [0, 0, 5, 0], "rotation": 90, "texture": "#0"},
				"west": {"uv": [0, 0, 14.5, 14.5], "rotation": 90, "texture": "#0"},
				"up": {"uv": [0, 0, 0, 5], "rotation": 180, "texture": "#0"},
				"down": {"uv": [0, 0, 0, 5], "texture": "#0"}
			}
		},
		{
			"from": [7, 10.5, 3.5],
			"to": [12, 10.5, 8.5],
			"rotation": {"angle": 22.5, "axis": "y", "origin": [9.5, 10.5, 6]},
			"faces": {
				"north": {"uv": [0, 0, 0, 5], "rotation": 90, "texture": "#0"},
				"east": {"uv": [0, 0, 5, 0], "rotation": 180, "texture": "#0"},
				"south": {"uv": [0, 0, 0, 5], "rotation": 270, "texture": "#0"},
				"west": {"uv": [0, 0, 5, 0], "texture": "#0"},
				"up": {"uv": [0, 0, 14.5, 14.5], "rotation": 270, "texture": "#0"},
				"down": {"uv": [0, 0, 14.5, 14.5], "rotation": 270, "texture": "#0"}
			}
		},
		{
			"from": [7, 8, 6],
			"to": [12, 13, 6],
			"rotation": {"angle": 22.5, "axis": "y", "origin": [9.5, 10.5, 6]},
			"faces": {
				"north": {"uv": [0, 0, 14.5, 14.5], "rotation": 90, "texture": "#0"},
				"east": {"uv": [0, 0, 5, 0], "rotation": 90, "texture": "#0"},
				"south": {"uv": [0, 0, 14.5, 14.5], "rotation": 270, "texture": "#0"},
				"west": {"uv": [0, 0, 5, 0], "rotation": 90, "texture": "#0"},
				"up": {"uv": [0, 0, 0, 5], "rotation": 270, "texture": "#0"},
				"down": {"uv": [0, 0, 0, 5], "rotation": 270, "texture": "#0"}
			}
		},
		{
			"from": [7, 10.5, 3.5],
			"to": [12, 10.5, 8.5],
			"rotation": {"angle": -45, "axis": "z", "origin": [9.5, 10.5, 6]},
			"faces": {
				"north": {"uv": [0, 0, 5, 0], "rotation": 180, "texture": "#0"},
				"east": {"uv": [0, 0, 0, 5], "rotation": 270, "texture": "#0"},
				"south": {"uv": [0, 0, 5, 0], "texture": "#0"},
				"west": {"uv": [0, 0, 0, 5], "rotation": 90, "texture": "#0"},
				"up": {"uv": [0, 0, 14.5, 14.5], "rotation": 180, "texture": "#0"},
				"down": {"uv": [0, 0, 14.5, 14.5], "texture": "#0"}
			}
		},
		{
			"from": [9.5, 8, 3.5],
			"to": [9.5, 13, 8.5],
			"rotation": {"angle": -45, "axis": "z", "origin": [9.5, 10.5, 6]},
			"faces": {
				"north": {"uv": [0, 0, 5, 0], "rotation": 90, "texture": "#0"},
				"east": {"uv": [0, 0, 14.5, 14.5], "rotation": 270, "texture": "#0"},
				"south": {"uv": [0, 0, 5, 0], "rotation": 90, "texture": "#0"},
				"west": {"uv": [0, 0, 14.5, 14.5], "rotation": 90, "texture": "#0"},
				"up": {"uv": [0, 0, 0, 5], "rotation": 180, "texture": "#0"},
				"down": {"uv": [0, 0, 0, 5], "texture": "#0"}
			}
		},
		{
			"from": [7, 10.5, 3.5],
			"to": [12, 10.5, 8.5],
			"rotation": {"angle": -22.5, "axis": "z", "origin": [9.5, 10.5, 6]},
			"faces": {
				"north": {"uv": [0, 0, 5, 0], "rotation": 180, "texture": "#0"},
				"east": {"uv": [0, 0, 0, 5], "rotation": 270, "texture": "#0"},
				"south": {"uv": [0, 0, 5, 0], "texture": "#0"},
				"west": {"uv": [0, 0, 0, 5], "rotation": 90, "texture": "#0"},
				"up": {"uv": [0, 0, 14.5, 14.5], "rotation": 180, "texture": "#0"},
				"down": {"uv": [0, 0, 14.5, 14.5], "texture": "#0"}
			}
		},
		{
			"from": [9.5, 8, 3.5],
			"to": [9.5, 13, 8.5],
			"rotation": {"angle": -22.5, "axis": "z", "origin": [9.5, 10.5, 6]},
			"faces": {
				"north": {"uv": [0, 0, 5, 0], "rotation": 90, "texture": "#0"},
				"east": {"uv": [0, 0, 14.5, 14.5], "rotation": 270, "texture": "#0"},
				"south": {"uv": [0, 0, 5, 0], "rotation": 90, "texture": "#0"},
				"west": {"uv": [0, 0, 14.5, 14.5], "rotation": 90, "texture": "#0"},
				"up": {"uv": [0, 0, 0, 5], "rotation": 180, "texture": "#0"},
				"down": {"uv": [0, 0, 0, 5], "texture": "#0"}
			}
		},
		{
			"from": [9.5, 8, 3.5],
			"to": [9.5, 13, 8.5],
			"rotation": {"angle": 22.5, "axis": "z", "origin": [9.5, 10.5, 6]},
			"faces": {
				"north": {"uv": [0, 0, 5, 0], "rotation": 90, "texture": "#0"},
				"east": {"uv": [0, 0, 14.5, 14.5], "rotation": 270, "texture": "#0"},
				"south": {"uv": [0, 0, 5, 0], "rotation": 90, "texture": "#0"},
				"west": {"uv": [0, 0, 14.5, 14.5], "rotation": 90, "texture": "#0"},
				"up": {"uv": [0, 0, 0, 5], "rotation": 180, "texture": "#0"},
				"down": {"uv": [0, 0, 0, 5], "texture": "#0"}
			}
		},
		{
			"from": [7, 10.5, 3.5],
			"to": [12, 10.5, 8.5],
			"rotation": {"angle": 22.5, "axis": "z", "origin": [9.5, 10.5, 6]},
			"faces": {
				"north": {"uv": [0, 0, 5, 0], "texture": "#0"},
				"east": {"uv": [0, 0, 0, 5], "rotation": 270, "texture": "#0"},
				"south": {"uv": [0, 0, 5, 0], "rotation": 180, "texture": "#0"},
				"west": {"uv": [0, 0, 0, 5], "rotation": 90, "texture": "#0"},
				"up": {"uv": [0, 0, 14.5, 14.5], "rotation": 180, "texture": "#0"},
				"down": {"uv": [0, 0, 14.5, 14.5], "texture": "#0"}
			}
		},
		{
			"from": [7, 10.5, 3.5],
			"to": [12, 10.5, 8.5],
			"rotation": {"angle": -22.5, "axis": "x", "origin": [9.5, 10.5, 6]},
			"faces": {
				"north": {"uv": [0, 0, 0, 5], "rotation": 90, "texture": "#0"},
				"east": {"uv": [0, 0, 5, 0], "rotation": 180, "texture": "#0"},
				"south": {"uv": [0, 0, 0, 5], "rotation": 270, "texture": "#0"},
				"west": {"uv": [0, 0, 5, 0], "texture": "#0"},
				"up": {"uv": [0, 0, 14.5, 14.5], "rotation": 270, "texture": "#0"},
				"down": {"uv": [0, 0, 14.5, 14.5], "rotation": 270, "texture": "#0"}
			}
		},
		{
			"from": [7, 8, 6],
			"to": [12, 13, 6],
			"rotation": {"angle": -22.5, "axis": "x", "origin": [9.5, 10.5, 6]},
			"faces": {
				"north": {"uv": [0, 0, 14.5, 14.5], "rotation": 90, "texture": "#0"},
				"east": {"uv": [0, 0, 5, 0], "rotation": 90, "texture": "#0"},
				"south": {"uv": [0, 0, 14.5, 14.5], "rotation": 270, "texture": "#0"},
				"west": {"uv": [0, 0, 5, 0], "rotation": 90, "texture": "#0"},
				"up": {"uv": [0, 0, 0, 5], "rotation": 270, "texture": "#0"},
				"down": {"uv": [0, 0, 0, 5], "rotation": 270, "texture": "#0"}
			}
		},
		{
			"from": [7, 10.5, 3.5],
			"to": [12, 10.5, 8.5],
			"rotation": {"angle": -45, "axis": "x", "origin": [9.5, 10.5, 6]},
			"faces": {
				"north": {"uv": [0, 0, 0, 5], "rotation": 90, "texture": "#0"},
				"east": {"uv": [0, 0, 5, 0], "rotation": 180, "texture": "#0"},
				"south": {"uv": [0, 0, 0, 5], "rotation": 270, "texture": "#0"},
				"west": {"uv": [0, 0, 5, 0], "texture": "#0"},
				"up": {"uv": [0, 0, 14.5, 14.5], "rotation": 270, "texture": "#0"},
				"down": {"uv": [0, 0, 14.5, 14.5], "rotation": 270, "texture": "#0"}
			}
		},
		{
			"from": [7, 8, 6],
			"to": [12, 13, 6],
			"rotation": {"angle": -45, "axis": "x", "origin": [9.5, 10.5, 6]},
			"faces": {
				"north": {"uv": [0, 0, 14.5, 14.5], "rotation": 90, "texture": "#0"},
				"east": {"uv": [0, 0, 5, 0], "rotation": 90, "texture": "#0"},
				"south": {"uv": [0, 0, 14.5, 14.5], "rotation": 270, "texture": "#0"},
				"west": {"uv": [0, 0, 5, 0], "rotation": 90, "texture": "#0"},
				"up": {"uv": [0, 0, 0, 5], "rotation": 270, "texture": "#0"},
				"down": {"uv": [0, 0, 0, 5], "rotation": 270, "texture": "#0"}
			}
		},
		{
			"from": [7, 10.5, 3.5],
			"to": [12, 10.5, 8.5],
			"rotation": {"angle": 22.5, "axis": "x", "origin": [9.5, 10.5, 6]},
			"faces": {
				"north": {"uv": [0, 0, 0, 5], "rotation": 90, "texture": "#0"},
				"east": {"uv": [0, 0, 5, 0], "rotation": 180, "texture": "#0"},
				"south": {"uv": [0, 0, 0, 5], "rotation": 270, "texture": "#0"},
				"west": {"uv": [0, 0, 5, 0], "texture": "#0"},
				"up": {"uv": [0, 0, 14.5, 14.5], "rotation": 270, "texture": "#0"},
				"down": {"uv": [0, 0, 14.5, 14.5], "rotation": 270, "texture": "#0"}
			}
		},
		{
			"from": [7, 8, 6],
			"to": [12, 13, 6],
			"rotation": {"angle": 22.5, "axis": "x", "origin": [9.5, 10.5, 6]},
			"faces": {
				"north": {"uv": [0, 0, 14.5, 14.5], "rotation": 90, "texture": "#0"},
				"east": {"uv": [0, 0, 5, 0], "rotation": 270, "texture": "#0"},
				"south": {"uv": [0, 0, 14.5, 14.5], "rotation": 270, "texture": "#0"},
				"west": {"uv": [0, 0, 5, 0], "rotation": 270, "texture": "#0"},
				"up": {"uv": [0, 0, 0, 5], "rotation": 270, "texture": "#0"},
				"down": {"uv": [0, 0, 0, 5], "rotation": 270, "texture": "#0"}
			}
		},
		{
			"name": "1",
			"from": [9.48528, 8, 3.24264],
			"to": [9.48528, 13, 8.24264],
			"rotation": {"angle": 45, "axis": "y", "origin": [9.48528, 10.5, 5.74264]},
			"faces": {
				"north": {"uv": [0, 0, 0, 5], "texture": "#missing"},
				"east": {"uv": [1.5, 1.5, 13, 13], "texture": "#1"},
				"south": {"uv": [0, 0, 0, 5], "texture": "#missing"},
				"west": {"uv": [1.5, 1.5, 13, 13], "texture": "#1"},
				"up": {"uv": [0, 0, 0, 5], "rotation": 180, "texture": "#missing"},
				"down": {"uv": [0, 0, 0, 5], "rotation": 180, "texture": "#missing"}
			}
		},
		{
			"name": "1",
			"from": [6.98528, 8, 5.74264],
			"to": [11.98528, 13, 5.74264],
			"rotation": {"angle": 45, "axis": "y", "origin": [9.48528, 10.5, 5.74264]},
			"faces": {
				"north": {"uv": [1.5, 1.5, 13, 13], "texture": "#1"},
				"east": {"uv": [1.5, 1.5, 13, 13], "texture": "#1"},
				"south": {"uv": [1.5, 1.5, 13, 13], "texture": "#1"},
				"west": {"uv": [0, 0, 0, 5], "texture": "#1"},
				"up": {"uv": [0, 0, 0, 5], "rotation": 270, "texture": "#1"},
				"down": {"uv": [0, 0, 0, 5], "rotation": 90, "texture": "#1"}
			}
		},
		{
			"name": "1",
			"from": [6.98528, 8, 5.74264],
			"to": [11.98528, 13, 5.74264],
			"rotation": {"angle": -22.5, "axis": "y", "origin": [9.48528, 10.5, 5.74264]},
			"faces": {
				"north": {"uv": [1.5, 1.5, 13, 13], "texture": "#1"},
				"east": {"uv": [0, 0, 0, 5], "texture": "#1"},
				"south": {"uv": [1.5, 1.5, 13, 13], "texture": "#1"},
				"west": {"uv": [0, 0, 0, 5], "texture": "#1"},
				"up": {"uv": [0, 0, 0, 5], "rotation": 90, "texture": "#1"},
				"down": {"uv": [0, 0, 0, 5], "rotation": 270, "texture": "#1"}
			}
		},
		{
			"name": "1",
			"from": [9.48528, 8, 3.24264],
			"to": [9.48528, 13, 8.24264],
			"rotation": {"angle": -22.5, "axis": "y", "origin": [9.48528, 10.5, 5.74264]},
			"faces": {
				"north": {"uv": [1.5, 1.5, 13, 13], "texture": "#1"},
				"east": {"uv": [1.5, 1.5, 13, 13], "texture": "#1"},
				"south": {"uv": [0, 0, 0, 5], "texture": "#1"},
				"west": {"uv": [1.5, 1.5, 13, 13], "texture": "#1"},
				"up": {"uv": [0, 0, 0, 5], "rotation": 180, "texture": "#1"},
				"down": {"uv": [0, 0, 0, 5], "rotation": 180, "texture": "#1"}
			}
		},
		{
			"name": "1",
			"from": [6.98528, 8, 5.74264],
			"to": [11.98528, 13, 5.74264],
			"rotation": {"angle": 22.5, "axis": "y", "origin": [9.48528, 10.5, 5.74264]},
			"faces": {
				"north": {"uv": [1.5, 1.5, 13, 13], "texture": "#1"},
				"east": {"uv": [1.5, 1.5, 13, 13], "texture": "#1"},
				"south": {"uv": [1.5, 1.5, 13, 13], "texture": "#1"},
				"west": {"uv": [0, 0, 0, 5], "texture": "#1"},
				"up": {"uv": [0, 0, 0, 5], "rotation": 270, "texture": "#1"},
				"down": {"uv": [0, 0, 0, 5], "rotation": 90, "texture": "#1"}
			}
		},
		{
			"name": "1",
			"from": [9.48528, 8, 3.24264],
			"to": [9.48528, 13, 8.24264],
			"rotation": {"angle": 22.5, "axis": "y", "origin": [9.48528, 10.5, 5.74264]},
			"faces": {
				"north": {"uv": [0, 0, 0, 5], "texture": "#1"},
				"east": {"uv": [1.5, 1.5, 13, 13], "texture": "#1"},
				"south": {"uv": [0, 0, 0, 5], "texture": "#1"},
				"west": {"uv": [1.5, 1.5, 13, 13], "texture": "#1"},
				"up": {"uv": [0, 0, 0, 5], "rotation": 180, "texture": "#1"},
				"down": {"uv": [0, 0, 0, 5], "rotation": 180, "texture": "#1"}
			}
		},
		{
			"from": [9.5, 0, 5.75],
			"to": [9.75, 10, 6],
			"faces": {
				"north": {"uv": [0, 0, 0.25, 8], "texture": "#2"},
				"east": {"uv": [0, 0, 0.25, 8], "texture": "#2"},
				"south": {"uv": [0, 0, 0.25, 8], "texture": "#2"},
				"west": {"uv": [0, 0, 0.25, 8], "texture": "#2"},
				"up": {"uv": [0, 0, 0.25, 8], "texture": "#2"},
				"down": {"uv": [0, 0, 0.25, 8], "texture": "#2"}
			}
		},
		{
			"from": [6.5, 0, 9.75],
			"to": [6.75, 12, 10],
			"faces": {
				"north": {"uv": [0, 0, 0.25, 8], "texture": "#2"},
				"east": {"uv": [0, 0, 0.25, 8], "texture": "#2"},
				"south": {"uv": [0, 0, 0.25, 8], "texture": "#2"},
				"west": {"uv": [0, 0, 0.25, 8], "texture": "#2"},
				"up": {"uv": [0, 0, 0.25, 8], "texture": "#2"},
				"down": {"uv": [0, 0, 0.25, 8], "texture": "#2"}
			}
		},
		{
			"from": [1, -1, 4],
			"to": [16, 6, 4],
			"rotation": {"angle": -22.5, "axis": "x", "origin": [10.25, 2.5, 6.25]},
			"faces": {
				"north": {"uv": [0, 9, 15, 16], "texture": "#2"},
				"east": {"uv": [0, 0, 0, 7], "texture": "#missing"},
				"south": {"uv": [15, 9, 0, 16], "texture": "#2"},
				"west": {"uv": [0, 0, 0, 7], "texture": "#missing"},
				"up": {"uv": [0, 0, 15, 0], "texture": "#missing"},
				"down": {"uv": [0, 0, 15, 0], "texture": "#missing"}
			}
		},
		{
			"from": [5.5, -1, 0.5],
			"to": [5.5, 6, 15.5],
			"rotation": {"angle": 22.5, "axis": "z", "origin": [6.25, 2.5, 10.25]},
			"faces": {
				"north": {"uv": [0, 0, 0, 7], "texture": "#2"},
				"east": {"uv": [15, 9, 0, 16], "texture": "#2"},
				"south": {"uv": [0, 0, 0, 7], "texture": "#2"},
				"west": {"uv": [0, 9, 15, 16], "texture": "#2"},
				"up": {"uv": [0, 0, 15, 0], "rotation": 270, "texture": "#2"},
				"down": {"uv": [0, 0, 15, 0], "rotation": 90, "texture": "#2"}
			}
		},
		{
			"from": [7.5, 0, 0.5],
			"to": [7.5, 7, 15.5],
			"rotation": {"angle": 45, "axis": "y", "origin": [7.5, 3.5, 8]},
			"faces": {
				"north": {"uv": [0, 0, 0, 7], "texture": "#2"},
				"east": {"uv": [15, 9, 0, 16], "texture": "#2"},
				"south": {"uv": [0, 0, 0, 7], "texture": "#2"},
				"west": {"uv": [0, 9, 15, 16], "texture": "#2"},
				"up": {"uv": [0, 0, 15, 0], "rotation": 270, "texture": "#2"},
				"down": {"uv": [0, 0, 15, 0], "rotation": 90, "texture": "#2"}
			}
		},
		{
			"from": [0, 0, 8],
			"to": [15, 7, 8],
			"rotation": {"angle": 45, "axis": "y", "origin": [7.5, 3.5, 8]},
			"faces": {
				"north": {"uv": [15, 9, 0, 16], "texture": "#2"},
				"east": {"uv": [0, 0, 0, 7], "texture": "#2"},
				"south": {"uv": [0, 9, 15, 16], "texture": "#2"},
				"west": {"uv": [0, 0, 0, 7], "texture": "#2"},
				"up": {"uv": [0, 0, 15, 0], "rotation": 180, "texture": "#2"},
				"down": {"uv": [0, 0, 15, 0], "rotation": 180, "texture": "#2"}
			}
		},
		{
			"from": [0.5, -1, 10.5],
			"to": [15.5, 6, 10.5],
			"rotation": {"angle": 22.5, "axis": "x", "origin": [6.25, 2.5, 10.25]},
			"faces": {
				"north": {"uv": [15, 9, 0, 16], "texture": "#2"},
				"east": {"uv": [0, 0, 0, 7], "texture": "#2"},
				"south": {"uv": [0, 9, 15, 16], "texture": "#2"},
				"west": {"uv": [0, 0, 0, 7], "texture": "#2"},
				"up": {"uv": [0, 0, 15, 0], "rotation": 180, "texture": "#2"},
				"down": {"uv": [0, 0, 15, 0], "rotation": 180, "texture": "#2"}
			}
		},
		{
			"from": [11, -1, 1],
			"to": [11, 6, 16],
			"rotation": {"angle": -22.5, "axis": "z", "origin": [10.25, 2.5, 6.25]},
			"faces": {
				"north": {"uv": [0, 0, 0, 7], "texture": "#2"},
				"east": {"uv": [0, 9, 15, 16], "texture": "#2"},
				"south": {"uv": [0, 0, 0, 7], "texture": "#2"},
				"west": {"uv": [15, 9, 0, 16], "texture": "#2"},
				"up": {"uv": [0, 0, 15, 0], "rotation": 90, "texture": "#2"},
				"down": {"uv": [0, 0, 15, 0], "rotation": 270, "texture": "#2"}
			}
		},
		{
			"from": [6.5, 10, 7.5],
			"to": [6.5, 15, 12.5],
			"rotation": {"angle": 0, "axis": "y", "origin": [6.5, 12.5, 10]},
			"faces": {
				"north": {"uv": [0, 0, 5, 0], "rotation": 90, "texture": "#0"},
				"east": {"uv": [0, 0, 14.5, 14.5], "rotation": 270, "texture": "#0"},
				"south": {"uv": [0, 0, 5, 0], "rotation": 90, "texture": "#0"},
				"west": {"uv": [0, 0, 14.5, 14.5], "rotation": 90, "texture": "#0"},
				"up": {"uv": [0, 0, 0, 5], "rotation": 180, "texture": "#0"},
				"down": {"uv": [0, 0, 0, 5], "texture": "#0"}
			}
		},
		{
			"from": [4, 12.5, 7.5],
			"to": [9, 12.5, 12.5],
			"rotation": {"angle": 0, "axis": "y", "origin": [6.5, 12.5, 10]},
			"faces": {
				"north": {"uv": [0, 0, 5, 0], "rotation": 180, "texture": "#0"},
				"east": {"uv": [0, 0, 0, 5], "rotation": 270, "texture": "#0"},
				"south": {"uv": [0, 0, 5, 0], "texture": "#0"},
				"west": {"uv": [0, 0, 0, 5], "rotation": 90, "texture": "#0"},
				"up": {"uv": [0, 0, 14.5, 14.5], "rotation": 180, "texture": "#0"},
				"down": {"uv": [0, 0, 14.5, 14.5], "texture": "#0"}
			}
		},
		{
			"from": [6.5, 10, 7.5],
			"to": [6.5, 15, 12.5],
			"rotation": {"angle": -22.5, "axis": "y", "origin": [6.5, 12.5, 10]},
			"faces": {
				"north": {"uv": [0, 0, 5, 0], "rotation": 90, "texture": "#0"},
				"east": {"uv": [0, 0, 14.5, 14.5], "rotation": 270, "texture": "#0"},
				"south": {"uv": [0, 0, 5, 0], "rotation": 90, "texture": "#0"},
				"west": {"uv": [0, 0, 14.5, 14.5], "rotation": 90, "texture": "#0"},
				"up": {"uv": [0, 0, 0, 5], "rotation": 180, "texture": "#0"},
				"down": {"uv": [0, 0, 0, 5], "texture": "#0"}
			}
		},
		{
			"from": [4, 12.5, 7.5],
			"to": [9, 12.5, 12.5],
			"rotation": {"angle": -22.5, "axis": "y", "origin": [6.5, 12.5, 10]},
			"faces": {
				"north": {"uv": [0, 0, 5, 0], "rotation": 180, "texture": "#0"},
				"east": {"uv": [0, 0, 0, 5], "rotation": 270, "texture": "#0"},
				"south": {"uv": [0, 0, 5, 0], "texture": "#0"},
				"west": {"uv": [0, 0, 0, 5], "rotation": 90, "texture": "#0"},
				"up": {"uv": [0, 0, 14.5, 14.5], "rotation": 180, "texture": "#0"},
				"down": {"uv": [0, 0, 14.5, 14.5], "texture": "#0"}
			}
		},
		{
			"from": [4, 12.5, 7.5],
			"to": [9, 12.5, 12.5],
			"rotation": {"angle": -45, "axis": "y", "origin": [6.5, 12.5, 10]},
			"faces": {
				"north": {"uv": [0, 0, 5, 0], "rotation": 180, "texture": "#0"},
				"east": {"uv": [0, 0, 0, 5], "rotation": 270, "texture": "#0"},
				"south": {"uv": [0, 0, 5, 0], "texture": "#0"},
				"west": {"uv": [0, 0, 0, 5], "rotation": 90, "texture": "#0"},
				"up": {"uv": [0, 0, 14.5, 14.5], "rotation": 180, "texture": "#0"},
				"down": {"uv": [0, 0, 14.5, 14.5], "texture": "#0"}
			}
		},
		{
			"from": [6.5, 10, 7.5],
			"to": [6.5, 15, 12.5],
			"rotation": {"angle": -45, "axis": "y", "origin": [6.5, 12.5, 10]},
			"faces": {
				"north": {"uv": [0, 0, 5, 0], "rotation": 90, "texture": "#0"},
				"east": {"uv": [0, 0, 14.5, 14.5], "rotation": 270, "texture": "#0"},
				"south": {"uv": [0, 0, 5, 0], "rotation": 90, "texture": "#0"},
				"west": {"uv": [0, 0, 14.5, 14.5], "rotation": 90, "texture": "#0"},
				"up": {"uv": [0, 0, 0, 5], "rotation": 180, "texture": "#0"},
				"down": {"uv": [0, 0, 0, 5], "texture": "#0"}
			}
		},
		{
			"from": [4, 12.5, 7.5],
			"to": [9, 12.5, 12.5],
			"rotation": {"angle": 22.5, "axis": "y", "origin": [6.5, 12.5, 10]},
			"faces": {
				"north": {"uv": [0, 0, 0, 5], "rotation": 90, "texture": "#0"},
				"east": {"uv": [0, 0, 5, 0], "rotation": 180, "texture": "#0"},
				"south": {"uv": [0, 0, 0, 5], "rotation": 270, "texture": "#0"},
				"west": {"uv": [0, 0, 5, 0], "texture": "#0"},
				"up": {"uv": [0, 0, 14.5, 14.5], "rotation": 270, "texture": "#0"},
				"down": {"uv": [0, 0, 14.5, 14.5], "rotation": 270, "texture": "#0"}
			}
		},
		{
			"from": [4, 10, 10],
			"to": [9, 15, 10],
			"rotation": {"angle": 22.5, "axis": "y", "origin": [6.5, 12.5, 10]},
			"faces": {
				"north": {"uv": [0, 0, 14.5, 14.5], "rotation": 90, "texture": "#0"},
				"east": {"uv": [0, 0, 5, 0], "rotation": 90, "texture": "#0"},
				"south": {"uv": [0, 0, 14.5, 14.5], "rotation": 270, "texture": "#0"},
				"west": {"uv": [0, 0, 5, 0], "rotation": 90, "texture": "#0"},
				"up": {"uv": [0, 0, 0, 5], "rotation": 270, "texture": "#0"},
				"down": {"uv": [0, 0, 0, 5], "rotation": 270, "texture": "#0"}
			}
		},
		{
			"from": [4, 12.5, 7.5],
			"to": [9, 12.5, 12.5],
			"rotation": {"angle": -45, "axis": "z", "origin": [6.5, 12.5, 10]},
			"faces": {
				"north": {"uv": [0, 0, 5, 0], "rotation": 180, "texture": "#0"},
				"east": {"uv": [0, 0, 0, 5], "rotation": 270, "texture": "#0"},
				"south": {"uv": [0, 0, 5, 0], "texture": "#0"},
				"west": {"uv": [0, 0, 0, 5], "rotation": 90, "texture": "#0"},
				"up": {"uv": [0, 0, 14.5, 14.5], "rotation": 180, "texture": "#0"},
				"down": {"uv": [0, 0, 14.5, 14.5], "texture": "#0"}
			}
		},
		{
			"from": [6.5, 10, 7.5],
			"to": [6.5, 15, 12.5],
			"rotation": {"angle": -45, "axis": "z", "origin": [6.5, 12.5, 10]},
			"faces": {
				"north": {"uv": [0, 0, 5, 0], "rotation": 90, "texture": "#0"},
				"east": {"uv": [0, 0, 14.5, 14.5], "rotation": 270, "texture": "#0"},
				"south": {"uv": [0, 0, 5, 0], "rotation": 90, "texture": "#0"},
				"west": {"uv": [0, 0, 14.5, 14.5], "rotation": 90, "texture": "#0"},
				"up": {"uv": [0, 0, 0, 5], "rotation": 180, "texture": "#0"},
				"down": {"uv": [0, 0, 0, 5], "texture": "#0"}
			}
		},
		{
			"from": [4, 12.5, 7.5],
			"to": [9, 12.5, 12.5],
			"rotation": {"angle": -22.5, "axis": "z", "origin": [6.5, 12.5, 10]},
			"faces": {
				"north": {"uv": [0, 0, 5, 0], "rotation": 180, "texture": "#0"},
				"east": {"uv": [0, 0, 0, 5], "rotation": 270, "texture": "#0"},
				"south": {"uv": [0, 0, 5, 0], "texture": "#0"},
				"west": {"uv": [0, 0, 0, 5], "rotation": 90, "texture": "#0"},
				"up": {"uv": [0, 0, 14.5, 14.5], "rotation": 180, "texture": "#0"},
				"down": {"uv": [0, 0, 14.5, 14.5], "texture": "#0"}
			}
		},
		{
			"from": [6.5, 10, 7.5],
			"to": [6.5, 15, 12.5],
			"rotation": {"angle": -22.5, "axis": "z", "origin": [6.5, 12.5, 10]},
			"faces": {
				"north": {"uv": [0, 0, 5, 0], "rotation": 90, "texture": "#0"},
				"east": {"uv": [0, 0, 14.5, 14.5], "rotation": 270, "texture": "#0"},
				"south": {"uv": [0, 0, 5, 0], "rotation": 90, "texture": "#0"},
				"west": {"uv": [0, 0, 14.5, 14.5], "rotation": 90, "texture": "#0"},
				"up": {"uv": [0, 0, 0, 5], "rotation": 180, "texture": "#0"},
				"down": {"uv": [0, 0, 0, 5], "texture": "#0"}
			}
		},
		{
			"from": [6.5, 10, 7.5],
			"to": [6.5, 15, 12.5],
			"rotation": {"angle": 22.5, "axis": "z", "origin": [6.5, 12.5, 10]},
			"faces": {
				"north": {"uv": [0, 0, 5, 0], "rotation": 90, "texture": "#0"},
				"east": {"uv": [0, 0, 14.5, 14.5], "rotation": 270, "texture": "#0"},
				"south": {"uv": [0, 0, 5, 0], "rotation": 90, "texture": "#0"},
				"west": {"uv": [0, 0, 14.5, 14.5], "rotation": 90, "texture": "#0"},
				"up": {"uv": [0, 0, 0, 5], "rotation": 180, "texture": "#0"},
				"down": {"uv": [0, 0, 0, 5], "texture": "#0"}
			}
		},
		{
			"from": [4, 12.5, 7.5],
			"to": [9, 12.5, 12.5],
			"rotation": {"angle": 22.5, "axis": "z", "origin": [6.5, 12.5, 10]},
			"faces": {
				"north": {"uv": [0, 0, 5, 0], "texture": "#0"},
				"east": {"uv": [0, 0, 0, 5], "rotation": 270, "texture": "#0"},
				"south": {"uv": [0, 0, 5, 0], "rotation": 180, "texture": "#0"},
				"west": {"uv": [0, 0, 0, 5], "rotation": 90, "texture": "#0"},
				"up": {"uv": [0, 0, 14.5, 14.5], "rotation": 180, "texture": "#0"},
				"down": {"uv": [0, 0, 14.5, 14.5], "texture": "#0"}
			}
		},
		{
			"from": [4, 12.5, 7.5],
			"to": [9, 12.5, 12.5],
			"rotation": {"angle": -22.5, "axis": "x", "origin": [6.5, 12.5, 10]},
			"faces": {
				"north": {"uv": [0, 0, 0, 5], "rotation": 90, "texture": "#0"},
				"east": {"uv": [0, 0, 5, 0], "rotation": 180, "texture": "#0"},
				"south": {"uv": [0, 0, 0, 5], "rotation": 270, "texture": "#0"},
				"west": {"uv": [0, 0, 5, 0], "texture": "#0"},
				"up": {"uv": [0, 0, 14.5, 14.5], "rotation": 270, "texture": "#0"},
				"down": {"uv": [0, 0, 14.5, 14.5], "rotation": 270, "texture": "#0"}
			}
		},
		{
			"from": [4, 10, 10],
			"to": [9, 15, 10],
			"rotation": {"angle": -22.5, "axis": "x", "origin": [6.5, 12.5, 10]},
			"faces": {
				"north": {"uv": [0, 0, 14.5, 14.5], "rotation": 90, "texture": "#0"},
				"east": {"uv": [0, 0, 5, 0], "rotation": 90, "texture": "#0"},
				"south": {"uv": [0, 0, 14.5, 14.5], "rotation": 270, "texture": "#0"},
				"west": {"uv": [0, 0, 5, 0], "rotation": 90, "texture": "#0"},
				"up": {"uv": [0, 0, 0, 5], "rotation": 270, "texture": "#0"},
				"down": {"uv": [0, 0, 0, 5], "rotation": 270, "texture": "#0"}
			}
		},
		{
			"from": [4, 12.5, 7.5],
			"to": [9, 12.5, 12.5],
			"rotation": {"angle": -45, "axis": "x", "origin": [6.5, 12.5, 10]},
			"faces": {
				"north": {"uv": [0, 0, 0, 5], "rotation": 90, "texture": "#0"},
				"east": {"uv": [0, 0, 5, 0], "rotation": 180, "texture": "#0"},
				"south": {"uv": [0, 0, 0, 5], "rotation": 270, "texture": "#0"},
				"west": {"uv": [0, 0, 5, 0], "texture": "#0"},
				"up": {"uv": [0, 0, 14.5, 14.5], "rotation": 270, "texture": "#0"},
				"down": {"uv": [0, 0, 14.5, 14.5], "rotation": 270, "texture": "#0"}
			}
		},
		{
			"from": [4, 10, 10],
			"to": [9, 15, 10],
			"rotation": {"angle": -45, "axis": "x", "origin": [6.5, 12.5, 10]},
			"faces": {
				"north": {"uv": [0, 0, 14.5, 14.5], "rotation": 90, "texture": "#0"},
				"east": {"uv": [0, 0, 5, 0], "rotation": 90, "texture": "#0"},
				"south": {"uv": [0, 0, 14.5, 14.5], "rotation": 270, "texture": "#0"},
				"west": {"uv": [0, 0, 5, 0], "rotation": 90, "texture": "#0"},
				"up": {"uv": [0, 0, 0, 5], "rotation": 270, "texture": "#0"},
				"down": {"uv": [0, 0, 0, 5], "rotation": 270, "texture": "#0"}
			}
		},
		{
			"from": [4, 12.5, 7.5],
			"to": [9, 12.5, 12.5],
			"rotation": {"angle": 22.5, "axis": "x", "origin": [6.5, 12.5, 10]},
			"faces": {
				"north": {"uv": [0, 0, 0, 5], "rotation": 90, "texture": "#0"},
				"east": {"uv": [0, 0, 5, 0], "rotation": 180, "texture": "#0"},
				"south": {"uv": [0, 0, 0, 5], "rotation": 270, "texture": "#0"},
				"west": {"uv": [0, 0, 5, 0], "texture": "#0"},
				"up": {"uv": [0, 0, 14.5, 14.5], "rotation": 270, "texture": "#0"},
				"down": {"uv": [0, 0, 14.5, 14.5], "rotation": 270, "texture": "#0"}
			}
		},
		{
			"from": [4, 10, 10],
			"to": [9, 15, 10],
			"rotation": {"angle": 22.5, "axis": "x", "origin": [6.5, 12.5, 10]},
			"faces": {
				"north": {"uv": [0, 0, 14.5, 14.5], "rotation": 90, "texture": "#0"},
				"east": {"uv": [0, 0, 5, 0], "rotation": 270, "texture": "#0"},
				"south": {"uv": [0, 0, 14.5, 14.5], "rotation": 270, "texture": "#0"},
				"west": {"uv": [0, 0, 5, 0], "rotation": 270, "texture": "#0"},
				"up": {"uv": [0, 0, 0, 5], "rotation": 270, "texture": "#0"},
				"down": {"uv": [0, 0, 0, 5], "rotation": 270, "texture": "#0"}
			}
		},
		{
			"name": "1",
			"from": [6.48528, 10, 7.24264],
			"to": [6.48528, 15, 12.24264],
			"rotation": {"angle": 45, "axis": "y", "origin": [6.48528, 12.5, 9.74264]},
			"faces": {
				"north": {"uv": [0, 0, 0, 5], "texture": "#1"},
				"east": {"uv": [1.5, 1.5, 13, 13], "texture": "#1"},
				"south": {"uv": [0, 0, 0, 5], "texture": "#1"},
				"west": {"uv": [1.5, 1.5, 13, 13], "texture": "#1"},
				"up": {"uv": [0, 0, 0, 5], "rotation": 180, "texture": "#1"},
				"down": {"uv": [0, 0, 0, 5], "rotation": 180, "texture": "#1"}
			}
		},
		{
			"name": "1",
			"from": [3.98528, 10, 9.74264],
			"to": [8.98528, 15, 9.74264],
			"rotation": {"angle": 45, "axis": "y", "origin": [6.48528, 12.5, 9.74264]},
			"faces": {
				"north": {"uv": [1.5, 1.5, 13, 13], "texture": "#1"},
				"east": {"uv": [1.5, 1.5, 13, 13], "texture": "#1"},
				"south": {"uv": [1.5, 1.5, 13, 13], "texture": "#1"},
				"west": {"uv": [0, 0, 0, 5], "texture": "#1"},
				"up": {"uv": [0, 0, 0, 5], "rotation": 270, "texture": "#1"},
				"down": {"uv": [0, 0, 0, 5], "rotation": 90, "texture": "#1"}
			}
		},
		{
			"name": "1",
			"from": [3.98528, 10, 9.74264],
			"to": [8.98528, 15, 9.74264],
			"rotation": {"angle": -22.5, "axis": "y", "origin": [6.48528, 12.5, 9.74264]},
			"faces": {
				"north": {"uv": [1.5, 1.5, 13, 13], "texture": "#1"},
				"east": {"uv": [0, 0, 0, 5], "texture": "#1"},
				"south": {"uv": [1.5, 1.5, 13, 13], "texture": "#1"},
				"west": {"uv": [0, 0, 0, 5], "texture": "#1"},
				"up": {"uv": [0, 0, 0, 5], "rotation": 90, "texture": "#1"},
				"down": {"uv": [0, 0, 0, 5], "rotation": 270, "texture": "#1"}
			}
		},
		{
			"name": "1",
			"from": [6.48528, 10, 7.24264],
			"to": [6.48528, 15, 12.24264],
			"rotation": {"angle": -22.5, "axis": "y", "origin": [6.48528, 12.5, 9.74264]},
			"faces": {
				"north": {"uv": [1.5, 1.5, 13, 13], "texture": "#1"},
				"east": {"uv": [1.5, 1.5, 13, 13], "texture": "#1"},
				"south": {"uv": [0, 0, 0, 5], "texture": "#1"},
				"west": {"uv": [1.5, 1.5, 13, 13], "texture": "#1"},
				"up": {"uv": [0, 0, 0, 5], "rotation": 180, "texture": "#1"},
				"down": {"uv": [0, 0, 0, 5], "rotation": 180, "texture": "#1"}
			}
		},
		{
			"name": "1",
			"from": [3.98528, 10, 9.74264],
			"to": [8.98528, 15, 9.74264],
			"rotation": {"angle": 22.5, "axis": "y", "origin": [6.48528, 12.5, 9.74264]},
			"faces": {
				"north": {"uv": [1.5, 1.5, 13, 13], "texture": "#1"},
				"east": {"uv": [1.5, 1.5, 13, 13], "texture": "#1"},
				"south": {"uv": [1.5, 1.5, 13, 13], "texture": "#1"},
				"west": {"uv": [0, 0, 0, 5], "texture": "#1"},
				"up": {"uv": [0, 0, 0, 5], "rotation": 270, "texture": "#1"},
				"down": {"uv": [0, 0, 0, 5], "rotation": 90, "texture": "#1"}
			}
		},
		{
			"name": "1",
			"from": [6.48528, 10, 7.24264],
			"to": [6.48528, 15, 12.24264],
			"rotation": {"angle": 22.5, "axis": "y", "origin": [6.48528, 12.5, 9.74264]},
			"faces": {
				"north": {"uv": [0, 0, 0, 5], "texture": "#1"},
				"east": {"uv": [1.5, 1.5, 13, 13], "texture": "#1"},
				"south": {"uv": [0, 0, 0, 5], "texture": "#1"},
				"west": {"uv": [1.5, 1.5, 13, 13], "texture": "#1"},
				"up": {"uv": [0, 0, 0, 5], "rotation": 180, "texture": "#1"},
				"down": {"uv": [0, 0, 0, 5], "rotation": 180, "texture": "#1"}
			}
		},
		{
			"from": [9.31283, 12.45461, 4],
			"to": [9.81283, 12.70461, 4.25],
			"rotation": {"angle": -22.5, "axis": "y", "origin": [9.56283, 12.57961, 4.125]},
			"faces": {
				"north": {"uv": [8, 5.75, 0, 0], "texture": "#3"},
				"east": {"uv": [6, 6, 11.75, 11.75], "texture": "#3"},
				"south": {"uv": [0, 0, 8, 5.75], "texture": "#3"},
				"west": {"uv": [0, 6, 5.75, 11.75], "texture": "#3"},
				"up": {"uv": [8, 5.75, 0, 0], "rotation": 180, "texture": "#3"},
				"down": {"uv": [8, 0, 0, 5.75], "rotation": 180, "texture": "#3"}
			}
		},
		{
			"from": [6, 10, 4],
			"to": [6.5, 10.25, 4.25],
			"rotation": {"angle": 22.5, "axis": "z", "origin": [6.25, 10.125, 4.125]},
			"faces": {
				"north": {"uv": [0, 0, 8, 5.75], "texture": "#3"},
				"east": {"uv": [0, 6, 5.75, 11.75], "texture": "#3"},
				"south": {"uv": [8, 5.75, 0, 0], "texture": "#3"},
				"west": {"uv": [6, 6, 11.75, 11.75], "texture": "#3"},
				"up": {"uv": [8, 5.75, 0, 0], "texture": "#3"},
				"down": {"uv": [8, 0, 0, 5.75], "texture": "#3"}
			}
		},
		{
			"from": [5, 9.5, 5],
			"to": [5.5, 9.75, 5.25],
			"rotation": {"angle": -22.5, "axis": "y", "origin": [6.25, 10.125, 4.125]},
			"faces": {
				"north": {"uv": [8, 5.75, 0, 0], "texture": "#3"},
				"east": {"uv": [6, 6, 11.75, 11.75], "texture": "#3"},
				"south": {"uv": [0, 0, 8, 5.75], "texture": "#3"},
				"west": {"uv": [0, 6, 5.75, 11.75], "texture": "#3"},
				"up": {"uv": [8, 5.75, 0, 0], "rotation": 180, "texture": "#3"},
				"down": {"uv": [8, 0, 0, 5.75], "rotation": 180, "texture": "#3"}
			}
		},
		{
			"from": [6, 10, 10],
			"to": [6.5, 10.25, 10.25],
			"rotation": {"angle": -22.5, "axis": "z", "origin": [6.25, 10.125, 4.125]},
			"faces": {
				"north": {"uv": [0, 0, 8, 5.75], "texture": "#3"},
				"east": {"uv": [0, 6, 5.75, 11.75], "texture": "#3"},
				"south": {"uv": [8, 5.75, 0, 0], "texture": "#3"},
				"west": {"uv": [6, 6, 11.75, 11.75], "texture": "#3"},
				"up": {"uv": [8, 5.75, 0, 0], "texture": "#3"},
				"down": {"uv": [8, 0, 0, 5.75], "texture": "#3"}
			}
		}
	],
	"groups": [
		{
			"name": "D",
			"origin": [8.48528, 2.5, 6.74264],
			"children": [0, 1, 2, 3, 4, 5, 6, 7, 8, 9, 10, 11, 12, 13, 14, 15, 16, 17, 18, 19, 20, 21, 22, 23, 24, 25, 26, 27]
		}, 28, 29, 30, 31, 32, 33,
		{
			"name": "D",
			"origin": [8.48528, 2.5, 6.74264],
			"children": [34, 35, 36, 37, 38, 39, 40, 41, 42, 43, 44, 45, 46, 47, 48, 49, 50, 51, 52, 53, 54, 55, 56, 57, 58, 59]
		}, 60, 61, 62, 63]
}