{
	"credit": "Made with Blockbench",
	"ambientocclusion": false,
	"textures": {
		"0": "block/azure/gardenia",
		"2": "block/dandelion/bee",
		"particle": "block/azure/gardenia"
	},
	"elements": [
		{
			"from": [6, 7, 2],
			"to": [11, 7, 7],
			"rotation": {"angle": 22.5, "axis": "x", "origin": [8.5, 7, 7.5]},
			"faces": {
				"north": {"uv": [0, 0, 5, 0], "texture": "#missing"},
				"east": {"uv": [0, 0, 5, 0], "texture": "#missing"},
				"south": {"uv": [0, 0, 5, 0], "texture": "#missing"},
				"west": {"uv": [0, 0, 5, 0], "texture": "#missing"},
				"up": {"uv": [0, 0, 5, 5], "texture": "#0"},
				"down": {"uv": [5, 5, 0, 0], "texture": "#0"}
			}
		},
		{
			"from": [9, 7, 5],
			"to": [14, 7, 10],
			"rotation": {"angle": 22.5, "axis": "z", "origin": [8.5, 7, 7.5]},
			"faces": {
				"north": {"uv": [0, 0, 5, 0], "texture": "#0"},
				"east": {"uv": [0, 0, 5, 0], "texture": "#0"},
				"south": {"uv": [0, 0, 5, 0], "texture": "#0"},
				"west": {"uv": [0, 0, 5, 0], "texture": "#0"},
				"up": {"uv": [0, 0, 5, 5], "rotation": 90, "texture": "#0"},
				"down": {"uv": [5, 5, 0, 0], "rotation": 270, "texture": "#0"}
			}
		},
		{
			"from": [6, 7, 8],
			"to": [11, 7, 13],
			"rotation": {"angle": -22.5, "axis": "x", "origin": [8.5, 7, 7.5]},
			"faces": {
				"north": {"uv": [0, 0, 5, 0], "texture": "#0"},
				"east": {"uv": [0, 0, 5, 0], "texture": "#0"},
				"south": {"uv": [0, 0, 5, 0], "texture": "#0"},
				"west": {"uv": [0, 0, 5, 0], "texture": "#0"},
				"up": {"uv": [0, 0, 5, 5], "rotation": 180, "texture": "#0"},
				"down": {"uv": [5, 5, 0, 0], "rotation": 180, "texture": "#0"}
			}
		},
		{
			"from": [3, 7, 5],
			"to": [8, 7, 10],
			"rotation": {"angle": -22.5, "axis": "z", "origin": [8.5, 7, 7.5]},
			"faces": {
				"north": {"uv": [0, 0, 5, 0], "texture": "#0"},
				"east": {"uv": [0, 0, 5, 0], "texture": "#0"},
				"south": {"uv": [0, 0, 5, 0], "texture": "#0"},
				"west": {"uv": [0, 0, 5, 0], "texture": "#0"},
				"up": {"uv": [0, 0, 5, 5], "rotation": 270, "texture": "#0"},
				"down": {"uv": [5, 5, 0, 0], "rotation": 90, "texture": "#0"}
			}
		},
		{
			"from": [6, 7, 8],
			"to": [11, 7, 13],
			"rotation": {"angle": 45, "axis": "y", "origin": [8.5, 7, 7.5]},
			"faces": {
				"north": {"uv": [0, 0, 5, 0], "texture": "#0"},
				"east": {"uv": [0, 0, 5, 0], "texture": "#0"},
				"south": {"uv": [0, 0, 5, 0], "texture": "#0"},
				"west": {"uv": [0, 0, 5, 0], "texture": "#0"},
				"up": {"uv": [0, 0, 5, 5], "rotation": 180, "texture": "#0"},
				"down": {"uv": [5, 5, 0, 0], "rotation": 180, "texture": "#0"}
			}
		},
		{
			"from": [9, 7.1, 5],
			"to": [14, 7.1, 10],
			"rotation": {"angle": 45, "axis": "y", "origin": [8.5, 7, 7.5]},
			"faces": {
				"north": {"uv": [0, 0, 5, 0], "texture": "#0"},
				"east": {"uv": [0, 0, 5, 0], "texture": "#0"},
				"south": {"uv": [0, 0, 5, 0], "texture": "#0"},
				"west": {"uv": [0, 0, 5, 0], "texture": "#0"},
				"up": {"uv": [0, 0, 5, 5], "rotation": 90, "texture": "#0"},
				"down": {"uv": [5, 5, 0, 0], "rotation": 270, "texture": "#0"}
			}
		},
		{
			"from": [6, 7, 2],
			"to": [11, 7, 7],
			"rotation": {"angle": 45, "axis": "y", "origin": [8.5, 7, 7.5]},
			"faces": {
				"north": {"uv": [0, 0, 5, 0], "texture": "#0"},
				"east": {"uv": [0, 0, 5, 0], "texture": "#0"},
				"south": {"uv": [0, 0, 5, 0], "texture": "#0"},
				"west": {"uv": [0, 0, 5, 0], "texture": "#0"},
				"up": {"uv": [0, 0, 5, 5], "texture": "#0"},
				"down": {"uv": [5, 5, 0, 0], "texture": "#0"}
			}
		},
		{
			"from": [3, 7.1, 5],
			"to": [8, 7.1, 10],
			"rotation": {"angle": 45, "axis": "y", "origin": [8.5, 7, 7.5]},
			"faces": {
				"north": {"uv": [0, 0, 5, 0], "texture": "#0"},
				"east": {"uv": [0, 0, 5, 0], "texture": "#0"},
				"south": {"uv": [0, 0, 5, 0], "texture": "#0"},
				"west": {"uv": [0, 0, 5, 0], "texture": "#0"},
				"up": {"uv": [0, 0, 5, 5], "rotation": 270, "texture": "#0"},
				"down": {"uv": [5, 5, 0, 0], "rotation": 90, "texture": "#0"}
			}
		},
		{
			"from": [8, 7, 7],
			"to": [9, 8, 8],
			"rotation": {"angle": 0, "axis": "y", "origin": [8.5, 15, 9]},
			"faces": {
				"north": {"uv": [1, 0, 2, 1], "texture": "#0"},
				"east": {"uv": [1, 0, 2, 1], "texture": "#0"},
				"south": {"uv": [1, 0, 2, 1], "texture": "#0"},
				"west": {"uv": [1, 0, 2, 1], "texture": "#0"},
				"up": {"uv": [1, 0, 2, 1], "texture": "#0"},
				"down": {"uv": [1, 0, 2, 1], "texture": "#0"}
			}
		},
		{
			"from": [9, 0, 4],
			"to": [9, 7, 11],
			"rotation": {"angle": 0, "axis": "y", "origin": [9, 3.5, 7.5]},
			"faces": {
				"north": {"uv": [0, 0, 0, 7], "texture": "#missing"},
				"east": {"uv": [12, 0, 5, 7], "texture": "#0"},
				"south": {"uv": [0, 0, 0, 7], "texture": "#missing"},
				"west": {"uv": [5, 0, 12, 7], "texture": "#0"},
				"up": {"uv": [0, 0, 0, 7], "texture": "#missing"},
				"down": {"uv": [0, 0, 0, 7], "texture": "#missing"}
			}
		},
		{
			"from": [9, 0, 4],
			"to": [9, 7, 11],
			"rotation": {"angle": -45, "axis": "y", "origin": [9, 3.5, 7.5]},
			"faces": {
				"north": {"uv": [0, 0, 0, 7], "texture": "#0"},
				"east": {"uv": [12, 0, 5, 7], "texture": "#0"},
				"south": {"uv": [0, 0, 0, 7], "texture": "#0"},
				"west": {"uv": [5, 0, 12, 7], "texture": "#0"},
				"up": {"uv": [0, 0, 0, 7], "texture": "#0"},
				"down": {"uv": [0, 0, 0, 7], "texture": "#0"}
			}
		},
		{
			"from": [5.5, 0, 7.5],
			"to": [12.5, 7, 7.5],
			"rotation": {"angle": -45, "axis": "y", "origin": [9, 3.5, 7.5]},
			"faces": {
				"north": {"uv": [5, 0, 12, 7], "texture": "#0"},
				"east": {"uv": [0, 0, 0, 7], "texture": "#0"},
				"south": {"uv": [12, 0, 5, 7], "texture": "#0"},
				"west": {"uv": [0, 0, 0, 7], "texture": "#0"},
				"up": {"uv": [0, 0, 0, 7], "rotation": 90, "texture": "#0"},
				"down": {"uv": [0, 0, 0, 7], "rotation": 270, "texture": "#0"}
			}
		},
		{
			"from": [9.31283, 12.45461, 4],
			"to": [9.81283, 12.70461, 4.25],
			"rotation": {"angle": -22.5, "axis": "y", "origin": [9.56283, 12.57961, 4.125]},
			"faces": {
				"north": {"uv": [8, 5.75, 0, 0], "texture": "#2"},
				"east": {"uv": [6, 6, 11.75, 11.75], "texture": "#2"},
				"south": {"uv": [0, 0, 8, 5.75], "texture": "#2"},
				"west": {"uv": [0, 6, 5.75, 11.75], "texture": "#2"},
				"up": {"uv": [8, 5.75, 0, 0], "rotation": 180, "texture": "#2"},
				"down": {"uv": [8, 0, 0, 5.75], "rotation": 180, "texture": "#2"}
			}
		},
		{
			"from": [6, 10, 4],
			"to": [6.5, 10.25, 4.25],
			"rotation": {"angle": 22.5, "axis": "z", "origin": [6.25, 10.125, 4.125]},
			"faces": {
				"north": {"uv": [0, 0, 8, 5.75], "texture": "#2"},
				"east": {"uv": [0, 6, 5.75, 11.75], "texture": "#2"},
				"south": {"uv": [8, 5.75, 0, 0], "texture": "#2"},
				"west": {"uv": [6, 6, 11.75, 11.75], "texture": "#2"},
				"up": {"uv": [8, 5.75, 0, 0], "texture": "#2"},
				"down": {"uv": [8, 0, 0, 5.75], "texture": "#2"}
			}
		},
		{
			"from": [5, 9.5, 5],
			"to": [5.5, 9.75, 5.25],
			"rotation": {"angle": -22.5, "axis": "y", "origin": [6.25, 10.125, 4.125]},
			"faces": {
				"north": {"uv": [8, 5.75, 0, 0], "texture": "#2"},
				"east": {"uv": [6, 6, 11.75, 11.75], "texture": "#2"},
				"south": {"uv": [0, 0, 8, 5.75], "texture": "#2"},
				"west": {"uv": [0, 6, 5.75, 11.75], "texture": "#2"},
				"up": {"uv": [8, 5.75, 0, 0], "rotation": 180, "texture": "#2"},
				"down": {"uv": [8, 0, 0, 5.75], "rotation": 180, "texture": "#2"}
			}
		},
		{
			"from": [6, 10, 10],
			"to": [6.5, 10.25, 10.25],
			"rotation": {"angle": -22.5, "axis": "z", "origin": [6.25, 10.125, 4.125]},
			"faces": {
				"north": {"uv": [0, 0, 8, 5.75], "texture": "#2"},
				"east": {"uv": [0, 6, 5.75, 11.75], "texture": "#2"},
				"south": {"uv": [8, 5.75, 0, 0], "texture": "#2"},
				"west": {"uv": [6, 6, 11.75, 11.75], "texture": "#2"},
				"up": {"uv": [8, 5.75, 0, 0], "texture": "#2"},
				"down": {"uv": [8, 0, 0, 5.75], "texture": "#2"}
			}
		}
	],
	"groups": [
		{
			"name": "1",
			"origin": [8, 8, 8],
			"children": [0, 1, 2, 3, 4, 5, 6, 7, 8]
		}, 9, 10, 11, 12, 13, 14, 15]
}