{
	"credit": "Made with Blockbench",
	"ambientocclusion": false,
	"textures": {
		"0": "block/lily/lily",
		"1": "block/dandelion/bee",
		"particle": "block/lily/lily"
	},
	"elements": [
		{
			"from": [7, 0, 7],
			"to": [7, 9, 12],
			"rotation": {"angle": 0, "axis": "y", "origin": [1, 4.5, 0.5]},
			"faces": {
				"north": {"uv": [0, 0, 0, 9], "texture": "#missing"},
				"east": {"uv": [10, 0, 5, 9], "texture": "#0"},
				"south": {"uv": [0, 0, 0, 9], "texture": "#missing"},
				"west": {"uv": [5, 0, 10, 9], "texture": "#0"},
				"up": {"uv": [0, 0, 0, 5], "texture": "#missing"},
				"down": {"uv": [0, 0, 0, 5], "texture": "#missing"}
			}
		},
		{
			"from": [1.5, 0, 6.5],
			"to": [6.5, 9, 6.5],
			"rotation": {"angle": 0, "axis": "y", "origin": [7, 3.5, 6.5]},
			"faces": {
				"north": {"uv": [5, 0, 10, 9], "texture": "#0"},
				"east": {"uv": [0, 0, 0, 9], "texture": "#0"},
				"south": {"uv": [10, 0, 5, 9], "texture": "#0"},
				"west": {"uv": [0, 0, 0, 9], "texture": "#0"},
				"up": {"uv": [0, 0, 0, 5], "rotation": 90, "texture": "#0"},
				"down": {"uv": [0, 0, 0, 5], "rotation": 270, "texture": "#0"}
			}
		},
		{
			"from": [7, 0, 1],
			"to": [7, 9, 6],
			"rotation": {"angle": -22.5, "axis": "x", "origin": [7, 3.5, 6.5]},
			"faces": {
				"north": {"uv": [0, 0, 0, 9], "texture": "#missing"},
				"east": {"uv": [5, 0, 10, 9], "texture": "#0"},
				"south": {"uv": [0, 0, 0, 9], "texture": "#missing"},
				"west": {"uv": [10, 0, 5, 9], "texture": "#0"},
				"up": {"uv": [0, 0, 0, 5], "rotation": 180, "texture": "#missing"},
				"down": {"uv": [0, 0, 0, 5], "rotation": 180, "texture": "#missing"}
			}
		},
		{
			"from": [7, 0, 1],
			"to": [7, 9, 6],
			"rotation": {"angle": -45, "axis": "y", "origin": [7, 3.5, 6.5]},
			"faces": {
				"north": {"uv": [0, 0, 0, 9], "texture": "#0"},
				"east": {"uv": [5, 0, 10, 9], "texture": "#0"},
				"south": {"uv": [0, 0, 0, 9], "texture": "#0"},
				"west": {"uv": [10, 0, 5, 9], "texture": "#0"},
				"up": {"uv": [0, 0, 0, 5], "rotation": 180, "texture": "#0"},
				"down": {"uv": [0, 0, 0, 5], "rotation": 180, "texture": "#0"}
			}
		},
		{
			"from": [8.5, 0, 6.5],
			"to": [13.5, 9, 6.5],
			"rotation": {"angle": -22.5, "axis": "z", "origin": [7, 3.5, 6.5]},
			"faces": {
				"north": {"uv": [10, 0, 5, 9], "texture": "#0"},
				"east": {"uv": [0, 0, 0, 9], "texture": "#0"},
				"south": {"uv": [5, 0, 10, 9], "texture": "#0"},
				"west": {"uv": [0, 0, 0, 9], "texture": "#0"},
				"up": {"uv": [0, 0, 0, 5], "rotation": 270, "texture": "#0"},
				"down": {"uv": [0, 0, 0, 5], "rotation": 90, "texture": "#0"}
			}
		},
		{
			"from": [7, 0, 6],
			"to": [8, 9, 7],
			"rotation": {"angle": 0, "axis": "y", "origin": [8, 8, 6]},
			"faces": {
				"north": {"uv": [0, 0, 1, 9], "texture": "#0"},
				"east": {"uv": [0, 0, 1, 9], "texture": "#0"},
				"south": {"uv": [0, 0, 1, 9], "texture": "#0"},
				"west": {"uv": [0, 0, 1, 9], "texture": "#0"},
				"up": {"uv": [0, 0, 1, 1], "texture": "#0"},
				"down": {"uv": [0, 0, 1, 1], "texture": "#0"}
			}
		},
		{
			"from": [8, 9, 6],
			"to": [8, 15, 7],
			"rotation": {"angle": -22.5, "axis": "z", "origin": [7, 9, 6]},
			"faces": {
				"north": {"uv": [0, 0, 0, 5], "texture": "#0"},
				"east": {"uv": [0, 0, 1, 5], "texture": "#0"},
				"south": {"uv": [0, 0, 0, 5], "texture": "#0"},
				"west": {"uv": [0, 0, 1, 5], "texture": "#0"},
				"up": {"uv": [0, 0, 0, 1], "texture": "#0"},
				"down": {"uv": [0, 0, 0, 1], "texture": "#0"}
			}
		},
		{
			"from": [1, 9, 6],
			"to": [7, 9, 7],
			"rotation": {"angle": -22.5, "axis": "z", "origin": [7, 9, 6]},
			"faces": {
				"north": {"uv": [0, 0, 0, 5], "rotation": 90, "texture": "#0"},
				"east": {"uv": [0, 0, 0, 1], "rotation": 270, "texture": "#0"},
				"south": {"uv": [0, 0, 0, 5], "rotation": 270, "texture": "#0"},
				"west": {"uv": [0, 0, 0, 1], "rotation": 270, "texture": "#0"},
				"up": {"uv": [0, 0, 1, 5], "rotation": 270, "texture": "#0"},
				"down": {"uv": [0, 0, 1, 5], "rotation": 270, "texture": "#0"}
			}
		},
		{
			"from": [10, 14, 0],
			"to": [12, 14, 6],
			"rotation": {"angle": 0, "axis": "y", "origin": [11, 14, 6]},
			"faces": {
				"north": {"uv": [0, 0, 3, 0], "texture": "#0"},
				"east": {"uv": [0, 0, 7, 0], "texture": "#0"},
				"south": {"uv": [0, 0, 3, 0], "texture": "#0"},
				"west": {"uv": [0, 0, 7, 0], "texture": "#0"},
				"up": {"uv": [1, 0, 4, 9], "texture": "#0"},
				"down": {"uv": [1, 9, 4, 0], "texture": "#0"}
			}
		},
		{
			"from": [10, 14, 0],
			"to": [12, 14, 6],
			"rotation": {"angle": 22.5, "axis": "x", "origin": [11, 14, 6]},
			"faces": {
				"north": {"uv": [0, 0, 3, 0], "texture": "#0"},
				"east": {"uv": [0, 0, 7, 0], "texture": "#0"},
				"south": {"uv": [0, 0, 3, 0], "texture": "#0"},
				"west": {"uv": [0, 0, 7, 0], "texture": "#0"},
				"up": {"uv": [1, 0, 4, 9], "texture": "#0"},
				"down": {"uv": [1, 9, 4, 0], "texture": "#0"}
			}
		},
		{
			"from": [11, 14, 5],
			"to": [17, 14, 7],
			"rotation": {"angle": -45, "axis": "y", "origin": [11, 14, 6]},
			"faces": {
				"north": {"uv": [0, 0, 7, 0], "texture": "#0"},
				"east": {"uv": [0, 0, 3, 0], "texture": "#0"},
				"south": {"uv": [0, 0, 7, 0], "texture": "#0"},
				"west": {"uv": [0, 0, 3, 0], "texture": "#0"},
				"up": {"uv": [1, 0, 4, 9], "rotation": 90, "texture": "#0"},
				"down": {"uv": [1, 9, 4, 0], "rotation": 270, "texture": "#0"}
			}
		},
		{
			"from": [5, 14, 5],
			"to": [11, 14, 7],
			"rotation": {"angle": 22.5, "axis": "y", "origin": [11, 14, 6]},
			"faces": {
				"north": {"uv": [0, 0, 7, 0], "texture": "#0"},
				"east": {"uv": [0, 0, 3, 0], "texture": "#0"},
				"south": {"uv": [0, 0, 7, 0], "texture": "#0"},
				"west": {"uv": [0, 0, 3, 0], "texture": "#0"},
				"up": {"uv": [1, 0, 4, 9], "rotation": 270, "texture": "#0"},
				"down": {"uv": [1, 9, 4, 0], "rotation": 90, "texture": "#0"}
			}
		},
		{
			"from": [10, 14, 6],
			"to": [12, 14, 12],
			"rotation": {"angle": 0, "axis": "y", "origin": [11, 14, 6]},
			"faces": {
				"north": {"uv": [0, 0, 3, 0], "texture": "#0"},
				"east": {"uv": [0, 0, 7, 0], "texture": "#0"},
				"south": {"uv": [0, 0, 3, 0], "texture": "#0"},
				"west": {"uv": [0, 0, 7, 0], "texture": "#0"},
				"up": {"uv": [1, 0, 4, 9], "rotation": 180, "texture": "#0"},
				"down": {"uv": [1, 9, 4, 0], "rotation": 180, "texture": "#0"}
			}
		},
		{
			"from": [10, 14, 6],
			"to": [12, 14, 12],
			"rotation": {"angle": -22.5, "axis": "x", "origin": [11, 14, 6]},
			"faces": {
				"north": {"uv": [0, 0, 3, 0], "texture": "#0"},
				"east": {"uv": [0, 0, 7, 0], "texture": "#0"},
				"south": {"uv": [0, 0, 3, 0], "texture": "#0"},
				"west": {"uv": [0, 0, 7, 0], "texture": "#0"},
				"up": {"uv": [1, 0, 4, 9], "rotation": 180, "texture": "#0"},
				"down": {"uv": [1, 9, 4, 0], "rotation": 180, "texture": "#0"}
			}
		},
		{
			"from": [11, 14, 5],
			"to": [17, 14, 7],
			"rotation": {"angle": 22.5, "axis": "y", "origin": [11, 14, 6]},
			"faces": {
				"north": {"uv": [0, 0, 7, 0], "texture": "#0"},
				"east": {"uv": [0, 0, 3, 0], "texture": "#0"},
				"south": {"uv": [0, 0, 7, 0], "texture": "#0"},
				"west": {"uv": [0, 0, 3, 0], "texture": "#0"},
				"up": {"uv": [1, 0, 4, 9], "rotation": 90, "texture": "#0"},
				"down": {"uv": [1, 9, 4, 0], "rotation": 270, "texture": "#0"}
			}
		},
		{
			"from": [11, 14, 5],
			"to": [17, 14, 7],
			"rotation": {"angle": 22.5, "axis": "z", "origin": [11, 14, 6]},
			"faces": {
				"north": {"uv": [0, 0, 7, 0], "texture": "#0"},
				"east": {"uv": [0, 0, 3, 0], "texture": "#0"},
				"south": {"uv": [0, 0, 7, 0], "texture": "#0"},
				"west": {"uv": [0, 0, 3, 0], "texture": "#0"},
				"up": {"uv": [1, 0, 4, 9], "rotation": 90, "texture": "#0"},
				"down": {"uv": [1, 9, 4, 0], "rotation": 270, "texture": "#0"}
			}
		},
		{
			"from": [10, 14, 0],
			"to": [12, 14, 6],
			"rotation": {"angle": 45, "axis": "y", "origin": [11, 14, 6]},
			"faces": {
				"north": {"uv": [0, 0, 3, 0], "texture": "#0"},
				"east": {"uv": [0, 0, 7, 0], "texture": "#0"},
				"south": {"uv": [0, 0, 3, 0], "texture": "#0"},
				"west": {"uv": [0, 0, 7, 0], "texture": "#0"},
				"up": {"uv": [1, 0, 4, 9], "texture": "#0"},
				"down": {"uv": [1, 9, 4, 0], "texture": "#0"}
			}
		},
		{
			"from": [5, 14, 5],
			"to": [11, 14, 7],
			"rotation": {"angle": -22.5, "axis": "z", "origin": [11, 14, 6]},
			"faces": {
				"north": {"uv": [0, 0, 7, 0], "texture": "#0"},
				"east": {"uv": [0, 0, 3, 0], "texture": "#0"},
				"south": {"uv": [0, 0, 7, 0], "texture": "#0"},
				"west": {"uv": [0, 0, 3, 0], "texture": "#0"},
				"up": {"uv": [1, 0, 4, 9], "rotation": 270, "texture": "#0"},
				"down": {"uv": [1, 9, 4, 0], "rotation": 90, "texture": "#0"}
			}
		},
		{
			"from": [9, 14, 6],
			"to": [12, 17, 6],
			"rotation": {"angle": 22.5, "axis": "y", "origin": [10.5, 15.5, 6]},
			"faces": {
				"north": {"uv": [11, 1, 16, 9], "texture": "#0"},
				"east": {"uv": [0, 0, 0, 3], "texture": "#0"},
				"south": {"uv": [11, 1, 16, 9], "texture": "#0"},
				"west": {"uv": [0, 0, 0, 3], "texture": "#0"},
				"up": {"uv": [0, 0, 3, 0], "texture": "#0"},
				"down": {"uv": [0, 0, 3, 0], "texture": "#0"}
			}
		},
		{
			"from": [10.5, 14, 4.5],
			"to": [10.5, 17, 7.5],
			"rotation": {"angle": 22.5, "axis": "y", "origin": [10.5, 15.5, 6]},
			"faces": {
				"north": {"uv": [0, 0, 0, 3], "texture": "#0"},
				"east": {"uv": [11, 1, 16, 9], "texture": "#0"},
				"south": {"uv": [0, 0, 0, 3], "texture": "#0"},
				"west": {"uv": [11, 1, 16, 9], "texture": "#0"},
				"up": {"uv": [0, 0, 3, 0], "rotation": 90, "texture": "#0"},
				"down": {"uv": [0, 0, 3, 0], "rotation": 270, "texture": "#0"}
			}
		},
		{
			"from": [1, 11, 2],
			"to": [3, 11, 7.5],
			"rotation": {"angle": 0, "axis": "y", "origin": [2, 11, 8]},
			"faces": {
				"north": {"uv": [0, 0, 3, 0], "texture": "#0"},
				"east": {"uv": [0, 0, 7, 0], "texture": "#0"},
				"south": {"uv": [0, 0, 3, 0], "texture": "#0"},
				"west": {"uv": [0, 0, 7, 0], "texture": "#0"},
				"up": {"uv": [1, 0, 4, 9], "texture": "#0"},
				"down": {"uv": [1, 9, 4, 0], "texture": "#0"}
			}
		},
		{
			"from": [1, 11, 2],
			"to": [3, 11, 7.5],
			"rotation": {"angle": 22.5, "axis": "x", "origin": [2, 11, 8]},
			"faces": {
				"north": {"uv": [0, 0, 3, 0], "texture": "#0"},
				"east": {"uv": [0, 0, 7, 0], "texture": "#0"},
				"south": {"uv": [0, 0, 3, 0], "texture": "#0"},
				"west": {"uv": [0, 0, 7, 0], "texture": "#0"},
				"up": {"uv": [1, 0, 4, 9], "texture": "#0"},
				"down": {"uv": [1, 9, 4, 0], "texture": "#0"}
			}
		},
		{
			"from": [2, 11, 7],
			"to": [8, 11, 8.5],
			"rotation": {"angle": -45, "axis": "y", "origin": [2, 11, 8]},
			"faces": {
				"north": {"uv": [0, 0, 7, 0], "texture": "#0"},
				"east": {"uv": [0, 0, 3, 0], "texture": "#0"},
				"south": {"uv": [0, 0, 7, 0], "texture": "#0"},
				"west": {"uv": [0, 0, 3, 0], "texture": "#0"},
				"up": {"uv": [1, 0, 4, 9], "rotation": 90, "texture": "#0"},
				"down": {"uv": [1, 9, 4, 0], "rotation": 270, "texture": "#0"}
			}
		},
		{
			"from": [-4, 11, 7],
			"to": [2, 11, 8.5],
			"rotation": {"angle": 22.5, "axis": "y", "origin": [2, 11, 8]},
			"faces": {
				"north": {"uv": [0, 0, 7, 0], "texture": "#0"},
				"east": {"uv": [0, 0, 3, 0], "texture": "#0"},
				"south": {"uv": [0, 0, 7, 0], "texture": "#0"},
				"west": {"uv": [0, 0, 3, 0], "texture": "#0"},
				"up": {"uv": [1, 0, 4, 9], "rotation": 270, "texture": "#0"},
				"down": {"uv": [1, 9, 4, 0], "rotation": 90, "texture": "#0"}
			}
		},
		{
			"from": [1, 11, 8],
			"to": [3, 11, 13.5],
			"rotation": {"angle": 0, "axis": "y", "origin": [2, 11, 8]},
			"faces": {
				"north": {"uv": [0, 0, 3, 0], "texture": "#0"},
				"east": {"uv": [0, 0, 7, 0], "texture": "#0"},
				"south": {"uv": [0, 0, 3, 0], "texture": "#0"},
				"west": {"uv": [0, 0, 7, 0], "texture": "#0"},
				"up": {"uv": [1, 0, 4, 9], "rotation": 180, "texture": "#0"},
				"down": {"uv": [1, 9, 4, 0], "rotation": 180, "texture": "#0"}
			}
		},
		{
			"from": [1, 11, 8],
			"to": [3, 11, 13.5],
			"rotation": {"angle": -22.5, "axis": "x", "origin": [2, 11, 8]},
			"faces": {
				"north": {"uv": [0, 0, 3, 0], "texture": "#0"},
				"east": {"uv": [0, 0, 7, 0], "texture": "#0"},
				"south": {"uv": [0, 0, 3, 0], "texture": "#0"},
				"west": {"uv": [0, 0, 7, 0], "texture": "#0"},
				"up": {"uv": [1, 0, 4, 9], "rotation": 180, "texture": "#0"},
				"down": {"uv": [1, 9, 4, 0], "rotation": 180, "texture": "#0"}
			}
		},
		{
			"from": [2, 11, 7],
			"to": [8, 11, 8.5],
			"rotation": {"angle": 22.5, "axis": "y", "origin": [2, 11, 8]},
			"faces": {
				"north": {"uv": [0, 0, 7, 0], "texture": "#0"},
				"east": {"uv": [0, 0, 3, 0], "texture": "#0"},
				"south": {"uv": [0, 0, 7, 0], "texture": "#0"},
				"west": {"uv": [0, 0, 3, 0], "texture": "#0"},
				"up": {"uv": [1, 0, 4, 9], "rotation": 90, "texture": "#0"},
				"down": {"uv": [1, 9, 4, 0], "rotation": 270, "texture": "#0"}
			}
		},
		{
			"from": [2, 11, 7],
			"to": [8, 11, 8.5],
			"rotation": {"angle": 22.5, "axis": "z", "origin": [2, 11, 8]},
			"faces": {
				"north": {"uv": [0, 0, 7, 0], "texture": "#0"},
				"east": {"uv": [0, 0, 3, 0], "texture": "#0"},
				"south": {"uv": [0, 0, 7, 0], "texture": "#0"},
				"west": {"uv": [0, 0, 3, 0], "texture": "#0"},
				"up": {"uv": [1, 0, 4, 9], "rotation": 90, "texture": "#0"},
				"down": {"uv": [1, 9, 4, 0], "rotation": 270, "texture": "#0"}
			}
		},
		{
			"from": [1, 11, 2],
			"to": [3, 11, 7.5],
			"rotation": {"angle": 45, "axis": "y", "origin": [2, 11, 8]},
			"faces": {
				"north": {"uv": [0, 0, 3, 0], "texture": "#0"},
				"east": {"uv": [0, 0, 7, 0], "texture": "#0"},
				"south": {"uv": [0, 0, 3, 0], "texture": "#0"},
				"west": {"uv": [0, 0, 7, 0], "texture": "#0"},
				"up": {"uv": [1, 0, 4, 9], "texture": "#0"},
				"down": {"uv": [1, 9, 4, 0], "texture": "#0"}
			}
		},
		{
			"from": [-4, 11, 7],
			"to": [2, 11, 8.5],
			"rotation": {"angle": -22.5, "axis": "z", "origin": [2, 11, 8]},
			"faces": {
				"north": {"uv": [0, 0, 7, 0], "texture": "#0"},
				"east": {"uv": [0, 0, 3, 0], "texture": "#0"},
				"south": {"uv": [0, 0, 7, 0], "texture": "#0"},
				"west": {"uv": [0, 0, 3, 0], "texture": "#0"},
				"up": {"uv": [1, 0, 4, 9], "rotation": 270, "texture": "#0"},
				"down": {"uv": [1, 9, 4, 0], "rotation": 90, "texture": "#0"}
			}
		},
		{
			"from": [0, 11, 8],
			"to": [3, 14, 8],
			"rotation": {"angle": 22.5, "axis": "y", "origin": [1.5, 12.5, 8]},
			"faces": {
				"north": {"uv": [11, 1, 16, 9], "texture": "#0"},
				"east": {"uv": [0, 0, 0, 3], "texture": "#0"},
				"south": {"uv": [11, 1, 16, 9], "texture": "#0"},
				"west": {"uv": [0, 0, 0, 3], "texture": "#0"},
				"up": {"uv": [0, 0, 3, 0], "texture": "#0"},
				"down": {"uv": [0, 0, 3, 0], "texture": "#0"}
			}
		},
		{
			"from": [1.5, 11, 6.5],
			"to": [1.5, 14, 9],
			"rotation": {"angle": 22.5, "axis": "y", "origin": [1.5, 12.5, 8]},
			"faces": {
				"north": {"uv": [0, 0, 0, 3], "texture": "#0"},
				"east": {"uv": [11, 1, 16, 9], "texture": "#0"},
				"south": {"uv": [0, 0, 0, 3], "texture": "#0"},
				"west": {"uv": [11, 1, 16, 9], "texture": "#0"},
				"up": {"uv": [0, 0, 3, 0], "rotation": 90, "texture": "#0"},
				"down": {"uv": [0, 0, 3, 0], "rotation": 270, "texture": "#0"}
			}
		},
		{
			"from": [8, 8, 7],
			"to": [11, 8, 12],
			"rotation": {"angle": 22.5, "axis": "x", "origin": [9.5, 8, 12.5]},
			"faces": {
				"north": {"uv": [0, 0, 3, 0], "texture": "#0"},
				"east": {"uv": [0, 0, 5, 0], "texture": "#0"},
				"south": {"uv": [0, 0, 3, 0], "texture": "#0"},
				"west": {"uv": [0, 0, 5, 0], "texture": "#0"},
				"up": {"uv": [8, 9, 11, 14], "texture": "#0"},
				"down": {"uv": [8, 14, 11, 9], "rotation": 90, "texture": "#0"}
			}
		},
		{
			"from": [10, 8, 11],
			"to": [15, 8, 14],
			"rotation": {"angle": 22.5, "axis": "z", "origin": [9.5, 8, 12.5]},
			"faces": {
				"north": {"uv": [0, 0, 5, 0], "texture": "#0"},
				"east": {"uv": [0, 0, 3, 0], "texture": "#0"},
				"south": {"uv": [0, 0, 5, 0], "texture": "#0"},
				"west": {"uv": [0, 0, 3, 0], "texture": "#0"},
				"up": {"uv": [8, 9, 11, 14], "rotation": 90, "texture": "#0"},
				"down": {"uv": [8, 14, 11, 9], "rotation": 90, "texture": "#0"}
			}
		},
		{
			"from": [8, 8, 13],
			"to": [11, 8, 18],
			"rotation": {"angle": -22.5, "axis": "x", "origin": [9.5, 8, 12.5]},
			"faces": {
				"north": {"uv": [0, 0, 3, 0], "texture": "#0"},
				"east": {"uv": [0, 0, 5, 0], "texture": "#0"},
				"south": {"uv": [0, 0, 3, 0], "texture": "#0"},
				"west": {"uv": [0, 0, 5, 0], "texture": "#0"},
				"up": {"uv": [8, 9, 11, 14], "rotation": 180, "texture": "#0"},
				"down": {"uv": [8, 14, 11, 9], "rotation": 90, "texture": "#0"}
			}
		},
		{
			"from": [4, 8, 11],
			"to": [9, 8, 14],
			"rotation": {"angle": -22.5, "axis": "z", "origin": [9.5, 8, 12.5]},
			"faces": {
				"north": {"uv": [0, 0, 5, 0], "texture": "#0"},
				"east": {"uv": [0, 0, 3, 0], "texture": "#0"},
				"south": {"uv": [0, 0, 5, 0], "texture": "#0"},
				"west": {"uv": [0, 0, 3, 0], "texture": "#0"},
				"up": {"uv": [8, 9, 11, 14], "rotation": 270, "texture": "#0"},
				"down": {"uv": [8, 14, 11, 9], "rotation": 90, "texture": "#0"}
			}
		},
		{
			"from": [9, 8, 12],
			"to": [10, 9, 13],
			"rotation": {"angle": 0, "axis": "y", "origin": [16, 16, 15]},
			"faces": {
				"north": {"uv": [12, 2, 13, 3], "texture": "#0"},
				"east": {"uv": [12, 2, 13, 3], "texture": "#0"},
				"south": {"uv": [12, 2, 13, 3], "texture": "#0"},
				"west": {"uv": [12, 2, 13, 3], "texture": "#0"},
				"up": {"uv": [12, 2, 13, 3], "texture": "#0"},
				"down": {"uv": [12, 2, 13, 3], "texture": "#0"}
			}
		},
		{
			"from": [9, 3, 10],
			"to": [9, 13, 11],
			"rotation": {"angle": 45, "axis": "x", "origin": [8, 8, 6]},
			"faces": {
				"north": {"uv": [0, 0, 0, 10], "texture": "#missing"},
				"east": {"uv": [0, 0, 1, 9], "texture": "#0"},
				"south": {"uv": [0, 0, 0, 10], "texture": "#missing"},
				"west": {"uv": [0, 0, 1, 9], "texture": "#0"},
				"up": {"uv": [0, 0, 0, 1], "texture": "#missing"},
				"down": {"uv": [0, 0, 0, 1], "texture": "#missing"}
			}
		},
		{
			"from": [9.31283, 12.45461, 4],
			"to": [9.81283, 12.70461, 4.25],
			"rotation": {"angle": -22.5, "axis": "y", "origin": [9.56283, 12.57961, 4.125]},
			"faces": {
				"north": {"uv": [8, 5.75, 0, 0], "texture": "#1"},
				"east": {"uv": [6, 6, 11.75, 11.75], "texture": "#1"},
				"south": {"uv": [0, 0, 8, 5.75], "texture": "#1"},
				"west": {"uv": [0, 6, 5.75, 11.75], "texture": "#1"},
				"up": {"uv": [8, 5.75, 0, 0], "rotation": 180, "texture": "#1"},
				"down": {"uv": [8, 0, 0, 5.75], "rotation": 180, "texture": "#1"}
			}
		},
		{
			"from": [6, 10, 4],
			"to": [6.5, 10.25, 4.25],
			"rotation": {"angle": 22.5, "axis": "z", "origin": [6.25, 10.125, 4.125]},
			"faces": {
				"north": {"uv": [0, 0, 8, 5.75], "texture": "#1"},
				"east": {"uv": [0, 6, 5.75, 11.75], "texture": "#1"},
				"south": {"uv": [8, 5.75, 0, 0], "texture": "#1"},
				"west": {"uv": [6, 6, 11.75, 11.75], "texture": "#1"},
				"up": {"uv": [8, 5.75, 0, 0], "texture": "#1"},
				"down": {"uv": [8, 0, 0, 5.75], "texture": "#1"}
			}
		},
		{
			"from": [5, 9.5, 5],
			"to": [5.5, 9.75, 5.25],
			"rotation": {"angle": -22.5, "axis": "y", "origin": [6.25, 10.125, 4.125]},
			"faces": {
				"north": {"uv": [8, 5.75, 0, 0], "texture": "#1"},
				"east": {"uv": [6, 6, 11.75, 11.75], "texture": "#1"},
				"south": {"uv": [0, 0, 8, 5.75], "texture": "#1"},
				"west": {"uv": [0, 6, 5.75, 11.75], "texture": "#1"},
				"up": {"uv": [8, 5.75, 0, 0], "rotation": 180, "texture": "#1"},
				"down": {"uv": [8, 0, 0, 5.75], "rotation": 180, "texture": "#1"}
			}
		},
		{
			"from": [6, 10, 10],
			"to": [6.5, 10.25, 10.25],
			"rotation": {"angle": -22.5, "axis": "z", "origin": [6.25, 10.125, 4.125]},
			"faces": {
				"north": {"uv": [0, 0, 8, 5.75], "texture": "#1"},
				"east": {"uv": [0, 6, 5.75, 11.75], "texture": "#1"},
				"south": {"uv": [8, 5.75, 0, 0], "texture": "#1"},
				"west": {"uv": [6, 6, 11.75, 11.75], "texture": "#1"},
				"up": {"uv": [8, 5.75, 0, 0], "texture": "#1"},
				"down": {"uv": [8, 0, 0, 5.75], "texture": "#1"}
			}
		}
	],
	"groups": [
		{
			"name": "1",
			"origin": [7, 9, 8],
			"children": [0, 1, 2, 3, 4, 5, 6, 7]
		},
		{
			"name": "2",
			"origin": [9.5, 1.5, 8],
			"children": [8, 9, 10, 11, 12, 13, 14, 15, 16, 17, 18, 19,
				{
					"name": "2",
					"origin": [9.5, 1.5, 8],
					"children": [20, 21, 22, 23, 24, 25, 26, 27, 28, 29, 30, 31]
				}
			]
		}, 32, 33, 34, 35, 36, 37, 38, 39, 40, 41]
}