{
	"credit": "Made with Blockbench",
	"ambientocclusion": false,
	"textures": {
		"0": "block/azure/luculia",
		"1": "block/dandelion/bee",
		"particle": "block/azure/luculia"
	},
	"elements": [
		{
			"from": [8, 0, 6],
			"to": [8, 11, 10],
			"rotation": {"angle": 22.5, "axis": "y", "origin": [8, 4.5, 8]},
			"faces": {
				"north": {"uv": [0, 0, 0, 9], "texture": "#missing"},
				"east": {"uv": [4, 0, 0, 9], "texture": "#0"},
				"south": {"uv": [0, 0, 0, 9], "texture": "#missing"},
				"west": {"uv": [0, 0, 4, 9], "texture": "#0"},
				"up": {"uv": [0, 0, 4, 0], "rotation": 270, "texture": "#missing"},
				"down": {"uv": [0, 0, 4, 0], "rotation": 90, "texture": "#missing"}
			}
		},
		{
			"from": [6, 0, 8],
			"to": [10, 9, 8],
			"rotation": {"angle": 45, "axis": "y", "origin": [8, 4.5, 8]},
			"faces": {
				"north": {"uv": [4, 0, 0, 9], "texture": "#0"},
				"east": {"uv": [0, 0, 0, 9], "texture": "#0"},
				"south": {"uv": [0, 0, 4, 9], "texture": "#0"},
				"west": {"uv": [0, 0, 0, 9], "texture": "#0"},
				"up": {"uv": [0, 0, 4, 0], "texture": "#0"},
				"down": {"uv": [0, 0, 4, 0], "texture": "#0"}
			}
		},
		{
			"from": [6, 0, 8],
			"to": [10, 9, 8],
			"rotation": {"angle": 0, "axis": "y", "origin": [8, 4.5, 8]},
			"faces": {
				"north": {"uv": [4, 0, 0, 9], "texture": "#0"},
				"east": {"uv": [0, 0, 0, 9], "texture": "#0"},
				"south": {"uv": [0, 0, 4, 9], "texture": "#0"},
				"west": {"uv": [0, 0, 0, 9], "texture": "#0"},
				"up": {"uv": [0, 0, 4, 0], "rotation": 180, "texture": "#0"},
				"down": {"uv": [0, 0, 4, 0], "rotation": 180, "texture": "#0"}
			}
		},
		{
			"from": [8.5, 7, 6.5],
			"to": [8.5, 10, 11.5],
			"rotation": {"angle": 45, "axis": "y", "origin": [7.5, 8.5, 8]},
			"faces": {
				"north": {"uv": [0, 0, 0, 3], "texture": "#0"},
				"east": {"uv": [7, 4, 2, 7], "texture": "#0"},
				"south": {"uv": [0, 0, 0, 3], "texture": "#0"},
				"west": {"uv": [2, 4, 7, 7], "texture": "#0"},
				"up": {"uv": [0, 0, 5, 0], "rotation": 270, "texture": "#0"},
				"down": {"uv": [0, 0, 5, 0], "rotation": 90, "texture": "#0"}
			}
		},
		{
			"from": [8.5, 3, 5.5],
			"to": [8.5, 6, 10.5],
			"rotation": {"angle": -45, "axis": "y", "origin": [7.5, 8.5, 8]},
			"faces": {
				"north": {"uv": [0, 0, 0, 3], "texture": "#0"},
				"east": {"uv": [7, 4, 2, 7], "texture": "#0"},
				"south": {"uv": [0, 0, 0, 3], "texture": "#0"},
				"west": {"uv": [2, 4, 7, 7], "texture": "#0"},
				"up": {"uv": [0, 0, 5, 0], "rotation": 270, "texture": "#0"},
				"down": {"uv": [0, 0, 5, 0], "rotation": 90, "texture": "#0"}
			}
		},
		{
			"from": [5, 7, 8],
			"to": [10, 10, 8],
			"rotation": {"angle": 0, "axis": "y", "origin": [7.5, 8.5, 8]},
			"faces": {
				"north": {"uv": [2, 4, 7, 7], "texture": "#0"},
				"east": {"uv": [0, 0, 0, 3], "texture": "#missing"},
				"south": {"uv": [7, 4, 2, 7], "texture": "#0"},
				"west": {"uv": [0, 0, 0, 3], "texture": "#missing"},
				"up": {"uv": [0, 0, 5, 0], "texture": "#missing"},
				"down": {"uv": [0, 0, 5, 0], "texture": "#missing"}
			}
		},
		{
			"from": [4, 10.2, 6.5],
			"to": [7, 10.2, 9.5],
			"rotation": {"angle": 22.5, "axis": "z", "origin": [5.5, 10, 7.5]},
			"faces": {
				"north": {"uv": [0, 0, 3, 0], "texture": "#missing"},
				"east": {"uv": [0, 0, 3, 0], "texture": "#missing"},
				"south": {"uv": [0, 0, 3, 0], "texture": "#missing"},
				"west": {"uv": [0, 0, 3, 0], "texture": "#missing"},
				"up": {"uv": [7, 0, 10, 3], "texture": "#0"},
				"down": {"uv": [7, 0, 10, 3], "texture": "#0"}
			}
		},
		{
			"from": [6, 10.2, 4.5],
			"to": [9, 10.2, 7.5],
			"rotation": {"angle": -45, "axis": "x", "origin": [5.5, 10, 7.5]},
			"faces": {
				"north": {"uv": [0, 0, 3, 0], "texture": "#0"},
				"east": {"uv": [0, 0, 3, 0], "texture": "#0"},
				"south": {"uv": [0, 0, 3, 0], "texture": "#0"},
				"west": {"uv": [0, 0, 3, 0], "texture": "#0"},
				"up": {"uv": [7, 0, 10, 3], "texture": "#0"},
				"down": {"uv": [7, 0, 10, 3], "texture": "#0"}
			}
		},
		{
			"from": [9, 12, 7.5],
			"to": [12, 12, 10.5],
			"rotation": {"angle": -22.5, "axis": "z", "origin": [5.5, 10, 7.5]},
			"faces": {
				"north": {"uv": [0, 0, 3, 0], "texture": "#missing"},
				"east": {"uv": [0, 0, 3, 0], "texture": "#missing"},
				"south": {"uv": [0, 0, 3, 0], "texture": "#missing"},
				"west": {"uv": [0, 0, 3, 0], "texture": "#missing"},
				"up": {"uv": [7, 0, 10, 3], "texture": "#0"},
				"down": {"uv": [7, 0, 10, 3], "texture": "#0"}
			}
		},
		{
			"from": [7.85403, 6.23882, 7.5],
			"to": [10.85403, 6.23882, 10.5],
			"rotation": {"angle": 45, "axis": "x", "origin": [9.35403, 6.23882, 9]},
			"faces": {
				"north": {"uv": [0, 0, 3, 0], "texture": "#0"},
				"east": {"uv": [0, 0, 3, 0], "texture": "#0"},
				"south": {"uv": [0, 0, 3, 0], "texture": "#0"},
				"west": {"uv": [0, 0, 3, 0], "texture": "#0"},
				"up": {"uv": [7, 0, 10, 3], "texture": "#0"},
				"down": {"uv": [7, 0, 10, 3], "texture": "#0"}
			}
		},
		{
			"from": [6.85403, 7.73882, 11],
			"to": [9.85403, 10.73882, 11],
			"rotation": {"angle": -22.5, "axis": "x", "origin": [9.35403, 6.23882, 9]},
			"faces": {
				"north": {"uv": [7, 0, 10, 3], "rotation": 180, "texture": "#0"},
				"east": {"uv": [0, 0, 3, 0], "rotation": 270, "texture": "#0"},
				"south": {"uv": [7, 0, 10, 3], "texture": "#0"},
				"west": {"uv": [0, 0, 3, 0], "rotation": 90, "texture": "#0"},
				"up": {"uv": [0, 0, 3, 0], "rotation": 180, "texture": "#0"},
				"down": {"uv": [0, 0, 3, 0], "texture": "#0"}
			}
		},
		{
			"from": [6.3, 11, 6],
			"to": [9.3, 11, 9],
			"rotation": {"angle": 0, "axis": "x", "origin": [9.35403, 6.23882, 9]},
			"faces": {
				"north": {"uv": [0, 0, 3, 0], "texture": "#0"},
				"east": {"uv": [0, 0, 3, 0], "texture": "#0"},
				"south": {"uv": [0, 0, 3, 0], "texture": "#0"},
				"west": {"uv": [0, 0, 3, 0], "texture": "#0"},
				"up": {"uv": [7, 0, 10, 3], "texture": "#0"},
				"down": {"uv": [7, 0, 10, 3], "texture": "#0"}
			}
		},
		{
			"from": [5.08866, 6.5, 7.5],
			"to": [8.08866, 6.5, 10.5],
			"rotation": {"angle": 45, "axis": "x", "origin": [8.58866, 4.39106, 9]},
			"faces": {
				"north": {"uv": [0, 0, 3, 0], "texture": "#0"},
				"east": {"uv": [0, 0, 3, 0], "texture": "#0"},
				"south": {"uv": [0, 0, 3, 0], "texture": "#0"},
				"west": {"uv": [0, 0, 3, 0], "texture": "#0"},
				"up": {"uv": [7, 0, 10, 3], "texture": "#0"},
				"down": {"uv": [7, 0, 10, 3], "texture": "#0"}
			}
		},
		{
			"from": [5.58866, 2.89106, 6.5],
			"to": [5.58866, 5.89106, 9.5],
			"rotation": {"angle": -22.5, "axis": "z", "origin": [8.58866, 4.39106, 9]},
			"faces": {
				"north": {"uv": [0, 0, 3, 0], "rotation": 90, "texture": "#0"},
				"east": {"uv": [7, 0, 10, 3], "rotation": 270, "texture": "#0"},
				"south": {"uv": [0, 0, 3, 0], "rotation": 270, "texture": "#0"},
				"west": {"uv": [7, 0, 10, 3], "rotation": 270, "texture": "#0"},
				"up": {"uv": [0, 0, 3, 0], "rotation": 270, "texture": "#0"},
				"down": {"uv": [0, 0, 3, 0], "rotation": 270, "texture": "#0"}
			}
		},
		{
			"from": [11.58866, 3.89106, 6.5],
			"to": [11.58866, 6.89106, 9.5],
			"rotation": {"angle": 22.5, "axis": "z", "origin": [8.58866, 4.39106, 9]},
			"faces": {
				"north": {"uv": [0, 0, 3, 0], "rotation": 90, "texture": "#0"},
				"east": {"uv": [7, 0, 10, 3], "rotation": 270, "texture": "#0"},
				"south": {"uv": [0, 0, 3, 0], "rotation": 270, "texture": "#0"},
				"west": {"uv": [7, 0, 10, 3], "rotation": 270, "texture": "#0"},
				"up": {"uv": [0, 0, 3, 0], "rotation": 270, "texture": "#0"},
				"down": {"uv": [0, 0, 3, 0], "rotation": 270, "texture": "#0"}
			}
		},
		{
			"from": [8.08866, 6.39106, 6.5],
			"to": [11.08866, 6.39106, 9.5],
			"rotation": {"angle": -45, "axis": "x", "origin": [8.58866, 4.39106, 9]},
			"faces": {
				"north": {"uv": [0, 0, 3, 0], "texture": "#0"},
				"east": {"uv": [0, 0, 3, 0], "texture": "#0"},
				"south": {"uv": [0, 0, 3, 0], "texture": "#0"},
				"west": {"uv": [0, 0, 3, 0], "texture": "#0"},
				"up": {"uv": [7, 0, 10, 3], "rotation": 90, "texture": "#0"},
				"down": {"uv": [7, 0, 10, 3], "rotation": 270, "texture": "#0"}
			}
		},
		{
			"from": [5.08866, 2.89106, 6],
			"to": [8.08866, 5.89106, 6],
			"rotation": {"angle": 22.5, "axis": "x", "origin": [8.58866, 4.39106, 9]},
			"faces": {
				"north": {"uv": [7, 0, 10, 3], "rotation": 270, "texture": "#0"},
				"east": {"uv": [0, 0, 3, 0], "rotation": 90, "texture": "#0"},
				"south": {"uv": [7, 0, 10, 3], "rotation": 270, "texture": "#0"},
				"west": {"uv": [0, 0, 3, 0], "rotation": 270, "texture": "#0"},
				"up": {"uv": [0, 0, 3, 0], "texture": "#0"},
				"down": {"uv": [0, 0, 3, 0], "rotation": 180, "texture": "#0"}
			}
		},
		{
			"from": [9.31283, 12.45461, 4],
			"to": [9.81283, 12.70461, 4.25],
			"rotation": {"angle": -22.5, "axis": "y", "origin": [9.56283, 12.57961, 4.125]},
			"faces": {
				"north": {"uv": [8, 5.75, 0, 0], "texture": "#1"},
				"east": {"uv": [6, 6, 11.75, 11.75], "texture": "#1"},
				"south": {"uv": [0, 0, 8, 5.75], "texture": "#1"},
				"west": {"uv": [0, 6, 5.75, 11.75], "texture": "#1"},
				"up": {"uv": [8, 5.75, 0, 0], "rotation": 180, "texture": "#1"},
				"down": {"uv": [8, 0, 0, 5.75], "rotation": 180, "texture": "#1"}
			}
		},
		{
			"from": [6, 10, 4],
			"to": [6.5, 10.25, 4.25],
			"rotation": {"angle": 22.5, "axis": "z", "origin": [6.25, 10.125, 4.125]},
			"faces": {
				"north": {"uv": [0, 0, 8, 5.75], "texture": "#1"},
				"east": {"uv": [0, 6, 5.75, 11.75], "texture": "#1"},
				"south": {"uv": [8, 5.75, 0, 0], "texture": "#1"},
				"west": {"uv": [6, 6, 11.75, 11.75], "texture": "#1"},
				"up": {"uv": [8, 5.75, 0, 0], "texture": "#1"},
				"down": {"uv": [8, 0, 0, 5.75], "texture": "#1"}
			}
		},
		{
			"from": [5, 9.5, 5],
			"to": [5.5, 9.75, 5.25],
			"rotation": {"angle": -22.5, "axis": "y", "origin": [6.25, 10.125, 4.125]},
			"faces": {
				"north": {"uv": [8, 5.75, 0, 0], "texture": "#1"},
				"east": {"uv": [6, 6, 11.75, 11.75], "texture": "#1"},
				"south": {"uv": [0, 0, 8, 5.75], "texture": "#1"},
				"west": {"uv": [0, 6, 5.75, 11.75], "texture": "#1"},
				"up": {"uv": [8, 5.75, 0, 0], "rotation": 180, "texture": "#1"},
				"down": {"uv": [8, 0, 0, 5.75], "rotation": 180, "texture": "#1"}
			}
		},
		{
			"from": [6, 10, 10],
			"to": [6.5, 10.25, 10.25],
			"rotation": {"angle": -22.5, "axis": "z", "origin": [6.25, 10.125, 4.125]},
			"faces": {
				"north": {"uv": [0, 0, 8, 5.75], "texture": "#1"},
				"east": {"uv": [0, 6, 5.75, 11.75], "texture": "#1"},
				"south": {"uv": [8, 5.75, 0, 0], "texture": "#1"},
				"west": {"uv": [6, 6, 11.75, 11.75], "texture": "#1"},
				"up": {"uv": [8, 5.75, 0, 0], "texture": "#1"},
				"down": {"uv": [8, 0, 0, 5.75], "texture": "#1"}
			}
		}
	]
}