{
	"credit": "Made with Blockbench",
	"ambientocclusion": false,
	"textures": {
		"0": "block/daisy/marigold",
		"1": "block/dandelion/bee",
		"particle": "block/daisy/marigold"
	},
	"elements": [
		{
			"from": [4, -1, 8.2],
			"to": [13, 7, 8.2],
			"rotation": {"angle": 0, "axis": "y", "origin": [8, 7, 8]},
			"faces": {
				"north": {"uv": [2, 7, 14, 16], "texture": "#0"},
				"east": {"uv": [0, 0, 0, 9], "texture": "#missing"},
				"south": {"uv": [14, 7, 2, 16], "texture": "#0"},
				"west": {"uv": [0, 0, 0, 9], "texture": "#missing"},
				"up": {"uv": [0, 0, 12, 0], "texture": "#missing"},
				"down": {"uv": [0, 0, 12, 0], "texture": "#missing"}
			}
		},
		{
			"from": [4, -1, 8.2],
			"to": [13, 7, 8.2],
			"rotation": {"angle": -45, "axis": "y", "origin": [8, 3.5, 8]},
			"faces": {
				"north": {"uv": [2, 7, 14, 16], "texture": "#0"},
				"east": {"uv": [0, 0, 0, 9], "texture": "#0"},
				"south": {"uv": [14, 7, 2, 16], "texture": "#0"},
				"west": {"uv": [0, 0, 0, 9], "texture": "#0"},
				"up": {"uv": [0, 0, 12, 0], "texture": "#0"},
				"down": {"uv": [0, 0, 12, 0], "texture": "#0"}
			}
		},
		{
			"from": [4, -1, 8.2],
			"to": [13, 7, 8.2],
			"rotation": {"angle": 45, "axis": "y", "origin": [8, 7, 8]},
			"faces": {
				"north": {"uv": [2, 7, 14, 16], "texture": "#0"},
				"east": {"uv": [0, 0, 0, 9], "texture": "#0"},
				"south": {"uv": [14, 7, 2, 16], "texture": "#0"},
				"west": {"uv": [0, 0, 0, 9], "texture": "#0"},
				"up": {"uv": [0, 0, 12, 0], "texture": "#0"},
				"down": {"uv": [0, 0, 12, 0], "texture": "#0"}
			}
		},
		{
			"from": [8, 6, 5],
			"to": [9, 6, 8],
			"rotation": {"angle": 0, "axis": "y", "origin": [8.5, 6, 8.5]},
			"faces": {
				"north": {"uv": [0, 0, 1, 0], "texture": "#missing"},
				"east": {"uv": [0, 0, 3, 0], "texture": "#missing"},
				"south": {"uv": [0, 0, 1, 0], "texture": "#missing"},
				"west": {"uv": [0, 0, 3, 0], "texture": "#missing"},
				"up": {"uv": [0, 0, 1, 1], "rotation": 180, "texture": "#0"},
				"down": {"uv": [0, 0, 1, 3], "texture": "#0"}
			}
		},
		{
			"from": [8, 6, 9],
			"to": [9, 6, 12],
			"rotation": {"angle": 0, "axis": "y", "origin": [8.5, 6, 8.5]},
			"faces": {
				"north": {"uv": [0, 0, 1, 0], "texture": "#0"},
				"east": {"uv": [0, 0, 3, 0], "texture": "#0"},
				"south": {"uv": [0, 0, 1, 0], "texture": "#0"},
				"west": {"uv": [0, 0, 3, 0], "texture": "#0"},
				"up": {"uv": [0, 0, 3, 1], "rotation": 270, "texture": "#0"},
				"down": {"uv": [0, 0, 1, 3], "rotation": 180, "texture": "#0"}
			}
		},
		{
			"from": [9, 6, 8],
			"to": [12, 6, 9],
			"rotation": {"angle": 0, "axis": "y", "origin": [8.5, 6, 8.5]},
			"faces": {
				"north": {"uv": [0, 0, 3, 0], "texture": "#0"},
				"east": {"uv": [0, 0, 1, 0], "texture": "#0"},
				"south": {"uv": [0, 0, 3, 0], "texture": "#0"},
				"west": {"uv": [0, 0, 1, 0], "texture": "#0"},
				"up": {"uv": [0, 0, 3, 1], "rotation": 180, "texture": "#0"},
				"down": {"uv": [0, 0, 1, 3], "rotation": 270, "texture": "#0"}
			}
		},
		{
			"from": [5, 6, 8],
			"to": [8, 6, 9],
			"rotation": {"angle": 0, "axis": "y", "origin": [8.5, 6, 8.5]},
			"faces": {
				"north": {"uv": [0, 0, 3, 0], "texture": "#0"},
				"east": {"uv": [0, 0, 1, 0], "texture": "#0"},
				"south": {"uv": [0, 0, 3, 0], "texture": "#0"},
				"west": {"uv": [0, 0, 1, 0], "texture": "#0"},
				"up": {"uv": [0, 0, 1, 3], "rotation": 270, "texture": "#0"},
				"down": {"uv": [0, 0, 1, 3], "rotation": 90, "texture": "#0"}
			}
		},
		{
			"from": [9, 6.1, 8],
			"to": [12, 6.1, 9],
			"rotation": {"angle": 45, "axis": "y", "origin": [8.5, 6, 8.5]},
			"faces": {
				"north": {"uv": [0, 0, 3, 0], "texture": "#0"},
				"east": {"uv": [0, 0, 1, 0], "texture": "#0"},
				"south": {"uv": [0, 0, 3, 0], "texture": "#0"},
				"west": {"uv": [0, 0, 1, 0], "texture": "#0"},
				"up": {"uv": [0, 0, 3, 1], "rotation": 180, "texture": "#0"},
				"down": {"uv": [0, 0, 1, 3], "rotation": 270, "texture": "#0"}
			}
		},
		{
			"from": [8, 6.1, 9],
			"to": [9, 6.1, 12],
			"rotation": {"angle": 45, "axis": "y", "origin": [8.5, 6, 8.5]},
			"faces": {
				"north": {"uv": [0, 0, 1, 0], "texture": "#0"},
				"east": {"uv": [0, 0, 3, 0], "texture": "#0"},
				"south": {"uv": [0, 0, 1, 0], "texture": "#0"},
				"west": {"uv": [0, 0, 3, 0], "texture": "#0"},
				"up": {"uv": [0, 0, 3, 1], "rotation": 270, "texture": "#0"},
				"down": {"uv": [0, 0, 1, 3], "rotation": 180, "texture": "#0"}
			}
		},
		{
			"from": [8, 6.1, 5],
			"to": [9, 6.1, 8],
			"rotation": {"angle": 45, "axis": "y", "origin": [8.5, 6, 8.5]},
			"faces": {
				"north": {"uv": [0, 0, 1, 0], "texture": "#0"},
				"east": {"uv": [0, 0, 3, 0], "texture": "#0"},
				"south": {"uv": [0, 0, 1, 0], "texture": "#0"},
				"west": {"uv": [0, 0, 3, 0], "texture": "#0"},
				"up": {"uv": [0, 0, 1, 1], "rotation": 180, "texture": "#0"},
				"down": {"uv": [0, 0, 1, 3], "texture": "#0"}
			}
		},
		{
			"from": [5, 6.1, 8],
			"to": [8, 6.1, 9],
			"rotation": {"angle": 45, "axis": "y", "origin": [8.5, 6, 8.5]},
			"faces": {
				"north": {"uv": [0, 0, 3, 0], "texture": "#0"},
				"east": {"uv": [0, 0, 1, 0], "texture": "#0"},
				"south": {"uv": [0, 0, 3, 0], "texture": "#0"},
				"west": {"uv": [0, 0, 1, 0], "texture": "#0"},
				"up": {"uv": [0, 0, 1, 3], "rotation": 270, "texture": "#0"},
				"down": {"uv": [0, 0, 1, 3], "rotation": 90, "texture": "#0"}
			}
		},
		{
			"from": [5, 6.25, 8],
			"to": [8, 6.25, 9],
			"rotation": {"angle": -22.5, "axis": "y", "origin": [8.5, 6, 8.5]},
			"faces": {
				"north": {"uv": [0, 0, 3, 0], "texture": "#0"},
				"east": {"uv": [0, 0, 1, 0], "texture": "#0"},
				"south": {"uv": [0, 0, 3, 0], "texture": "#0"},
				"west": {"uv": [0, 0, 1, 0], "texture": "#0"},
				"up": {"uv": [0, 0, 1, 1], "rotation": 180, "texture": "#0"},
				"down": {"uv": [0, 0, 1, 3], "rotation": 90, "texture": "#0"}
			}
		},
		{
			"from": [9, 6.25, 8],
			"to": [12, 6.25, 9],
			"rotation": {"angle": -22.5, "axis": "y", "origin": [8.5, 6, 8.5]},
			"faces": {
				"north": {"uv": [0, 0, 3, 0], "texture": "#0"},
				"east": {"uv": [0, 0, 1, 0], "texture": "#0"},
				"south": {"uv": [0, 0, 3, 0], "texture": "#0"},
				"west": {"uv": [0, 0, 1, 0], "texture": "#0"},
				"up": {"uv": [0, 0, 3, 1], "rotation": 180, "texture": "#0"},
				"down": {"uv": [0, 0, 1, 3], "rotation": 270, "texture": "#0"}
			}
		},
		{
			"from": [8, 6.25, 5],
			"to": [9, 6.25, 8],
			"rotation": {"angle": -22.5, "axis": "y", "origin": [8.5, 6, 8.5]},
			"faces": {
				"north": {"uv": [0, 0, 1, 0], "texture": "#0"},
				"east": {"uv": [0, 0, 3, 0], "texture": "#0"},
				"south": {"uv": [0, 0, 1, 0], "texture": "#0"},
				"west": {"uv": [0, 0, 3, 0], "texture": "#0"},
				"up": {"uv": [0, 0, 1, 1], "rotation": 180, "texture": "#0"},
				"down": {"uv": [0, 0, 1, 3], "texture": "#0"}
			}
		},
		{
			"from": [8, 6.25, 9],
			"to": [9, 6.25, 12],
			"rotation": {"angle": -22.5, "axis": "y", "origin": [8.5, 6, 8.5]},
			"faces": {
				"north": {"uv": [0, 0, 1, 0], "texture": "#0"},
				"east": {"uv": [0, 0, 3, 0], "texture": "#0"},
				"south": {"uv": [0, 0, 1, 0], "texture": "#0"},
				"west": {"uv": [0, 0, 3, 0], "texture": "#0"},
				"up": {"uv": [0, 0, 1, 3], "rotation": 180, "texture": "#0"},
				"down": {"uv": [0, 0, 1, 3], "rotation": 180, "texture": "#0"}
			}
		},
		{
			"from": [5, 6.23, 8],
			"to": [8, 6.23, 9],
			"rotation": {"angle": 22.5, "axis": "y", "origin": [8.5, 6, 8.5]},
			"faces": {
				"north": {"uv": [0, 0, 3, 0], "texture": "#0"},
				"east": {"uv": [0, 0, 1, 0], "texture": "#0"},
				"south": {"uv": [0, 0, 3, 0], "texture": "#0"},
				"west": {"uv": [0, 0, 1, 0], "texture": "#0"},
				"up": {"uv": [0, 0, 1, 3], "rotation": 270, "texture": "#0"},
				"down": {"uv": [0, 0, 1, 3], "rotation": 90, "texture": "#0"}
			}
		},
		{
			"from": [9, 6.23, 8],
			"to": [12, 6.23, 9],
			"rotation": {"angle": 22.5, "axis": "y", "origin": [8.5, 6, 8.5]},
			"faces": {
				"north": {"uv": [0, 0, 3, 0], "texture": "#0"},
				"east": {"uv": [0, 0, 1, 0], "texture": "#0"},
				"south": {"uv": [0, 0, 3, 0], "texture": "#0"},
				"west": {"uv": [0, 0, 1, 0], "texture": "#0"},
				"up": {"uv": [0, 0, 3, 1], "rotation": 180, "texture": "#0"},
				"down": {"uv": [0, 0, 1, 3], "rotation": 270, "texture": "#0"}
			}
		},
		{
			"from": [8, 6.23, 9],
			"to": [9, 6.23, 12],
			"rotation": {"angle": 22.5, "axis": "y", "origin": [8.5, 6, 8.5]},
			"faces": {
				"north": {"uv": [0, 0, 1, 0], "texture": "#0"},
				"east": {"uv": [0, 0, 3, 0], "texture": "#0"},
				"south": {"uv": [0, 0, 1, 0], "texture": "#0"},
				"west": {"uv": [0, 0, 3, 0], "texture": "#0"},
				"up": {"uv": [0, 0, 3, 1], "rotation": 270, "texture": "#0"},
				"down": {"uv": [0, 0, 1, 3], "rotation": 180, "texture": "#0"}
			}
		},
		{
			"from": [8, 6.23, 5],
			"to": [9, 6.23, 8],
			"rotation": {"angle": 22.5, "axis": "y", "origin": [8.5, 6, 8.5]},
			"faces": {
				"north": {"uv": [0, 0, 1, 0], "texture": "#0"},
				"east": {"uv": [0, 0, 3, 0], "texture": "#0"},
				"south": {"uv": [0, 0, 1, 0], "texture": "#0"},
				"west": {"uv": [0, 0, 3, 0], "texture": "#0"},
				"up": {"uv": [0, 0, 1, 1], "rotation": 180, "texture": "#0"},
				"down": {"uv": [0, 0, 1, 3], "texture": "#0"}
			}
		},
		{
			"from": [8, 6.3, 6],
			"to": [9, 6.3, 8],
			"rotation": {"angle": 22.5, "axis": "x", "origin": [8.5, 6, 8.5]},
			"faces": {
				"north": {"uv": [0, 0, 1, 0], "texture": "#0"},
				"east": {"uv": [0, 0, 2, 0], "texture": "#0"},
				"south": {"uv": [0, 0, 1, 0], "texture": "#0"},
				"west": {"uv": [0, 0, 2, 0], "texture": "#0"},
				"up": {"uv": [2, 1, 0, 0], "rotation": 270, "texture": "#0"},
				"down": {"uv": [0, 0, 1, 2], "texture": "#0"}
			}
		},
		{
			"from": [8, 6.3, 9],
			"to": [9, 6.3, 11],
			"rotation": {"angle": -22.5, "axis": "x", "origin": [8.5, 6, 8.5]},
			"faces": {
				"north": {"uv": [0, 0, 1, 0], "texture": "#0"},
				"east": {"uv": [0, 0, 2, 0], "texture": "#0"},
				"south": {"uv": [0, 0, 1, 0], "texture": "#0"},
				"west": {"uv": [0, 0, 2, 0], "texture": "#0"},
				"up": {"uv": [0, 0, 2, 1], "rotation": 270, "texture": "#0"},
				"down": {"uv": [0, 0, 1, 2], "rotation": 180, "texture": "#0"}
			}
		},
		{
			"from": [9, 6.3, 8],
			"to": [11, 6.3, 9],
			"rotation": {"angle": 22.5, "axis": "z", "origin": [8.5, 6, 8.5]},
			"faces": {
				"north": {"uv": [0, 0, 2, 0], "texture": "#0"},
				"east": {"uv": [0, 0, 1, 0], "texture": "#0"},
				"south": {"uv": [0, 0, 2, 0], "texture": "#0"},
				"west": {"uv": [0, 0, 1, 0], "texture": "#0"},
				"up": {"uv": [0, 0, 2, 1], "rotation": 180, "texture": "#0"},
				"down": {"uv": [0, 0, 1, 2], "rotation": 270, "texture": "#0"}
			}
		},
		{
			"from": [6, 6.3, 8],
			"to": [8, 6.3, 9],
			"rotation": {"angle": -22.5, "axis": "z", "origin": [8.5, 6, 8.5]},
			"faces": {
				"north": {"uv": [0, 0, 2, 0], "texture": "#0"},
				"east": {"uv": [0, 0, 1, 0], "texture": "#0"},
				"south": {"uv": [0, 0, 2, 0], "texture": "#0"},
				"west": {"uv": [0, 0, 1, 0], "texture": "#0"},
				"up": {"uv": [0, 0, 1, 2], "rotation": 270, "texture": "#0"},
				"down": {"uv": [0, 0, 1, 2], "rotation": 90, "texture": "#0"}
			}
		},
		{
			"from": [9, 6.35, 8],
			"to": [11, 6.35, 9],
			"rotation": {"angle": 45, "axis": "y", "origin": [8.5, 6, 8.5]},
			"faces": {
				"north": {"uv": [0, 0, 2, 0], "texture": "#0"},
				"east": {"uv": [0, 0, 1, 0], "texture": "#0"},
				"south": {"uv": [0, 0, 2, 0], "texture": "#0"},
				"west": {"uv": [0, 0, 1, 0], "texture": "#0"},
				"up": {"uv": [0, 0, 2, 1], "rotation": 180, "texture": "#0"},
				"down": {"uv": [0, 0, 1, 2], "rotation": 270, "texture": "#0"}
			}
		},
		{
			"from": [8, 6.35, 9],
			"to": [9, 6.35, 11],
			"rotation": {"angle": 45, "axis": "y", "origin": [8.5, 6, 8.5]},
			"faces": {
				"north": {"uv": [0, 0, 1, 0], "texture": "#0"},
				"east": {"uv": [0, 0, 2, 0], "texture": "#0"},
				"south": {"uv": [0, 0, 1, 0], "texture": "#0"},
				"west": {"uv": [0, 0, 2, 0], "texture": "#0"},
				"up": {"uv": [0, 0, 2, 1], "rotation": 270, "texture": "#0"},
				"down": {"uv": [0, 0, 1, 2], "rotation": 180, "texture": "#0"}
			}
		},
		{
			"from": [8, 6.35, 6],
			"to": [9, 6.35, 8],
			"rotation": {"angle": 45, "axis": "y", "origin": [8.5, 6, 8.5]},
			"faces": {
				"north": {"uv": [0, 0, 1, 0], "texture": "#0"},
				"east": {"uv": [0, 0, 2, 0], "texture": "#0"},
				"south": {"uv": [0, 0, 1, 0], "texture": "#0"},
				"west": {"uv": [0, 0, 2, 0], "texture": "#0"},
				"up": {"uv": [0, 0, 1, 1], "rotation": 180, "texture": "#0"},
				"down": {"uv": [0, 0, 1, 2], "texture": "#0"}
			}
		},
		{
			"from": [6, 6.35, 8],
			"to": [8, 6.35, 9],
			"rotation": {"angle": 45, "axis": "y", "origin": [8.5, 6, 8.5]},
			"faces": {
				"north": {"uv": [0, 0, 2, 0], "texture": "#0"},
				"east": {"uv": [0, 0, 1, 0], "texture": "#0"},
				"south": {"uv": [0, 0, 2, 0], "texture": "#0"},
				"west": {"uv": [0, 0, 1, 0], "texture": "#0"},
				"up": {"uv": [0, 0, 1, 2], "rotation": 270, "texture": "#0"},
				"down": {"uv": [0, 0, 1, 2], "rotation": 90, "texture": "#0"}
			}
		},
		{
			"from": [6, 6.38, 8],
			"to": [8, 6.38, 9],
			"rotation": {"angle": -22.5, "axis": "y", "origin": [8.5, 6, 8.5]},
			"faces": {
				"north": {"uv": [0, 0, 2, 0], "texture": "#0"},
				"east": {"uv": [0, 0, 1, 0], "texture": "#0"},
				"south": {"uv": [0, 0, 2, 0], "texture": "#0"},
				"west": {"uv": [0, 0, 1, 0], "texture": "#0"},
				"up": {"uv": [2, 0, 4, 1], "rotation": 180, "texture": "#0"},
				"down": {"uv": [0, 0, 1, 2], "rotation": 90, "texture": "#0"}
			}
		},
		{
			"from": [9, 6.38, 8],
			"to": [11, 6.38, 9],
			"rotation": {"angle": -22.5, "axis": "y", "origin": [8.5, 6, 8.5]},
			"faces": {
				"north": {"uv": [0, 0, 2, 0], "texture": "#0"},
				"east": {"uv": [0, 0, 1, 0], "texture": "#0"},
				"south": {"uv": [0, 0, 2, 0], "texture": "#0"},
				"west": {"uv": [0, 0, 1, 0], "texture": "#0"},
				"up": {"uv": [1, 0, 3, 1], "rotation": 180, "texture": "#0"},
				"down": {"uv": [0, 0, 1, 2], "rotation": 270, "texture": "#0"}
			}
		},
		{
			"from": [8, 6.38, 6],
			"to": [9, 6.38, 8],
			"rotation": {"angle": -22.5, "axis": "y", "origin": [8.5, 6, 8.5]},
			"faces": {
				"north": {"uv": [0, 0, 1, 0], "texture": "#0"},
				"east": {"uv": [0, 0, 2, 0], "texture": "#0"},
				"south": {"uv": [0, 0, 1, 0], "texture": "#0"},
				"west": {"uv": [0, 0, 2, 0], "texture": "#0"},
				"up": {"uv": [0, 2, 1, 4], "rotation": 180, "texture": "#0"},
				"down": {"uv": [0, 0, 1, 2], "texture": "#0"}
			}
		},
		{
			"from": [8, 6.38, 9],
			"to": [9, 6.38, 11],
			"rotation": {"angle": -22.5, "axis": "y", "origin": [8.5, 6, 8.5]},
			"faces": {
				"north": {"uv": [0, 0, 1, 0], "texture": "#0"},
				"east": {"uv": [0, 0, 2, 0], "texture": "#0"},
				"south": {"uv": [0, 0, 1, 0], "texture": "#0"},
				"west": {"uv": [0, 0, 2, 0], "texture": "#0"},
				"up": {"uv": [0, 1, 1, 3], "rotation": 180, "texture": "#0"},
				"down": {"uv": [0, 0, 1, 2], "rotation": 180, "texture": "#0"}
			}
		},
		{
			"from": [6, 6.4, 8],
			"to": [8, 6.4, 9],
			"rotation": {"angle": 22.5, "axis": "y", "origin": [8.5, 6, 8.5]},
			"faces": {
				"north": {"uv": [0, 0, 2, 0], "texture": "#0"},
				"east": {"uv": [0, 0, 1, 0], "texture": "#0"},
				"south": {"uv": [0, 0, 2, 0], "texture": "#0"},
				"west": {"uv": [0, 0, 1, 0], "texture": "#0"},
				"up": {"uv": [0, 1, 1, 3], "rotation": 270, "texture": "#0"},
				"down": {"uv": [0, 0, 1, 2], "rotation": 90, "texture": "#0"}
			}
		},
		{
			"from": [9, 6.4, 8],
			"to": [11, 6.4, 9],
			"rotation": {"angle": 22.5, "axis": "y", "origin": [8.5, 6, 8.5]},
			"faces": {
				"north": {"uv": [0, 0, 2, 0], "texture": "#0"},
				"east": {"uv": [0, 0, 1, 0], "texture": "#0"},
				"south": {"uv": [0, 0, 2, 0], "texture": "#0"},
				"west": {"uv": [0, 0, 1, 0], "texture": "#0"},
				"up": {"uv": [1, 0, 3, 1], "rotation": 180, "texture": "#0"},
				"down": {"uv": [0, 0, 1, 2], "rotation": 270, "texture": "#0"}
			}
		},
		{
			"from": [8, 6.4, 9],
			"to": [9, 6.4, 11],
			"rotation": {"angle": 22.5, "axis": "y", "origin": [8.5, 6, 8.5]},
			"faces": {
				"north": {"uv": [0, 0, 1, 0], "texture": "#0"},
				"east": {"uv": [0, 0, 2, 0], "texture": "#0"},
				"south": {"uv": [0, 0, 1, 0], "texture": "#0"},
				"west": {"uv": [0, 0, 2, 0], "texture": "#0"},
				"up": {"uv": [1, 0, 3, 1], "rotation": 270, "texture": "#0"},
				"down": {"uv": [0, 0, 1, 2], "rotation": 180, "texture": "#0"}
			}
		},
		{
			"from": [8, 6.4, 6],
			"to": [9, 6.4, 8],
			"rotation": {"angle": 22.5, "axis": "y", "origin": [8.5, 6, 8.5]},
			"faces": {
				"north": {"uv": [0, 0, 1, 0], "texture": "#0"},
				"east": {"uv": [0, 0, 2, 0], "texture": "#0"},
				"south": {"uv": [0, 0, 1, 0], "texture": "#0"},
				"west": {"uv": [0, 0, 2, 0], "texture": "#0"},
				"up": {"uv": [0, 2, 1, 4], "rotation": 180, "texture": "#0"},
				"down": {"uv": [0, 0, 1, 2], "texture": "#0"}
			}
		},
		{
			"from": [8, 6, 8],
			"to": [9, 6.5, 9],
			"rotation": {"angle": 0, "axis": "y", "origin": [9, 14, 9]},
			"faces": {
				"north": {"uv": [4, 0, 5, 1], "texture": "#0"},
				"east": {"uv": [4, 0, 5, 1], "texture": "#0"},
				"south": {"uv": [4, 0, 5, 1], "texture": "#0"},
				"west": {"uv": [4, 0, 5, 1], "texture": "#0"},
				"up": {"uv": [4, 0, 5, 1], "texture": "#0"},
				"down": {"uv": [4, 0, 5, 1], "texture": "#0"}
			}
		},
		{
			"from": [9.31283, 12.45461, 4],
			"to": [9.81283, 12.70461, 4.25],
			"rotation": {"angle": -22.5, "axis": "y", "origin": [9.56283, 12.57961, 4.125]},
			"faces": {
				"north": {"uv": [8, 5.75, 0, 0], "texture": "#1"},
				"east": {"uv": [6, 6, 11.75, 11.75], "texture": "#1"},
				"south": {"uv": [0, 0, 8, 5.75], "texture": "#1"},
				"west": {"uv": [0, 6, 5.75, 11.75], "texture": "#1"},
				"up": {"uv": [8, 5.75, 0, 0], "rotation": 180, "texture": "#1"},
				"down": {"uv": [8, 0, 0, 5.75], "rotation": 180, "texture": "#1"}
			}
		},
		{
			"from": [6, 10, 4],
			"to": [6.5, 10.25, 4.25],
			"rotation": {"angle": 22.5, "axis": "z", "origin": [6.25, 10.125, 4.125]},
			"faces": {
				"north": {"uv": [0, 0, 8, 5.75], "texture": "#1"},
				"east": {"uv": [0, 6, 5.75, 11.75], "texture": "#1"},
				"south": {"uv": [8, 5.75, 0, 0], "texture": "#1"},
				"west": {"uv": [6, 6, 11.75, 11.75], "texture": "#1"},
				"up": {"uv": [8, 5.75, 0, 0], "texture": "#1"},
				"down": {"uv": [8, 0, 0, 5.75], "texture": "#1"}
			}
		},
		{
			"from": [5, 9.5, 5],
			"to": [5.5, 9.75, 5.25],
			"rotation": {"angle": -22.5, "axis": "y", "origin": [6.25, 10.125, 4.125]},
			"faces": {
				"north": {"uv": [8, 5.75, 0, 0], "texture": "#1"},
				"east": {"uv": [6, 6, 11.75, 11.75], "texture": "#1"},
				"south": {"uv": [0, 0, 8, 5.75], "texture": "#1"},
				"west": {"uv": [0, 6, 5.75, 11.75], "texture": "#1"},
				"up": {"uv": [8, 5.75, 0, 0], "rotation": 180, "texture": "#1"},
				"down": {"uv": [8, 0, 0, 5.75], "rotation": 180, "texture": "#1"}
			}
		},
		{
			"from": [6, 10, 10],
			"to": [6.5, 10.25, 10.25],
			"rotation": {"angle": -22.5, "axis": "z", "origin": [6.25, 10.125, 4.125]},
			"faces": {
				"north": {"uv": [0, 0, 8, 5.75], "texture": "#1"},
				"east": {"uv": [0, 6, 5.75, 11.75], "texture": "#1"},
				"south": {"uv": [8, 5.75, 0, 0], "texture": "#1"},
				"west": {"uv": [6, 6, 11.75, 11.75], "texture": "#1"},
				"up": {"uv": [8, 5.75, 0, 0], "texture": "#1"},
				"down": {"uv": [8, 0, 0, 5.75], "texture": "#1"}
			}
		}
	],
	"groups": [
		{
			"name": "1",
			"origin": [8, 7, 8],
			"children": [0, 1, 2]
		},
		{
			"name": "1",
			"origin": [7.5, 0, 7.5],
			"children": [3, 4, 5, 6, 7, 8, 9, 10, 11, 12, 13, 14, 15, 16, 17, 18,
				{
					"name": "1",
					"origin": [7.5, 0, 7.5],
					"children": [19, 20, 21, 22, 23, 24, 25, 26, 27, 28, 29, 30, 31, 32, 33, 34]
				}, 35]
		}, 36, 37, 38, 39]
}