{
	"credit": "Made with Blockbench",
	"ambientocclusion": false,
	"textures": {
		"0": "block/azure/snowy",
		"1": "block/dandelion/bee",
		"particle": "block/azure/snowy"
	},
	"elements": [
		{
			"from": [8, 0, 3],
			"to": [8, 7, 13],
			"rotation": {"angle": -22.5, "axis": "y", "origin": [8, 3.5, 8]},
			"faces": {
				"north": {"uv": [0, 0, 0, 7], "texture": "#0"},
				"east": {"uv": [10, 0, 0, 7], "texture": "#0"},
				"south": {"uv": [0, 0, 0, 7], "texture": "#0"},
				"west": {"uv": [0, 0, 10, 7], "texture": "#0"},
				"up": {"uv": [0, 0, 0, 10], "texture": "#0"},
				"down": {"uv": [0, 0, 0, 10], "texture": "#0"}
			}
		},
		{
			"from": [8, 0, 3],
			"to": [8, 7, 13],
			"rotation": {"angle": 45, "axis": "y", "origin": [8, 3.5, 8]},
			"faces": {
				"north": {"uv": [0, 0, 0, 7], "texture": "#0"},
				"east": {"uv": [0, 0, 10, 7], "texture": "#0"},
				"south": {"uv": [0, 0, 0, 7], "texture": "#0"},
				"west": {"uv": [10, 0, 0, 7], "texture": "#0"},
				"up": {"uv": [0, 0, 0, 10], "texture": "#0"},
				"down": {"uv": [0, 0, 0, 10], "texture": "#0"}
			}
		},
		{
			"from": [3, 0, 8],
			"to": [13, 7, 8],
			"rotation": {"angle": 22.5, "axis": "y", "origin": [8, 3.5, 8]},
			"faces": {
				"north": {"uv": [0, 0, 10, 7], "texture": "#0"},
				"east": {"uv": [0, 0, 0, 7], "texture": "#0"},
				"south": {"uv": [10, 0, 0, 7], "texture": "#0"},
				"west": {"uv": [0, 0, 0, 7], "texture": "#0"},
				"up": {"uv": [0, 0, 0, 10], "rotation": 90, "texture": "#0"},
				"down": {"uv": [0, 0, 0, 10], "rotation": 270, "texture": "#0"}
			}
		},
		{
			"from": [8, 4, 3],
			"to": [11, 4, 6],
			"rotation": {"angle": -22.5, "axis": "x", "origin": [9.5, 4, 4.5]},
			"faces": {
				"north": {"uv": [0, 0, 3, 0], "texture": "#0"},
				"east": {"uv": [0, 0, 3, 0], "texture": "#0"},
				"south": {"uv": [0, 0, 3, 0], "texture": "#0"},
				"west": {"uv": [3, 1, 6, 1], "texture": "#0"},
				"up": {"uv": [11, 0, 14, 3], "texture": "#0"},
				"down": {"uv": [11, 0, 14, 3], "texture": "#0"}
			}
		},
		{
			"from": [10, 4.8, 5],
			"to": [13, 4.8, 8],
			"rotation": {"angle": -22.5, "axis": "z", "origin": [9.5, 4, 4.5]},
			"faces": {
				"north": {"uv": [0, 0, 3, 0], "texture": "#0"},
				"east": {"uv": [0, 0, 3, 0], "texture": "#0"},
				"south": {"uv": [0, 0, 3, 0], "texture": "#0"},
				"west": {"uv": [3, 1, 6, 1], "texture": "#0"},
				"up": {"uv": [11, 0, 14, 3], "texture": "#0"},
				"down": {"uv": [11, 0, 14, 3], "texture": "#0"}
			}
		},
		{
			"from": [9, 4, 9],
			"to": [12, 4, 12],
			"rotation": {"angle": 0, "axis": "x", "origin": [9.5, 4, 4.5]},
			"faces": {
				"north": {"uv": [0, 0, 3, 0], "texture": "#0"},
				"east": {"uv": [0, 0, 3, 0], "texture": "#0"},
				"south": {"uv": [0, 0, 3, 0], "texture": "#0"},
				"west": {"uv": [3, 1, 6, 1], "texture": "#0"},
				"up": {"uv": [11, 0, 14, 3], "texture": "#0"},
				"down": {"uv": [11, 0, 14, 3], "texture": "#0"}
			}
		},
		{
			"from": [8, 6, 10],
			"to": [11, 6, 13],
			"rotation": {"angle": -22.5, "axis": "y", "origin": [9.5, 4, 4.5]},
			"faces": {
				"north": {"uv": [0, 0, 3, 0], "texture": "#0"},
				"east": {"uv": [0, 0, 3, 0], "texture": "#0"},
				"south": {"uv": [0, 0, 3, 0], "texture": "#0"},
				"west": {"uv": [3, 1, 6, 1], "texture": "#0"},
				"up": {"uv": [11, 0, 14, 3], "texture": "#0"},
				"down": {"uv": [11, 0, 14, 3], "texture": "#0"}
			}
		},
		{
			"from": [6.46927, 7.2, 6.69552],
			"to": [9.46927, 7.2, 9.69552],
			"rotation": {"angle": 22.5, "axis": "x", "origin": [7.96927, 7, 8.19552]},
			"faces": {
				"north": {"uv": [0, 0, 3, 0], "texture": "#0"},
				"east": {"uv": [0, 0, 3, 0], "texture": "#0"},
				"south": {"uv": [0, 0, 3, 0], "texture": "#0"},
				"west": {"uv": [3, 1, 6, 1], "texture": "#0"},
				"up": {"uv": [11, 0, 14, 3], "texture": "#0"},
				"down": {"uv": [11, 0, 14, 3], "texture": "#0"}
			}
		},
		{
			"from": [3, 3.5, 8],
			"to": [3, 6.5, 11],
			"rotation": {"angle": -22.5, "axis": "z", "origin": [3.5, 4, 10.5]},
			"faces": {
				"north": {"uv": [0, 0, 3, 0], "rotation": 90, "texture": "#0"},
				"east": {"uv": [11, 0, 14, 3], "rotation": 270, "texture": "#0"},
				"south": {"uv": [0, 0, 3, 0], "rotation": 270, "texture": "#0"},
				"west": {"uv": [11, 0, 14, 3], "rotation": 270, "texture": "#0"},
				"up": {"uv": [0, 0, 3, 0], "rotation": 270, "texture": "#0"},
				"down": {"uv": [3, 1, 6, 1], "rotation": 270, "texture": "#0"}
			}
		},
		{
			"from": [2, 6, 3],
			"to": [5, 6, 6],
			"rotation": {"angle": -22.5, "axis": "y", "origin": [3.5, 4, 10.5]},
			"faces": {
				"north": {"uv": [0, 0, 3, 0], "texture": "#0"},
				"east": {"uv": [0, 0, 3, 0], "texture": "#0"},
				"south": {"uv": [0, 0, 3, 0], "texture": "#0"},
				"west": {"uv": [3, 1, 6, 1], "texture": "#0"},
				"up": {"uv": [11, 0, 14, 3], "texture": "#0"},
				"down": {"uv": [11, 0, 14, 3], "texture": "#0"}
			}
		},
		{
			"from": [9.31283, 12.45461, 4],
			"to": [9.81283, 12.70461, 4.25],
			"rotation": {"angle": -22.5, "axis": "y", "origin": [9.56283, 12.57961, 4.125]},
			"faces": {
				"north": {"uv": [8, 5.75, 0, 0], "texture": "#1"},
				"east": {"uv": [6, 6, 11.75, 11.75], "texture": "#1"},
				"south": {"uv": [0, 0, 8, 5.75], "texture": "#1"},
				"west": {"uv": [0, 6, 5.75, 11.75], "texture": "#1"},
				"up": {"uv": [8, 5.75, 0, 0], "rotation": 180, "texture": "#1"},
				"down": {"uv": [8, 0, 0, 5.75], "rotation": 180, "texture": "#1"}
			}
		},
		{
			"from": [6, 10, 4],
			"to": [6.5, 10.25, 4.25],
			"rotation": {"angle": 22.5, "axis": "z", "origin": [6.25, 10.125, 4.125]},
			"faces": {
				"north": {"uv": [0, 0, 8, 5.75], "texture": "#1"},
				"east": {"uv": [0, 6, 5.75, 11.75], "texture": "#1"},
				"south": {"uv": [8, 5.75, 0, 0], "texture": "#1"},
				"west": {"uv": [6, 6, 11.75, 11.75], "texture": "#1"},
				"up": {"uv": [8, 5.75, 0, 0], "texture": "#1"},
				"down": {"uv": [8, 0, 0, 5.75], "texture": "#1"}
			}
		},
		{
			"from": [5, 9.5, 5],
			"to": [5.5, 9.75, 5.25],
			"rotation": {"angle": -22.5, "axis": "y", "origin": [6.25, 10.125, 4.125]},
			"faces": {
				"north": {"uv": [8, 5.75, 0, 0], "texture": "#1"},
				"east": {"uv": [6, 6, 11.75, 11.75], "texture": "#1"},
				"south": {"uv": [0, 0, 8, 5.75], "texture": "#1"},
				"west": {"uv": [0, 6, 5.75, 11.75], "texture": "#1"},
				"up": {"uv": [8, 5.75, 0, 0], "rotation": 180, "texture": "#1"},
				"down": {"uv": [8, 0, 0, 5.75], "rotation": 180, "texture": "#1"}
			}
		},
		{
			"from": [6, 10, 10],
			"to": [6.5, 10.25, 10.25],
			"rotation": {"angle": -22.5, "axis": "z", "origin": [6.25, 10.125, 4.125]},
			"faces": {
				"north": {"uv": [0, 0, 8, 5.75], "texture": "#1"},
				"east": {"uv": [0, 6, 5.75, 11.75], "texture": "#1"},
				"south": {"uv": [8, 5.75, 0, 0], "texture": "#1"},
				"west": {"uv": [6, 6, 11.75, 11.75], "texture": "#1"},
				"up": {"uv": [8, 5.75, 0, 0], "texture": "#1"},
				"down": {"uv": [8, 0, 0, 5.75], "texture": "#1"}
			}
		}
	]
}