{
	"credit": "Made with Blockbench",
	"ambientocclusion": false,
	"textures": {
		"0": "block/other_plants/yucca",
		"1": "block/dandelion/bee",
		"particle": "block/other_plants/yucca"
	},
	"elements": [
		{
			"from": [6, 0, -2],
			"to": [9, 0, 8],
			"rotation": {"angle": 22.5, "axis": "x", "origin": [7.5, 0, 8]},
			"faces": {
				"north": {"uv": [0, 0, 3, 0], "texture": "#0"},
				"east": {"uv": [0, 0, 10, 0], "texture": "#0"},
				"south": {"uv": [0, 0, 3, 0], "texture": "#0"},
				"west": {"uv": [0, 0, 10, 0], "texture": "#0"},
				"up": {"uv": [0, 0, 3, 10], "texture": "#0"},
				"down": {"uv": [0, 10, 3, 0], "texture": "#0"}
			}
		},
		{
			"from": [6, 0, 8],
			"to": [9, 0, 18],
			"rotation": {"angle": -22.5, "axis": "x", "origin": [7.5, 0, 8]},
			"faces": {
				"north": {"uv": [0, 0, 3, 0], "texture": "#0"},
				"east": {"uv": [0, 0, 10, 0], "texture": "#0"},
				"south": {"uv": [0, 0, 3, 0], "texture": "#0"},
				"west": {"uv": [0, 0, 10, 0], "texture": "#0"},
				"up": {"uv": [0, 0, 3, 10], "rotation": 180, "texture": "#0"},
				"down": {"uv": [0, 10, 3, 0], "rotation": 180, "texture": "#0"}
			}
		},
		{
			"from": [-2.5, 0, 6.5],
			"to": [7.5, 0, 9.5],
			"rotation": {"angle": -22.5, "axis": "z", "origin": [7.5, 0, 8]},
			"faces": {
				"north": {"uv": [0, 0, 10, 0], "texture": "#0"},
				"east": {"uv": [0, 0, 3, 0], "texture": "#0"},
				"south": {"uv": [0, 0, 10, 0], "texture": "#0"},
				"west": {"uv": [0, 0, 3, 0], "texture": "#0"},
				"up": {"uv": [0, 0, 3, 10], "rotation": 270, "texture": "#0"},
				"down": {"uv": [0, 10, 3, 0], "rotation": 90, "texture": "#0"}
			}
		},
		{
			"from": [6, 0, -2],
			"to": [9, 0, 8],
			"rotation": {"angle": 45, "axis": "x", "origin": [7.5, 0, 8]},
			"faces": {
				"north": {"uv": [0, 0, 3, 0], "texture": "#0"},
				"east": {"uv": [0, 0, 10, 0], "texture": "#0"},
				"south": {"uv": [0, 0, 3, 0], "texture": "#0"},
				"west": {"uv": [0, 0, 10, 0], "texture": "#0"},
				"up": {"uv": [0, 0, 3, 10], "texture": "#0"},
				"down": {"uv": [0, 10, 3, 0], "texture": "#0"}
			}
		},
		{
			"from": [6, 0, 8],
			"to": [9, 10, 8],
			"rotation": {"angle": 45, "axis": "x", "origin": [7.5, 0, 8]},
			"faces": {
				"north": {"uv": [0, 0, 3, 10], "texture": "#0"},
				"east": {"uv": [0, 0, 10, 0], "rotation": 90, "texture": "#0"},
				"south": {"uv": [0, 10, 3, 0], "rotation": 180, "texture": "#0"},
				"west": {"uv": [0, 0, 10, 0], "rotation": 270, "texture": "#0"},
				"up": {"uv": [0, 0, 3, 0], "texture": "#0"},
				"down": {"uv": [0, 0, 3, 0], "rotation": 180, "texture": "#0"}
			}
		},
		{
			"from": [7.5, 0, 6.5],
			"to": [17.5, 0, 9.5],
			"rotation": {"angle": 45, "axis": "z", "origin": [7.5, 0, 8]},
			"faces": {
				"north": {"uv": [0, 0, 10, 0], "texture": "#0"},
				"east": {"uv": [0, 0, 3, 0], "texture": "#0"},
				"south": {"uv": [0, 0, 10, 0], "texture": "#0"},
				"west": {"uv": [0, 0, 3, 0], "texture": "#0"},
				"up": {"uv": [0, 0, 3, 10], "rotation": 90, "texture": "#0"},
				"down": {"uv": [0, 10, 3, 0], "rotation": 270, "texture": "#0"}
			}
		},
		{
			"from": [-2.5, 0, 6.5],
			"to": [7.5, 0, 9.5],
			"rotation": {"angle": -45, "axis": "z", "origin": [7.5, 0, 8]},
			"faces": {
				"north": {"uv": [0, 0, 10, 0], "texture": "#0"},
				"east": {"uv": [0, 0, 3, 0], "texture": "#0"},
				"south": {"uv": [0, 0, 10, 0], "texture": "#0"},
				"west": {"uv": [0, 0, 3, 0], "texture": "#0"},
				"up": {"uv": [0, 0, 3, 10], "rotation": 270, "texture": "#0"},
				"down": {"uv": [0, 10, 3, 0], "rotation": 90, "texture": "#0"}
			}
		},
		{
			"from": [-2.5, 2, 6.5],
			"to": [7.5, 2, 9.5],
			"rotation": {"angle": 45, "axis": "y", "origin": [7.5, 0, 8]},
			"faces": {
				"north": {"uv": [0, 0, 10, 0], "texture": "#0"},
				"east": {"uv": [0, 0, 3, 0], "texture": "#0"},
				"south": {"uv": [0, 0, 10, 0], "texture": "#0"},
				"west": {"uv": [0, 0, 3, 0], "texture": "#0"},
				"up": {"uv": [0, 0, 3, 10], "rotation": 270, "texture": "#0"},
				"down": {"uv": [0, 10, 3, 0], "rotation": 90, "texture": "#0"}
			}
		},
		{
			"from": [7.5, 2, 6.5],
			"to": [17.5, 2, 9.5],
			"rotation": {"angle": 45, "axis": "y", "origin": [7.5, 0, 8]},
			"faces": {
				"north": {"uv": [0, 0, 10, 0], "texture": "#0"},
				"east": {"uv": [0, 0, 3, 0], "texture": "#0"},
				"south": {"uv": [0, 0, 10, 0], "texture": "#0"},
				"west": {"uv": [0, 0, 3, 0], "texture": "#0"},
				"up": {"uv": [0, 0, 3, 10], "rotation": 90, "texture": "#0"},
				"down": {"uv": [0, 10, 3, 0], "rotation": 270, "texture": "#0"}
			}
		},
		{
			"from": [6, 2, 8],
			"to": [9, 2, 18],
			"rotation": {"angle": 45, "axis": "y", "origin": [7.5, 0, 8]},
			"faces": {
				"north": {"uv": [0, 0, 3, 0], "texture": "#0"},
				"east": {"uv": [0, 0, 10, 0], "texture": "#0"},
				"south": {"uv": [0, 0, 3, 0], "texture": "#0"},
				"west": {"uv": [0, 0, 10, 0], "texture": "#0"},
				"up": {"uv": [0, 0, 3, 10], "rotation": 180, "texture": "#0"},
				"down": {"uv": [0, 10, 3, 0], "rotation": 180, "texture": "#0"}
			}
		},
		{
			"from": [6, 2, -2],
			"to": [9, 2, 8],
			"rotation": {"angle": 45, "axis": "y", "origin": [7.5, 0, 8]},
			"faces": {
				"north": {"uv": [0, 0, 3, 0], "texture": "#0"},
				"east": {"uv": [0, 0, 10, 0], "texture": "#0"},
				"south": {"uv": [0, 0, 3, 0], "texture": "#0"},
				"west": {"uv": [0, 0, 10, 0], "texture": "#0"},
				"up": {"uv": [0, 0, 3, 10], "texture": "#0"},
				"down": {"uv": [1, 0, 2, 1], "texture": "#0"}
			}
		},
		{
			"from": [3, 0, 8],
			"to": [6, 8, 8],
			"rotation": {"angle": 22.5, "axis": "z", "origin": [7.5, 0, 8]},
			"faces": {
				"north": {"uv": [6, 7, 3, 15], "rotation": 180, "texture": "#0"},
				"east": {"uv": [0, 0, 10, 0], "rotation": 270, "texture": "#0"},
				"south": {"uv": [3, 7, 6, 15], "texture": "#0"},
				"west": {"uv": [0, 0, 10, 0], "rotation": 90, "texture": "#0"},
				"up": {"uv": [0, 0, 3, 0], "rotation": 180, "texture": "#0"},
				"down": {"uv": [0, 0, 3, 0], "texture": "#0"}
			}
		},
		{
			"from": [7.5, 0, 9.5],
			"to": [7.5, 8, 12.5],
			"rotation": {"angle": 45, "axis": "y", "origin": [7.5, 0, 8]},
			"faces": {
				"north": {"uv": [0, 0, 10, 0], "rotation": 270, "texture": "#0"},
				"east": {"uv": [3, 7, 6, 15], "texture": "#0"},
				"south": {"uv": [0, 0, 10, 0], "rotation": 90, "texture": "#0"},
				"west": {"uv": [6, 7, 3, 15], "rotation": 180, "texture": "#0"},
				"up": {"uv": [0, 0, 3, 0], "rotation": 90, "texture": "#0"},
				"down": {"uv": [0, 0, 3, 0], "rotation": 90, "texture": "#0"}
			}
		},
		{
			"from": [9, 0, 8],
			"to": [12, 8, 8],
			"rotation": {"angle": 45, "axis": "y", "origin": [7.5, 0, 8]},
			"faces": {
				"north": {"uv": [3, 7, 6, 15], "texture": "#0"},
				"east": {"uv": [0, 0, 10, 0], "rotation": 90, "texture": "#0"},
				"south": {"uv": [6, 7, 3, 15], "rotation": 180, "texture": "#0"},
				"west": {"uv": [0, 0, 10, 0], "rotation": 270, "texture": "#0"},
				"up": {"uv": [0, 0, 3, 0], "texture": "#0"},
				"down": {"uv": [0, 0, 3, 0], "rotation": 180, "texture": "#0"}
			}
		},
		{
			"from": [7.5, 0, 3.5],
			"to": [7.5, 8, 6.5],
			"rotation": {"angle": 45, "axis": "y", "origin": [7.5, 0, 8]},
			"faces": {
				"north": {"uv": [0, 0, 10, 0], "rotation": 90, "texture": "#0"},
				"east": {"uv": [6, 7, 3, 15], "rotation": 180, "texture": "#0"},
				"south": {"uv": [0, 0, 10, 0], "rotation": 270, "texture": "#0"},
				"west": {"uv": [3, 7, 6, 15], "texture": "#0"},
				"up": {"uv": [0, 0, 3, 0], "rotation": 270, "texture": "#0"},
				"down": {"uv": [0, 0, 3, 0], "rotation": 270, "texture": "#0"}
			}
		},
		{
			"from": [3, 0, 8],
			"to": [6, 8, 8],
			"rotation": {"angle": 45, "axis": "y", "origin": [7.5, 0, 8]},
			"faces": {
				"north": {"uv": [6, 7, 3, 15], "rotation": 180, "texture": "#0"},
				"east": {"uv": [0, 0, 10, 0], "rotation": 270, "texture": "#0"},
				"south": {"uv": [3, 7, 6, 15], "texture": "#0"},
				"west": {"uv": [0, 0, 10, 0], "rotation": 90, "texture": "#0"},
				"up": {"uv": [0, 0, 3, 0], "rotation": 180, "texture": "#0"},
				"down": {"uv": [0, 0, 3, 0], "texture": "#0"}
			}
		},
		{
			"from": [7.5, 0, 3.5],
			"to": [7.5, 8, 6.5],
			"rotation": {"angle": -22.5, "axis": "x", "origin": [7.5, 0, 8]},
			"faces": {
				"north": {"uv": [0, 0, 10, 0], "rotation": 90, "texture": "#0"},
				"east": {"uv": [6, 7, 3, 15], "texture": "#0"},
				"south": {"uv": [0, 0, 10, 0], "rotation": 270, "texture": "#0"},
				"west": {"uv": [3, 7, 6, 15], "texture": "#0"},
				"up": {"uv": [0, 0, 3, 0], "rotation": 270, "texture": "#0"},
				"down": {"uv": [0, 0, 3, 0], "rotation": 270, "texture": "#0"}
			}
		},
		{
			"from": [9, 0, 8],
			"to": [12, 8, 8],
			"rotation": {"angle": -22.5, "axis": "z", "origin": [7.5, 0, 8]},
			"faces": {
				"north": {"uv": [3, 7, 6, 15], "texture": "#0"},
				"east": {"uv": [0, 0, 10, 0], "rotation": 90, "texture": "#0"},
				"south": {"uv": [6, 7, 3, 15], "rotation": 180, "texture": "#0"},
				"west": {"uv": [0, 0, 10, 0], "rotation": 270, "texture": "#0"},
				"up": {"uv": [0, 0, 3, 0], "texture": "#0"},
				"down": {"uv": [0, 0, 3, 0], "rotation": 180, "texture": "#0"}
			}
		},
		{
			"from": [7.5, 0, 9.5],
			"to": [7.5, 8, 12.5],
			"rotation": {"angle": 22.5, "axis": "x", "origin": [7.5, 0, 8]},
			"faces": {
				"north": {"uv": [0, 0, 10, 0], "rotation": 270, "texture": "#0"},
				"east": {"uv": [3, 7, 6, 15], "texture": "#0"},
				"south": {"uv": [0, 0, 10, 0], "rotation": 90, "texture": "#0"},
				"west": {"uv": [6, 7, 3, 15], "texture": "#0"},
				"up": {"uv": [0, 0, 3, 0], "rotation": 90, "texture": "#0"},
				"down": {"uv": [0, 0, 3, 0], "rotation": 90, "texture": "#0"}
			}
		},
		{
			"from": [7, 0, 8],
			"to": [8, 15, 9],
			"faces": {
				"north": {"uv": [1, 0, 2, 10], "texture": "#0"},
				"east": {"uv": [1, 0, 2, 10], "texture": "#0"},
				"south": {"uv": [1, 0, 2, 10], "texture": "#0"},
				"west": {"uv": [1, 0, 2, 10], "texture": "#0"},
				"up": {"uv": [1, 0, 2, 1], "texture": "#0"},
				"down": {"uv": [0, 0, 1, 1], "texture": "#0"}
			}
		},
		{
			"from": [4.5, 5, 8.5],
			"to": [7.5, 16, 8.5],
			"rotation": {"angle": 0, "axis": "y", "origin": [7.5, 10.5, 9]},
			"faces": {
				"north": {"uv": [6, 0, 9, 11], "texture": "#0"},
				"east": {"uv": [0, 0, 0, 11], "texture": "#missing"},
				"south": {"uv": [6, 0, 9, 11], "texture": "#0"},
				"west": {"uv": [0, 0, 0, 11], "texture": "#missing"},
				"up": {"uv": [0, 0, 3, 0], "texture": "#missing"},
				"down": {"uv": [0, 0, 3, 0], "texture": "#missing"}
			}
		},
		{
			"from": [7.5, 5, 9],
			"to": [7.5, 16, 12],
			"rotation": {"angle": 0, "axis": "y", "origin": [7.5, 10.5, 9]},
			"faces": {
				"north": {"uv": [0, 0, 0, 11], "texture": "#0"},
				"east": {"uv": [6, 0, 9, 11], "texture": "#0"},
				"south": {"uv": [0, 0, 0, 11], "texture": "#0"},
				"west": {"uv": [6, 0, 9, 11], "texture": "#0"},
				"up": {"uv": [0, 0, 3, 0], "rotation": 270, "texture": "#0"},
				"down": {"uv": [0, 0, 3, 0], "rotation": 90, "texture": "#0"}
			}
		},
		{
			"from": [7.5, 5, 8.5],
			"to": [10.5, 16, 8.5],
			"rotation": {"angle": 0, "axis": "y", "origin": [7.5, 10.5, 9]},
			"faces": {
				"north": {"uv": [6, 0, 9, 11], "texture": "#0"},
				"east": {"uv": [0, 0, 0, 11], "texture": "#0"},
				"south": {"uv": [6, 0, 9, 11], "texture": "#0"},
				"west": {"uv": [0, 0, 0, 11], "texture": "#0"},
				"up": {"uv": [0, 0, 3, 0], "rotation": 180, "texture": "#0"},
				"down": {"uv": [0, 0, 3, 0], "rotation": 180, "texture": "#0"}
			}
		},
		{
			"from": [7.5, 5, 5.5],
			"to": [7.5, 16, 8.5],
			"rotation": {"angle": 0, "axis": "y", "origin": [7.5, 10.5, 9]},
			"faces": {
				"north": {"uv": [0, 0, 0, 11], "texture": "#0"},
				"east": {"uv": [6, 0, 9, 11], "texture": "#0"},
				"south": {"uv": [0, 0, 0, 11], "texture": "#0"},
				"west": {"uv": [6, 0, 9, 11], "texture": "#0"},
				"up": {"uv": [0, 0, 3, 0], "rotation": 90, "texture": "#0"},
				"down": {"uv": [0, 0, 3, 0], "rotation": 270, "texture": "#0"}
			}
		},
		{
			"from": [4.5, 5, 8.5],
			"to": [7.5, 16, 8.5],
			"rotation": {"angle": 45, "axis": "y", "origin": [7.5, 10.5, 9]},
			"faces": {
				"north": {"uv": [6, 0, 9, 11], "texture": "#0"},
				"east": {"uv": [0, 0, 0, 11], "texture": "#0"},
				"south": {"uv": [6, 0, 9, 11], "texture": "#0"},
				"west": {"uv": [0, 0, 0, 11], "texture": "#0"},
				"up": {"uv": [0, 0, 3, 0], "texture": "#0"},
				"down": {"uv": [0, 0, 3, 0], "texture": "#0"}
			}
		},
		{
			"from": [7.5, 5, 9],
			"to": [7.5, 16, 12],
			"rotation": {"angle": 45, "axis": "y", "origin": [7.5, 10.5, 9]},
			"faces": {
				"north": {"uv": [0, 0, 0, 11], "texture": "#0"},
				"east": {"uv": [6, 0, 9, 11], "texture": "#0"},
				"south": {"uv": [0, 0, 0, 11], "texture": "#0"},
				"west": {"uv": [6, 0, 9, 11], "texture": "#0"},
				"up": {"uv": [0, 0, 3, 0], "rotation": 270, "texture": "#0"},
				"down": {"uv": [0, 0, 3, 0], "rotation": 90, "texture": "#0"}
			}
		},
		{
			"from": [7.5, 5, 8.5],
			"to": [10.5, 16, 8.5],
			"rotation": {"angle": 45, "axis": "y", "origin": [7.5, 10.5, 9]},
			"faces": {
				"north": {"uv": [6, 0, 9, 11], "texture": "#0"},
				"east": {"uv": [0, 0, 0, 11], "texture": "#0"},
				"south": {"uv": [6, 0, 9, 11], "texture": "#0"},
				"west": {"uv": [0, 0, 0, 11], "texture": "#0"},
				"up": {"uv": [0, 0, 3, 0], "rotation": 180, "texture": "#0"},
				"down": {"uv": [0, 0, 3, 0], "rotation": 180, "texture": "#0"}
			}
		},
		{
			"from": [7.5, 5, 5.5],
			"to": [7.5, 16, 8.5],
			"rotation": {"angle": 45, "axis": "y", "origin": [7.5, 10.5, 9]},
			"faces": {
				"north": {"uv": [0, 0, 0, 11], "texture": "#0"},
				"east": {"uv": [6, 0, 9, 11], "texture": "#0"},
				"south": {"uv": [0, 0, 0, 11], "texture": "#0"},
				"west": {"uv": [6, 0, 9, 11], "texture": "#0"},
				"up": {"uv": [0, 0, 3, 0], "rotation": 90, "texture": "#0"},
				"down": {"uv": [0, 0, 3, 0], "rotation": 270, "texture": "#0"}
			}
		},
		{
			"from": [6.5, 7, 7.5],
			"to": [8.5, 13, 9.5],
			"faces": {
				"north": {"uv": [10, 2, 13, 7], "texture": "#0"},
				"east": {"uv": [10, 2, 13, 7], "texture": "#0"},
				"south": {"uv": [10, 2, 13, 7], "texture": "#0"},
				"west": {"uv": [10, 2, 13, 7], "texture": "#0"},
				"up": {"uv": [10, 2, 13, 7], "texture": "#0"},
				"down": {"uv": [10, 2, 13, 7], "texture": "#0"}
			}
		},
		{
			"from": [9.31283, 12.45461, 4],
			"to": [9.81283, 12.70461, 4.25],
			"rotation": {"angle": -22.5, "axis": "y", "origin": [9.56283, 12.57961, 4.125]},
			"faces": {
				"north": {"uv": [8, 5.75, 0, 0], "texture": "#1"},
				"east": {"uv": [6, 6, 11.75, 11.75], "texture": "#1"},
				"south": {"uv": [0, 0, 8, 5.75], "texture": "#1"},
				"west": {"uv": [0, 6, 5.75, 11.75], "texture": "#1"},
				"up": {"uv": [8, 5.75, 0, 0], "rotation": 180, "texture": "#1"},
				"down": {"uv": [8, 0, 0, 5.75], "rotation": 180, "texture": "#1"}
			}
		},
		{
			"from": [6, 10, 4],
			"to": [6.5, 10.25, 4.25],
			"rotation": {"angle": 22.5, "axis": "z", "origin": [6.25, 10.125, 4.125]},
			"faces": {
				"north": {"uv": [0, 0, 8, 5.75], "texture": "#1"},
				"east": {"uv": [0, 6, 5.75, 11.75], "texture": "#1"},
				"south": {"uv": [8, 5.75, 0, 0], "texture": "#1"},
				"west": {"uv": [6, 6, 11.75, 11.75], "texture": "#1"},
				"up": {"uv": [8, 5.75, 0, 0], "texture": "#1"},
				"down": {"uv": [8, 0, 0, 5.75], "texture": "#1"}
			}
		},
		{
			"from": [5, 9.5, 5],
			"to": [5.5, 9.75, 5.25],
			"rotation": {"angle": -22.5, "axis": "y", "origin": [6.25, 10.125, 4.125]},
			"faces": {
				"north": {"uv": [8, 5.75, 0, 0], "texture": "#1"},
				"east": {"uv": [6, 6, 11.75, 11.75], "texture": "#1"},
				"south": {"uv": [0, 0, 8, 5.75], "texture": "#1"},
				"west": {"uv": [0, 6, 5.75, 11.75], "texture": "#1"},
				"up": {"uv": [8, 5.75, 0, 0], "rotation": 180, "texture": "#1"},
				"down": {"uv": [8, 0, 0, 5.75], "rotation": 180, "texture": "#1"}
			}
		},
		{
			"from": [6, 10, 10],
			"to": [6.5, 10.25, 10.25],
			"rotation": {"angle": -22.5, "axis": "z", "origin": [6.25, 10.125, 4.125]},
			"faces": {
				"north": {"uv": [0, 0, 8, 5.75], "texture": "#1"},
				"east": {"uv": [0, 6, 5.75, 11.75], "texture": "#1"},
				"south": {"uv": [8, 5.75, 0, 0], "texture": "#1"},
				"west": {"uv": [6, 6, 11.75, 11.75], "texture": "#1"},
				"up": {"uv": [8, 5.75, 0, 0], "texture": "#1"},
				"down": {"uv": [8, 0, 0, 5.75], "texture": "#1"}
			}
		}
	],
	"groups": [
		{
			"name": "group",
			"origin": [7.5, 0, 8],
			"children": [0, 1, 2]
		},
		{
			"name": "group",
			"origin": [7.5, 0, 8],
			"children": [3, 4, 5, 6]
		},
		{
			"name": "group",
			"origin": [7.5, 0, 8],
			"children": [7, 8, 9, 10]
		},
		{
			"name": "group",
			"origin": [8, 8, 8],
			"children": [11, 12, 13, 14, 15, 16, 17, 18, 19]
		}, 20, 21, 22, 23, 24, 25, 26, 27, 28, 29, 30, 31, 32]
}