{
	"credit": "Made with Blockbench",
	"ambientocclusion": false,
	"textures": {
		"0": "block/jp_rose/jp_rose",
		"particle": "block/jp_rose/jp_rose"
	},
	"elements": [
		{
			"from": [7.5, 0, 1.5],
			"to": [7.5, 15, 14.5],
			"rotation": {"angle": -22.5, "axis": "y", "origin": [7.5, 7.5, 8]},
			"faces": {
				"north": {"uv": [0, 0, 0, 15], "texture": "#0"},
				"east": {"uv": [0, 0, 13, 15], "texture": "#0"},
				"south": {"uv": [0, 0, 0, 15], "texture": "#0"},
				"west": {"uv": [13, 0, 0, 15], "texture": "#0"},
				"up": {"uv": [0, 0, 13, 0], "rotation": 90, "texture": "#0"},
				"down": {"uv": [0, 0, 13, 0], "rotation": 270, "texture": "#0"}
			}
		},
		{
			"from": [1, 0, 8],
			"to": [14, 15, 8],
			"rotation": {"angle": 0, "axis": "y", "origin": [7.5, 7.5, 8]},
			"faces": {
				"north": {"uv": [0, 0, 13, 15], "texture": "#0"},
				"east": {"uv": [0, 0, 0, 15], "texture": "#missing"},
				"south": {"uv": [13, 0, 0, 15], "texture": "#0"},
				"west": {"uv": [0, 0, 0, 15], "texture": "#missing"},
				"up": {"uv": [0, 0, 13, 0], "texture": "#missing"},
				"down": {"uv": [0, 0, 13, 0], "texture": "#missing"}
			}
		},
		{
			"from": [1, 0, 8],
			"to": [14, 15, 8],
			"rotation": {"angle": -45, "axis": "y", "origin": [7.5, 7.5, 8]},
			"faces": {
				"north": {"uv": [0, 0, 13, 15], "texture": "#0"},
				"east": {"uv": [0, 0, 0, 15], "texture": "#0"},
				"south": {"uv": [13, 0, 0, 15], "texture": "#0"},
				"west": {"uv": [0, 0, 0, 15], "texture": "#0"},
				"up": {"uv": [0, 0, 13, 0], "texture": "#0"},
				"down": {"uv": [0, 0, 13, 0], "texture": "#0"}
			}
		},
		{
			"from": [4, 6, 4],
			"to": [4, 8, 6],
			"rotation": {"angle": 0, "axis": "y", "origin": [4, 7, 5]},
			"faces": {
				"north": {"uv": [0, 0, 0, 2], "texture": "#0"},
				"east": {"uv": [13, 0, 16, 3], "texture": "#0"},
				"south": {"uv": [0, 0, 0, 2], "texture": "#0"},
				"west": {"uv": [13, 0, 16, 3], "texture": "#0"},
				"up": {"uv": [0, 0, 2, 0], "rotation": 270, "texture": "#0"},
				"down": {"uv": [0, 0, 2, 0], "rotation": 90, "texture": "#0"}
			}
		},
		{
			"from": [7, 8, 5],
			"to": [9, 10, 5],
			"rotation": {"angle": 0, "axis": "y", "origin": [15, 16, 12]},
			"faces": {
				"north": {"uv": [13, 0, 16, 3], "texture": "#0"},
				"east": {"uv": [0, 0, 0, 2], "texture": "#0"},
				"south": {"uv": [13, 0, 16, 3], "texture": "#0"},
				"west": {"uv": [0, 0, 0, 2], "texture": "#0"},
				"up": {"uv": [0, 0, 2, 0], "texture": "#0"},
				"down": {"uv": [0, 0, 2, 0], "texture": "#0"}
			}
		},
		{
			"from": [8, 8, 4],
			"to": [8, 10, 6],
			"rotation": {"angle": 0, "axis": "y", "origin": [8, 9, 5]},
			"faces": {
				"north": {"uv": [0, 0, 0, 2], "texture": "#0"},
				"east": {"uv": [13, 0, 16, 3], "texture": "#0"},
				"south": {"uv": [0, 0, 0, 2], "texture": "#0"},
				"west": {"uv": [13, 0, 16, 3], "texture": "#0"},
				"up": {"uv": [0, 0, 2, 0], "rotation": 270, "texture": "#0"},
				"down": {"uv": [0, 0, 2, 0], "rotation": 90, "texture": "#0"}
			}
		},
		{
			"from": [3, 6, 5],
			"to": [5, 8, 5],
			"rotation": {"angle": 0, "axis": "y", "origin": [11, 14, 12]},
			"faces": {
				"north": {"uv": [13, 0, 16, 3], "texture": "#0"},
				"east": {"uv": [0, 0, 0, 2], "texture": "#0"},
				"south": {"uv": [13, 0, 16, 3], "texture": "#0"},
				"west": {"uv": [0, 0, 0, 2], "texture": "#0"},
				"up": {"uv": [0, 0, 2, 0], "texture": "#0"},
				"down": {"uv": [0, 0, 2, 0], "texture": "#0"}
			}
		},
		{
			"from": [4, 11, 4],
			"to": [4, 13, 6],
			"rotation": {"angle": 0, "axis": "y", "origin": [4, 12, 5]},
			"faces": {
				"north": {"uv": [0, 0, 0, 2], "texture": "#0"},
				"east": {"uv": [13, 0, 16, 3], "texture": "#0"},
				"south": {"uv": [0, 0, 0, 2], "texture": "#0"},
				"west": {"uv": [13, 0, 16, 3], "texture": "#0"},
				"up": {"uv": [0, 0, 2, 0], "rotation": 270, "texture": "#0"},
				"down": {"uv": [0, 0, 2, 0], "rotation": 90, "texture": "#0"}
			}
		},
		{
			"from": [3, 11, 5],
			"to": [5, 13, 5],
			"rotation": {"angle": 0, "axis": "y", "origin": [11, 19, 12]},
			"faces": {
				"north": {"uv": [13, 0, 16, 3], "texture": "#0"},
				"east": {"uv": [0, 0, 0, 2], "texture": "#0"},
				"south": {"uv": [13, 0, 16, 3], "texture": "#0"},
				"west": {"uv": [0, 0, 0, 2], "texture": "#0"},
				"up": {"uv": [0, 0, 2, 0], "texture": "#0"},
				"down": {"uv": [0, 0, 2, 0], "texture": "#0"}
			}
		},
		{
			"from": [11, 5, 7],
			"to": [11, 7, 9],
			"rotation": {"angle": 0, "axis": "y", "origin": [11, 6, 8]},
			"faces": {
				"north": {"uv": [0, 0, 0, 2], "texture": "#0"},
				"east": {"uv": [13, 0, 16, 3], "texture": "#0"},
				"south": {"uv": [0, 0, 0, 2], "texture": "#0"},
				"west": {"uv": [13, 0, 16, 3], "texture": "#0"},
				"up": {"uv": [0, 0, 2, 0], "rotation": 270, "texture": "#0"},
				"down": {"uv": [0, 0, 2, 0], "rotation": 90, "texture": "#0"}
			}
		},
		{
			"from": [10.1, 5, 8.1],
			"to": [12.1, 7, 8.1],
			"rotation": {"angle": 0, "axis": "y", "origin": [18, 13, 15]},
			"faces": {
				"north": {"uv": [13, 0, 16, 3], "texture": "#0"},
				"east": {"uv": [0, 0, 0, 2], "texture": "#0"},
				"south": {"uv": [13, 0, 16, 3], "texture": "#0"},
				"west": {"uv": [0, 0, 0, 2], "texture": "#0"},
				"up": {"uv": [0, 0, 2, 0], "texture": "#0"},
				"down": {"uv": [0, 0, 2, 0], "texture": "#0"}
			}
		},
		{
			"from": [10, 12, 4],
			"to": [10, 14, 6],
			"rotation": {"angle": 0, "axis": "y", "origin": [10, 13, 5]},
			"faces": {
				"north": {"uv": [0, 0, 0, 2], "texture": "#0"},
				"east": {"uv": [13, 0, 16, 3], "texture": "#0"},
				"south": {"uv": [0, 0, 0, 2], "texture": "#0"},
				"west": {"uv": [13, 0, 16, 3], "texture": "#0"},
				"up": {"uv": [0, 0, 2, 0], "rotation": 270, "texture": "#0"},
				"down": {"uv": [0, 0, 2, 0], "rotation": 90, "texture": "#0"}
			}
		},
		{
			"from": [9, 12, 5],
			"to": [11, 14, 5],
			"rotation": {"angle": 0, "axis": "y", "origin": [17, 20, 12]},
			"faces": {
				"north": {"uv": [13, 0, 16, 3], "texture": "#0"},
				"east": {"uv": [0, 0, 0, 2], "texture": "#0"},
				"south": {"uv": [13, 0, 16, 3], "texture": "#0"},
				"west": {"uv": [0, 0, 0, 2], "texture": "#0"},
				"up": {"uv": [0, 0, 2, 0], "texture": "#0"},
				"down": {"uv": [0, 0, 2, 0], "texture": "#0"}
			}
		},
		{
			"from": [10, 12, 8],
			"to": [10, 14, 10],
			"rotation": {"angle": 0, "axis": "y", "origin": [10, 13, 9]},
			"faces": {
				"north": {"uv": [0, 0, 0, 2], "texture": "#0"},
				"east": {"uv": [13, 0, 16, 3], "texture": "#0"},
				"south": {"uv": [0, 0, 0, 2], "texture": "#0"},
				"west": {"uv": [13, 0, 16, 3], "texture": "#0"},
				"up": {"uv": [0, 0, 2, 0], "rotation": 270, "texture": "#0"},
				"down": {"uv": [0, 0, 2, 0], "rotation": 90, "texture": "#0"}
			}
		},
		{
			"from": [9, 12, 9],
			"to": [11, 14, 9],
			"rotation": {"angle": 0, "axis": "y", "origin": [17, 20, 16]},
			"faces": {
				"north": {"uv": [13, 0, 16, 3], "texture": "#0"},
				"east": {"uv": [0, 0, 0, 2], "texture": "#0"},
				"south": {"uv": [13, 0, 16, 3], "texture": "#0"},
				"west": {"uv": [0, 0, 0, 2], "texture": "#0"},
				"up": {"uv": [0, 0, 2, 0], "texture": "#0"},
				"down": {"uv": [0, 0, 2, 0], "texture": "#0"}
			}
		},
		{
			"from": [10, 8, 9],
			"to": [10, 10, 11],
			"rotation": {"angle": 0, "axis": "y", "origin": [10, 9, 10]},
			"faces": {
				"north": {"uv": [0, 0, 0, 2], "texture": "#0"},
				"east": {"uv": [13, 0, 16, 3], "texture": "#0"},
				"south": {"uv": [0, 0, 0, 2], "texture": "#0"},
				"west": {"uv": [13, 0, 16, 3], "texture": "#0"},
				"up": {"uv": [0, 0, 2, 0], "rotation": 270, "texture": "#0"},
				"down": {"uv": [0, 0, 2, 0], "rotation": 90, "texture": "#0"}
			}
		},
		{
			"from": [9, 8, 10],
			"to": [11, 10, 10],
			"rotation": {"angle": 0, "axis": "y", "origin": [17, 16, 17]},
			"faces": {
				"north": {"uv": [13, 0, 16, 3], "texture": "#0"},
				"east": {"uv": [0, 0, 0, 2], "texture": "#0"},
				"south": {"uv": [13, 0, 16, 3], "texture": "#0"},
				"west": {"uv": [0, 0, 0, 2], "texture": "#0"},
				"up": {"uv": [0, 0, 2, 0], "texture": "#0"},
				"down": {"uv": [0, 0, 2, 0], "texture": "#0"}
			}
		},
		{
			"from": [5, 6, 12],
			"to": [5, 8, 14],
			"rotation": {"angle": 0, "axis": "y", "origin": [5, 7, 13]},
			"faces": {
				"north": {"uv": [0, 0, 0, 2], "texture": "#0"},
				"east": {"uv": [13, 0, 16, 3], "texture": "#0"},
				"south": {"uv": [0, 0, 0, 2], "texture": "#0"},
				"west": {"uv": [13, 0, 16, 3], "texture": "#0"},
				"up": {"uv": [0, 0, 2, 0], "rotation": 270, "texture": "#0"},
				"down": {"uv": [0, 0, 2, 0], "rotation": 90, "texture": "#0"}
			}
		},
		{
			"from": [4, 6, 13],
			"to": [6, 8, 13],
			"rotation": {"angle": 0, "axis": "y", "origin": [12, 14, 20]},
			"faces": {
				"north": {"uv": [13, 0, 16, 3], "texture": "#0"},
				"east": {"uv": [0, 0, 0, 2], "texture": "#0"},
				"south": {"uv": [13, 0, 16, 3], "texture": "#0"},
				"west": {"uv": [0, 0, 0, 2], "texture": "#0"},
				"up": {"uv": [0, 0, 2, 0], "texture": "#0"},
				"down": {"uv": [0, 0, 2, 0], "texture": "#0"}
			}
		},
		{
			"from": [4, 9, 8],
			"to": [4, 11, 10],
			"rotation": {"angle": 0, "axis": "y", "origin": [4, 10, 9]},
			"faces": {
				"north": {"uv": [0, 0, 0, 2], "texture": "#0"},
				"east": {"uv": [13, 0, 16, 3], "texture": "#0"},
				"south": {"uv": [0, 0, 0, 2], "texture": "#0"},
				"west": {"uv": [13, 0, 16, 3], "texture": "#0"},
				"up": {"uv": [0, 0, 2, 0], "rotation": 270, "texture": "#0"},
				"down": {"uv": [0, 0, 2, 0], "rotation": 90, "texture": "#0"}
			}
		},
		{
			"from": [3, 9, 9],
			"to": [5, 11, 9],
			"rotation": {"angle": 0, "axis": "y", "origin": [11, 17, 16]},
			"faces": {
				"north": {"uv": [13, 0, 16, 3], "texture": "#0"},
				"east": {"uv": [0, 0, 0, 2], "texture": "#0"},
				"south": {"uv": [13, 0, 16, 3], "texture": "#0"},
				"west": {"uv": [0, 0, 0, 2], "texture": "#0"},
				"up": {"uv": [0, 0, 2, 0], "texture": "#0"},
				"down": {"uv": [0, 0, 2, 0], "texture": "#0"}
			}
		},
		{
			"from": [6, 12, 10],
			"to": [6, 14, 12],
			"rotation": {"angle": 0, "axis": "y", "origin": [6, 13, 11]},
			"faces": {
				"north": {"uv": [0, 0, 0, 2], "texture": "#0"},
				"east": {"uv": [13, 0, 16, 3], "texture": "#0"},
				"south": {"uv": [0, 0, 0, 2], "texture": "#0"},
				"west": {"uv": [13, 0, 16, 3], "texture": "#0"},
				"up": {"uv": [0, 0, 2, 0], "rotation": 270, "texture": "#0"},
				"down": {"uv": [0, 0, 2, 0], "rotation": 90, "texture": "#0"}
			}
		},
		{
			"from": [5, 12, 11],
			"to": [7, 14, 11],
			"rotation": {"angle": 0, "axis": "y", "origin": [13, 20, 18]},
			"faces": {
				"north": {"uv": [13, 0, 16, 3], "texture": "#0"},
				"east": {"uv": [0, 0, 0, 2], "texture": "#0"},
				"south": {"uv": [13, 0, 16, 3], "texture": "#0"},
				"west": {"uv": [0, 0, 0, 2], "texture": "#0"},
				"up": {"uv": [0, 0, 2, 0], "texture": "#0"},
				"down": {"uv": [0, 0, 2, 0], "texture": "#0"}
			}
		}
	],
	"groups": [
		{
			"name": "group",
			"origin": [7.5, 7.5, 8],
			"children": [0, 1, 2]
		}, 3, 4, 5, 6, 7, 8, 9, 10, 11, 12, 13, 14, 15, 16, 17, 18, 19, 20, 21, 22]
}