{
	"credit": "Made with Blockbench",
	"ambientocclusion": false,
	"textures": {
		"1": "block/animals/butterfly1",
		"2": "block/dandelion/aster",
		"particle": "block/animals/butterfly1"
	},
	"elements": [
		{
			"from": [1, -1, 4],
			"to": [16, 6, 4],
			"rotation": {"angle": -22.5, "axis": "x", "origin": [10.25, 2.5, 6.25]},
			"faces": {
				"north": {"uv": [0, 9, 15, 16], "texture": "#2"},
				"east": {"uv": [0, 0, 0, 7], "texture": "#missing"},
				"south": {"uv": [15, 9, 0, 16], "texture": "#2"},
				"west": {"uv": [0, 0, 0, 7], "texture": "#missing"},
				"up": {"uv": [0, 0, 15, 0], "texture": "#missing"},
				"down": {"uv": [0, 0, 15, 0], "texture": "#missing"}
			}
		},
		{
			"from": [5.5, -1, 0.5],
			"to": [5.5, 6, 15.5],
			"rotation": {"angle": 22.5, "axis": "z", "origin": [6.25, 2.5, 10.25]},
			"faces": {
				"north": {"uv": [0, 0, 0, 7], "texture": "#2"},
				"east": {"uv": [15, 9, 0, 16], "texture": "#2"},
				"south": {"uv": [0, 0, 0, 7], "texture": "#2"},
				"west": {"uv": [0, 9, 15, 16], "texture": "#2"},
				"up": {"uv": [0, 0, 15, 0], "rotation": 270, "texture": "#2"},
				"down": {"uv": [0, 0, 15, 0], "rotation": 90, "texture": "#2"}
			}
		},
		{
			"from": [7.5, 0, 0.5],
			"to": [7.5, 7, 15.5],
			"rotation": {"angle": 45, "axis": "y", "origin": [7.5, 3.5, 8]},
			"faces": {
				"north": {"uv": [0, 0, 0, 7], "texture": "#2"},
				"east": {"uv": [15, 9, 0, 16], "texture": "#2"},
				"south": {"uv": [0, 0, 0, 7], "texture": "#2"},
				"west": {"uv": [0, 9, 15, 16], "texture": "#2"},
				"up": {"uv": [0, 0, 15, 0], "rotation": 270, "texture": "#2"},
				"down": {"uv": [0, 0, 15, 0], "rotation": 90, "texture": "#2"}
			}
		},
		{
			"from": [0, 0, 8],
			"to": [15, 7, 8],
			"rotation": {"angle": 45, "axis": "y", "origin": [7.5, 3.5, 8]},
			"faces": {
				"north": {"uv": [15, 9, 0, 16], "texture": "#2"},
				"east": {"uv": [0, 0, 0, 7], "texture": "#2"},
				"south": {"uv": [0, 9, 15, 16], "texture": "#2"},
				"west": {"uv": [0, 0, 0, 7], "texture": "#2"},
				"up": {"uv": [0, 0, 15, 0], "rotation": 180, "texture": "#2"},
				"down": {"uv": [0, 0, 15, 0], "rotation": 180, "texture": "#2"}
			}
		},
		{
			"from": [0.5, -1, 10.5],
			"to": [15.5, 6, 10.5],
			"rotation": {"angle": 22.5, "axis": "x", "origin": [6.25, 2.5, 10.25]},
			"faces": {
				"north": {"uv": [15, 9, 0, 16], "texture": "#2"},
				"east": {"uv": [0, 0, 0, 7], "texture": "#2"},
				"south": {"uv": [0, 9, 15, 16], "texture": "#2"},
				"west": {"uv": [0, 0, 0, 7], "texture": "#2"},
				"up": {"uv": [0, 0, 15, 0], "rotation": 180, "texture": "#2"},
				"down": {"uv": [0, 0, 15, 0], "rotation": 180, "texture": "#2"}
			}
		},
		{
			"from": [11, -1, 1],
			"to": [11, 6, 16],
			"rotation": {"angle": -22.5, "axis": "z", "origin": [10.25, 2.5, 6.25]},
			"faces": {
				"north": {"uv": [0, 0, 0, 7], "texture": "#2"},
				"east": {"uv": [0, 9, 15, 16], "texture": "#2"},
				"south": {"uv": [0, 0, 0, 7], "texture": "#2"},
				"west": {"uv": [15, 9, 0, 16], "texture": "#2"},
				"up": {"uv": [0, 0, 15, 0], "rotation": 90, "texture": "#2"},
				"down": {"uv": [0, 0, 15, 0], "rotation": 270, "texture": "#2"}
			}
		},
		{
			"from": [5, 9, 6],
			"to": [6, 9, 9],
			"rotation": {"angle": 0, "axis": "y", "origin": [6, 17, 6]},
			"faces": {
				"north": {"uv": [0, 0, 1, 0], "texture": "#missing"},
				"east": {"uv": [0, 0, 3, 0], "texture": "#missing"},
				"south": {"uv": [0, 0, 1, 0], "texture": "#missing"},
				"west": {"uv": [0, 0, 3, 0], "texture": "#missing"},
				"up": {"uv": [0, 3, 1, 0], "texture": "#2"},
				"down": {"uv": [0, 3, 1, 0], "texture": "#2"}
			}
		},
		{
			"from": [6, 9, 5],
			"to": [9, 9, 6],
			"rotation": {"angle": 0, "axis": "y", "origin": [5.5, 9, 5.5]},
			"faces": {
				"north": {"uv": [0, 0, 3, 0], "rotation": 180, "texture": "#2"},
				"east": {"uv": [0, 0, 1, 0], "rotation": 180, "texture": "#2"},
				"south": {"uv": [0, 0, 3, 0], "rotation": 180, "texture": "#2"},
				"west": {"uv": [0, 0, 1, 0], "rotation": 180, "texture": "#2"},
				"up": {"uv": [0, 3, 1, 0], "rotation": 90, "texture": "#2"},
				"down": {"uv": [0, 0, 1, 3], "rotation": 270, "texture": "#2"}
			}
		},
		{
			"from": [2, 9, 5],
			"to": [5, 9, 6],
			"rotation": {"angle": 0, "axis": "y", "origin": [5.5, 9, 5.5]},
			"faces": {
				"north": {"uv": [0, 0, 3, 0], "texture": "#2"},
				"east": {"uv": [0, 0, 1, 0], "texture": "#2"},
				"south": {"uv": [0, 0, 3, 0], "texture": "#2"},
				"west": {"uv": [0, 0, 1, 0], "texture": "#2"},
				"up": {"uv": [0, 3, 1, 0], "rotation": 90, "texture": "#2"},
				"down": {"uv": [0, 3, 1, 0], "rotation": 270, "texture": "#2"}
			}
		},
		{
			"from": [5, 9, 2],
			"to": [6, 9, 5],
			"rotation": {"angle": 0, "axis": "x", "origin": [6, 17, 6]},
			"faces": {
				"north": {"uv": [0, 0, 1, 0], "rotation": 180, "texture": "#2"},
				"east": {"uv": [0, 0, 3, 0], "rotation": 180, "texture": "#2"},
				"south": {"uv": [0, 0, 1, 0], "rotation": 180, "texture": "#2"},
				"west": {"uv": [0, 0, 3, 0], "rotation": 180, "texture": "#2"},
				"up": {"uv": [0, 3, 1, 0], "texture": "#2"},
				"down": {"uv": [0, 0, 1, 3], "texture": "#2"}
			}
		},
		{
			"from": [2, 9, 5],
			"to": [5, 9, 6],
			"rotation": {"angle": -45, "axis": "y", "origin": [5.5, 9, 5.5]},
			"faces": {
				"north": {"uv": [0, 0, 3, 0], "texture": "#2"},
				"east": {"uv": [0, 0, 1, 0], "texture": "#2"},
				"south": {"uv": [0, 0, 3, 0], "texture": "#2"},
				"west": {"uv": [0, 0, 1, 0], "texture": "#2"},
				"up": {"uv": [0, 3, 1, 0], "rotation": 90, "texture": "#2"},
				"down": {"uv": [0, 3, 1, 0], "rotation": 270, "texture": "#2"}
			}
		},
		{
			"from": [6, 9, 5],
			"to": [9, 9, 6],
			"rotation": {"angle": -45, "axis": "y", "origin": [5.5, 9, 5.5]},
			"faces": {
				"north": {"uv": [0, 0, 3, 0], "rotation": 180, "texture": "#2"},
				"east": {"uv": [0, 0, 1, 0], "rotation": 180, "texture": "#2"},
				"south": {"uv": [0, 0, 3, 0], "rotation": 180, "texture": "#2"},
				"west": {"uv": [0, 0, 1, 0], "rotation": 180, "texture": "#2"},
				"up": {"uv": [0, 0, 1, 3], "rotation": 90, "texture": "#2"},
				"down": {"uv": [0, 0, 1, 3], "rotation": 270, "texture": "#2"}
			}
		},
		{
			"from": [5, 9, 6],
			"to": [6, 9, 9],
			"rotation": {"angle": -45, "axis": "y", "origin": [5.5, 9, 5.5]},
			"faces": {
				"north": {"uv": [0, 0, 1, 0], "texture": "#2"},
				"east": {"uv": [0, 0, 3, 0], "texture": "#2"},
				"south": {"uv": [0, 0, 1, 0], "texture": "#2"},
				"west": {"uv": [0, 0, 3, 0], "texture": "#2"},
				"up": {"uv": [0, 3, 1, 0], "texture": "#2"},
				"down": {"uv": [0, 3, 1, 0], "texture": "#2"}
			}
		},
		{
			"from": [5, 9, 2],
			"to": [6, 9, 5],
			"rotation": {"angle": -45, "axis": "y", "origin": [5.5, 9, 5.5]},
			"faces": {
				"north": {"uv": [0, 0, 1, 0], "rotation": 180, "texture": "#2"},
				"east": {"uv": [0, 0, 3, 0], "rotation": 180, "texture": "#2"},
				"south": {"uv": [0, 0, 1, 0], "rotation": 180, "texture": "#2"},
				"west": {"uv": [0, 0, 3, 0], "rotation": 180, "texture": "#2"},
				"up": {"uv": [0, 0, 1, 3], "texture": "#2"},
				"down": {"uv": [0, 0, 1, 3], "texture": "#2"}
			}
		},
		{
			"from": [2.14645, 9.02913, 5],
			"to": [5.14645, 9.02913, 6],
			"rotation": {"angle": -22.5, "axis": "z", "origin": [5.5, 9.38268, 5.5]},
			"faces": {
				"north": {"uv": [0, 0, 3, 0], "texture": "#2"},
				"east": {"uv": [0, 0, 1, 0], "texture": "#2"},
				"south": {"uv": [0, 0, 3, 0], "texture": "#2"},
				"west": {"uv": [0, 0, 1, 0], "texture": "#2"},
				"up": {"uv": [0, 3, 1, 0], "rotation": 90, "texture": "#2"},
				"down": {"uv": [0, 3, 1, 0], "rotation": 270, "texture": "#2"}
			}
		},
		{
			"from": [5.85355, 9.02913, 5],
			"to": [8.85355, 9.02913, 6],
			"rotation": {"angle": 22.5, "axis": "z", "origin": [5.5, 9.38268, 5.5]},
			"faces": {
				"north": {"uv": [0, 0, 3, 0], "rotation": 180, "texture": "#2"},
				"east": {"uv": [0, 0, 1, 0], "rotation": 180, "texture": "#2"},
				"south": {"uv": [0, 0, 3, 0], "rotation": 180, "texture": "#2"},
				"west": {"uv": [0, 0, 1, 0], "rotation": 180, "texture": "#2"},
				"up": {"uv": [0, 3, 1, 0], "rotation": 90, "texture": "#2"},
				"down": {"uv": [0, 0, 1, 3], "rotation": 270, "texture": "#2"}
			}
		},
		{
			"from": [5, 9, 6],
			"to": [6, 9, 9],
			"rotation": {"angle": -22.5, "axis": "x", "origin": [5.5, 9.38268, 5.5]},
			"faces": {
				"north": {"uv": [0, 0, 1, 0], "texture": "#2"},
				"east": {"uv": [0, 0, 3, 0], "texture": "#2"},
				"south": {"uv": [0, 0, 1, 0], "texture": "#2"},
				"west": {"uv": [0, 0, 3, 0], "texture": "#2"},
				"up": {"uv": [0, 3, 1, 0], "texture": "#2"},
				"down": {"uv": [0, 3, 1, 0], "texture": "#2"}
			}
		},
		{
			"from": [5, 9, 2],
			"to": [6, 9, 5],
			"rotation": {"angle": 22.5, "axis": "x", "origin": [5.5, 9.38268, 5.5]},
			"faces": {
				"north": {"uv": [0, 0, 1, 0], "rotation": 180, "texture": "#2"},
				"east": {"uv": [0, 0, 3, 0], "rotation": 180, "texture": "#2"},
				"south": {"uv": [0, 0, 1, 0], "rotation": 180, "texture": "#2"},
				"west": {"uv": [0, 0, 3, 0], "rotation": 180, "texture": "#2"},
				"up": {"uv": [0, 3, 1, 0], "texture": "#2"},
				"down": {"uv": [0, 0, 1, 3], "texture": "#2"}
			}
		},
		{
			"from": [5, 9, 5],
			"to": [6, 9.4, 6],
			"rotation": {"angle": 0, "axis": "y", "origin": [6, 17, 6]},
			"faces": {
				"north": {"uv": [0, 4, 1, 5], "texture": "#2"},
				"east": {"uv": [0, 4, 1, 5], "texture": "#2"},
				"south": {"uv": [0, 4, 1, 5], "texture": "#2"},
				"west": {"uv": [0, 4, 1, 5], "texture": "#2"},
				"up": {"uv": [0, 4, 1, 5], "texture": "#2"},
				"down": {"uv": [0, 4, 1, 5], "texture": "#2"}
			}
		},
		{
			"from": [8, 8, 11],
			"to": [9, 8, 14],
			"rotation": {"angle": 0, "axis": "y", "origin": [9, 16, 11]},
			"faces": {
				"north": {"uv": [0, 0, 1, 0], "texture": "#2"},
				"east": {"uv": [0, 0, 3, 0], "texture": "#2"},
				"south": {"uv": [0, 0, 1, 0], "texture": "#2"},
				"west": {"uv": [0, 0, 3, 0], "texture": "#2"},
				"up": {"uv": [0, 3, 1, 0], "texture": "#2"},
				"down": {"uv": [0, 3, 1, 0], "texture": "#2"}
			}
		},
		{
			"from": [9, 8, 10],
			"to": [12, 8, 11],
			"rotation": {"angle": 0, "axis": "y", "origin": [8.5, 8, 10.5]},
			"faces": {
				"north": {"uv": [0, 0, 3, 0], "rotation": 180, "texture": "#2"},
				"east": {"uv": [0, 0, 1, 0], "rotation": 180, "texture": "#2"},
				"south": {"uv": [0, 0, 3, 0], "rotation": 180, "texture": "#2"},
				"west": {"uv": [0, 0, 1, 0], "rotation": 180, "texture": "#2"},
				"up": {"uv": [0, 3, 1, 0], "rotation": 90, "texture": "#2"},
				"down": {"uv": [0, 0, 1, 3], "rotation": 270, "texture": "#2"}
			}
		},
		{
			"from": [5, 8, 10],
			"to": [8, 8, 11],
			"rotation": {"angle": 0, "axis": "y", "origin": [8.5, 8, 10.5]},
			"faces": {
				"north": {"uv": [0, 0, 3, 0], "texture": "#2"},
				"east": {"uv": [0, 0, 1, 0], "texture": "#2"},
				"south": {"uv": [0, 0, 3, 0], "texture": "#2"},
				"west": {"uv": [0, 0, 1, 0], "texture": "#2"},
				"up": {"uv": [0, 3, 1, 0], "rotation": 90, "texture": "#2"},
				"down": {"uv": [0, 3, 1, 0], "rotation": 270, "texture": "#2"}
			}
		},
		{
			"from": [8, 8, 7],
			"to": [9, 8, 10],
			"rotation": {"angle": 0, "axis": "y", "origin": [9, 16, 11]},
			"faces": {
				"north": {"uv": [0, 0, 1, 0], "rotation": 180, "texture": "#2"},
				"east": {"uv": [0, 0, 3, 0], "rotation": 180, "texture": "#2"},
				"south": {"uv": [0, 0, 1, 0], "rotation": 180, "texture": "#2"},
				"west": {"uv": [0, 0, 3, 0], "rotation": 180, "texture": "#2"},
				"up": {"uv": [0, 3, 1, 0], "texture": "#2"},
				"down": {"uv": [0, 0, 1, 3], "texture": "#2"}
			}
		},
		{
			"from": [5, 8, 10],
			"to": [8, 8, 11],
			"rotation": {"angle": -45, "axis": "y", "origin": [8.5, 8, 10.5]},
			"faces": {
				"north": {"uv": [0, 0, 3, 0], "texture": "#2"},
				"east": {"uv": [0, 0, 1, 0], "texture": "#2"},
				"south": {"uv": [0, 0, 3, 0], "texture": "#2"},
				"west": {"uv": [0, 0, 1, 0], "texture": "#2"},
				"up": {"uv": [0, 3, 1, 0], "rotation": 90, "texture": "#2"},
				"down": {"uv": [0, 3, 1, 0], "rotation": 270, "texture": "#2"}
			}
		},
		{
			"from": [9, 8, 10],
			"to": [12, 8, 11],
			"rotation": {"angle": -45, "axis": "y", "origin": [8.5, 8, 10.5]},
			"faces": {
				"north": {"uv": [0, 0, 3, 0], "rotation": 180, "texture": "#2"},
				"east": {"uv": [0, 0, 1, 0], "rotation": 180, "texture": "#2"},
				"south": {"uv": [0, 0, 3, 0], "rotation": 180, "texture": "#2"},
				"west": {"uv": [0, 0, 1, 0], "rotation": 180, "texture": "#2"},
				"up": {"uv": [0, 0, 1, 3], "rotation": 90, "texture": "#2"},
				"down": {"uv": [0, 0, 1, 3], "rotation": 270, "texture": "#2"}
			}
		},
		{
			"from": [8, 8, 11],
			"to": [9, 8, 14],
			"rotation": {"angle": -45, "axis": "y", "origin": [8.5, 8, 10.5]},
			"faces": {
				"north": {"uv": [0, 0, 1, 0], "texture": "#2"},
				"east": {"uv": [0, 0, 3, 0], "texture": "#2"},
				"south": {"uv": [0, 0, 1, 0], "texture": "#2"},
				"west": {"uv": [0, 0, 3, 0], "texture": "#2"},
				"up": {"uv": [0, 3, 1, 0], "texture": "#2"},
				"down": {"uv": [0, 3, 1, 0], "texture": "#2"}
			}
		},
		{
			"from": [8, 8, 7],
			"to": [9, 8, 10],
			"rotation": {"angle": -45, "axis": "y", "origin": [8.5, 8, 10.5]},
			"faces": {
				"north": {"uv": [0, 0, 1, 0], "rotation": 180, "texture": "#2"},
				"east": {"uv": [0, 0, 3, 0], "rotation": 180, "texture": "#2"},
				"south": {"uv": [0, 0, 1, 0], "rotation": 180, "texture": "#2"},
				"west": {"uv": [0, 0, 3, 0], "rotation": 180, "texture": "#2"},
				"up": {"uv": [0, 0, 1, 3], "texture": "#2"},
				"down": {"uv": [0, 0, 1, 3], "texture": "#2"}
			}
		},
		{
			"from": [5.14645, 8.02913, 10],
			"to": [8.14645, 8.02913, 11],
			"rotation": {"angle": -22.5, "axis": "z", "origin": [8.5, 8.38268, 10.5]},
			"faces": {
				"north": {"uv": [0, 0, 3, 0], "texture": "#2"},
				"east": {"uv": [0, 0, 1, 0], "texture": "#2"},
				"south": {"uv": [0, 0, 3, 0], "texture": "#2"},
				"west": {"uv": [0, 0, 1, 0], "texture": "#2"},
				"up": {"uv": [0, 3, 1, 0], "rotation": 90, "texture": "#2"},
				"down": {"uv": [0, 3, 1, 0], "rotation": 270, "texture": "#2"}
			}
		},
		{
			"from": [8.85355, 8.02913, 10],
			"to": [11.85355, 8.02913, 11],
			"rotation": {"angle": 22.5, "axis": "z", "origin": [8.5, 8.38268, 10.5]},
			"faces": {
				"north": {"uv": [0, 0, 3, 0], "rotation": 180, "texture": "#2"},
				"east": {"uv": [0, 0, 1, 0], "rotation": 180, "texture": "#2"},
				"south": {"uv": [0, 0, 3, 0], "rotation": 180, "texture": "#2"},
				"west": {"uv": [0, 0, 1, 0], "rotation": 180, "texture": "#2"},
				"up": {"uv": [0, 3, 1, 0], "rotation": 90, "texture": "#2"},
				"down": {"uv": [0, 0, 1, 3], "rotation": 270, "texture": "#2"}
			}
		},
		{
			"from": [8, 8, 11],
			"to": [9, 8, 14],
			"rotation": {"angle": -22.5, "axis": "x", "origin": [8.5, 8.38268, 10.5]},
			"faces": {
				"north": {"uv": [0, 0, 1, 0], "texture": "#2"},
				"east": {"uv": [0, 0, 3, 0], "texture": "#2"},
				"south": {"uv": [0, 0, 1, 0], "texture": "#2"},
				"west": {"uv": [0, 0, 3, 0], "texture": "#2"},
				"up": {"uv": [0, 3, 1, 0], "texture": "#2"},
				"down": {"uv": [0, 3, 1, 0], "texture": "#2"}
			}
		},
		{
			"from": [8, 8, 7],
			"to": [9, 8, 10],
			"rotation": {"angle": 22.5, "axis": "x", "origin": [8.5, 8.38268, 10.5]},
			"faces": {
				"north": {"uv": [0, 0, 1, 0], "rotation": 180, "texture": "#2"},
				"east": {"uv": [0, 0, 3, 0], "rotation": 180, "texture": "#2"},
				"south": {"uv": [0, 0, 1, 0], "rotation": 180, "texture": "#2"},
				"west": {"uv": [0, 0, 3, 0], "rotation": 180, "texture": "#2"},
				"up": {"uv": [0, 3, 1, 0], "texture": "#2"},
				"down": {"uv": [0, 0, 1, 3], "texture": "#2"}
			}
		},
		{
			"from": [8, 8, 10],
			"to": [9, 8.4, 11],
			"rotation": {"angle": 0, "axis": "y", "origin": [9, 16, 11]},
			"faces": {
				"north": {"uv": [0, 4, 1, 5], "texture": "#2"},
				"east": {"uv": [0, 4, 1, 5], "texture": "#2"},
				"south": {"uv": [0, 4, 1, 5], "texture": "#2"},
				"west": {"uv": [0, 4, 1, 5], "texture": "#2"},
				"up": {"uv": [0, 4, 1, 5], "texture": "#2"},
				"down": {"uv": [0, 4, 1, 5], "texture": "#2"}
			}
		},
		{
			"from": [10, 11, 7],
			"to": [11, 11, 10],
			"rotation": {"angle": 0, "axis": "y", "origin": [11, 19, 7]},
			"faces": {
				"north": {"uv": [0, 0, 1, 0], "texture": "#2"},
				"east": {"uv": [0, 0, 3, 0], "texture": "#2"},
				"south": {"uv": [0, 0, 1, 0], "texture": "#2"},
				"west": {"uv": [0, 0, 3, 0], "texture": "#2"},
				"up": {"uv": [0, 3, 1, 0], "texture": "#2"},
				"down": {"uv": [0, 3, 1, 0], "texture": "#2"}
			}
		},
		{
			"from": [11, 11, 6],
			"to": [14, 11, 7],
			"rotation": {"angle": 0, "axis": "y", "origin": [10.5, 11, 6.5]},
			"faces": {
				"north": {"uv": [0, 0, 3, 0], "rotation": 180, "texture": "#2"},
				"east": {"uv": [0, 0, 1, 0], "rotation": 180, "texture": "#2"},
				"south": {"uv": [0, 0, 3, 0], "rotation": 180, "texture": "#2"},
				"west": {"uv": [0, 0, 1, 0], "rotation": 180, "texture": "#2"},
				"up": {"uv": [0, 3, 1, 0], "rotation": 90, "texture": "#2"},
				"down": {"uv": [0, 0, 1, 3], "rotation": 270, "texture": "#2"}
			}
		},
		{
			"from": [7, 11, 6],
			"to": [10, 11, 7],
			"rotation": {"angle": 0, "axis": "y", "origin": [10.5, 11, 6.5]},
			"faces": {
				"north": {"uv": [0, 0, 3, 0], "texture": "#2"},
				"east": {"uv": [0, 0, 1, 0], "texture": "#2"},
				"south": {"uv": [0, 0, 3, 0], "texture": "#2"},
				"west": {"uv": [0, 0, 1, 0], "texture": "#2"},
				"up": {"uv": [0, 3, 1, 0], "rotation": 90, "texture": "#2"},
				"down": {"uv": [0, 3, 1, 0], "rotation": 270, "texture": "#2"}
			}
		},
		{
			"from": [10, 11, 3],
			"to": [11, 11, 6],
			"rotation": {"angle": 0, "axis": "y", "origin": [11, 19, 7]},
			"faces": {
				"north": {"uv": [0, 0, 1, 0], "rotation": 180, "texture": "#2"},
				"east": {"uv": [0, 0, 3, 0], "rotation": 180, "texture": "#2"},
				"south": {"uv": [0, 0, 1, 0], "rotation": 180, "texture": "#2"},
				"west": {"uv": [0, 0, 3, 0], "rotation": 180, "texture": "#2"},
				"up": {"uv": [0, 3, 1, 0], "texture": "#2"},
				"down": {"uv": [0, 0, 1, 3], "texture": "#2"}
			}
		},
		{
			"from": [7, 11, 6],
			"to": [10, 11, 7],
			"rotation": {"angle": -45, "axis": "y", "origin": [10.5, 11, 6.5]},
			"faces": {
				"north": {"uv": [0, 0, 3, 0], "texture": "#2"},
				"east": {"uv": [0, 0, 1, 0], "texture": "#2"},
				"south": {"uv": [0, 0, 3, 0], "texture": "#2"},
				"west": {"uv": [0, 0, 1, 0], "texture": "#2"},
				"up": {"uv": [0, 3, 1, 0], "rotation": 90, "texture": "#2"},
				"down": {"uv": [0, 3, 1, 0], "rotation": 270, "texture": "#2"}
			}
		},
		{
			"from": [11, 11, 6],
			"to": [14, 11, 7],
			"rotation": {"angle": -45, "axis": "y", "origin": [10.5, 11, 6.5]},
			"faces": {
				"north": {"uv": [0, 0, 3, 0], "rotation": 180, "texture": "#2"},
				"east": {"uv": [0, 0, 1, 0], "rotation": 180, "texture": "#2"},
				"south": {"uv": [0, 0, 3, 0], "rotation": 180, "texture": "#2"},
				"west": {"uv": [0, 0, 1, 0], "rotation": 180, "texture": "#2"},
				"up": {"uv": [0, 0, 1, 3], "rotation": 90, "texture": "#2"},
				"down": {"uv": [0, 0, 1, 3], "rotation": 270, "texture": "#2"}
			}
		},
		{
			"from": [10, 11, 7],
			"to": [11, 11, 10],
			"rotation": {"angle": -45, "axis": "y", "origin": [10.5, 11, 6.5]},
			"faces": {
				"north": {"uv": [0, 0, 1, 0], "texture": "#2"},
				"east": {"uv": [0, 0, 3, 0], "texture": "#2"},
				"south": {"uv": [0, 0, 1, 0], "texture": "#2"},
				"west": {"uv": [0, 0, 3, 0], "texture": "#2"},
				"up": {"uv": [0, 3, 1, 0], "texture": "#2"},
				"down": {"uv": [0, 3, 1, 0], "texture": "#2"}
			}
		},
		{
			"from": [10, 11, 3],
			"to": [11, 11, 6],
			"rotation": {"angle": -45, "axis": "y", "origin": [10.5, 11, 6.5]},
			"faces": {
				"north": {"uv": [0, 0, 1, 0], "rotation": 180, "texture": "#2"},
				"east": {"uv": [0, 0, 3, 0], "rotation": 180, "texture": "#2"},
				"south": {"uv": [0, 0, 1, 0], "rotation": 180, "texture": "#2"},
				"west": {"uv": [0, 0, 3, 0], "rotation": 180, "texture": "#2"},
				"up": {"uv": [0, 0, 1, 3], "texture": "#2"},
				"down": {"uv": [0, 0, 1, 3], "texture": "#2"}
			}
		},
		{
			"from": [7.14645, 11.02913, 6],
			"to": [10.14645, 11.02913, 7],
			"rotation": {"angle": -22.5, "axis": "z", "origin": [10.5, 11.38268, 6.5]},
			"faces": {
				"north": {"uv": [0, 0, 3, 0], "texture": "#2"},
				"east": {"uv": [0, 0, 1, 0], "texture": "#2"},
				"south": {"uv": [0, 0, 3, 0], "texture": "#2"},
				"west": {"uv": [0, 0, 1, 0], "texture": "#2"},
				"up": {"uv": [0, 3, 1, 0], "rotation": 90, "texture": "#2"},
				"down": {"uv": [0, 3, 1, 0], "rotation": 270, "texture": "#2"}
			}
		},
		{
			"from": [10.85355, 11.02913, 6],
			"to": [13.85355, 11.02913, 7],
			"rotation": {"angle": 22.5, "axis": "z", "origin": [10.5, 11.38268, 6.5]},
			"faces": {
				"north": {"uv": [0, 0, 3, 0], "rotation": 180, "texture": "#2"},
				"east": {"uv": [0, 0, 1, 0], "rotation": 180, "texture": "#2"},
				"south": {"uv": [0, 0, 3, 0], "rotation": 180, "texture": "#2"},
				"west": {"uv": [0, 0, 1, 0], "rotation": 180, "texture": "#2"},
				"up": {"uv": [0, 3, 1, 0], "rotation": 90, "texture": "#2"},
				"down": {"uv": [0, 0, 1, 3], "rotation": 270, "texture": "#2"}
			}
		},
		{
			"from": [10, 11, 7],
			"to": [11, 11, 10],
			"rotation": {"angle": -22.5, "axis": "x", "origin": [10.5, 11.38268, 6.5]},
			"faces": {
				"north": {"uv": [0, 0, 1, 0], "texture": "#2"},
				"east": {"uv": [0, 0, 3, 0], "texture": "#2"},
				"south": {"uv": [0, 0, 1, 0], "texture": "#2"},
				"west": {"uv": [0, 0, 3, 0], "texture": "#2"},
				"up": {"uv": [0, 3, 1, 0], "texture": "#2"},
				"down": {"uv": [0, 3, 1, 0], "texture": "#2"}
			}
		},
		{
			"from": [10, 11, 3],
			"to": [11, 11, 6],
			"rotation": {"angle": 22.5, "axis": "x", "origin": [10.5, 11.38268, 6.5]},
			"faces": {
				"north": {"uv": [0, 0, 1, 0], "rotation": 180, "texture": "#2"},
				"east": {"uv": [0, 0, 3, 0], "rotation": 180, "texture": "#2"},
				"south": {"uv": [0, 0, 1, 0], "rotation": 180, "texture": "#2"},
				"west": {"uv": [0, 0, 3, 0], "rotation": 180, "texture": "#2"},
				"up": {"uv": [0, 3, 1, 0], "texture": "#2"},
				"down": {"uv": [0, 0, 1, 3], "texture": "#2"}
			}
		},
		{
			"from": [10, 11, 6],
			"to": [11, 11.4, 7],
			"rotation": {"angle": 0, "axis": "y", "origin": [11, 19, 7]},
			"faces": {
				"north": {"uv": [0, 4, 1, 5], "texture": "#2"},
				"east": {"uv": [0, 4, 1, 5], "texture": "#2"},
				"south": {"uv": [0, 4, 1, 5], "texture": "#2"},
				"west": {"uv": [0, 4, 1, 5], "texture": "#2"},
				"up": {"uv": [0, 4, 1, 5], "texture": "#2"},
				"down": {"uv": [0, 4, 1, 5], "texture": "#2"}
			}
		},
		{
			"from": [5.5, -1, 5.3],
			"to": [5.75, 9, 5.55],
			"faces": {
				"north": {"uv": [8, 0, 8.25, 8], "texture": "#2"},
				"east": {"uv": [8, 0, 8.25, 8], "texture": "#2"},
				"south": {"uv": [8, 0, 8.25, 8], "texture": "#2"},
				"west": {"uv": [8, 0, 8.25, 8], "texture": "#2"},
				"up": {"uv": [8, 0, 8.25, 8], "texture": "#2"},
				"down": {"uv": [8, 0, 8.25, 8], "texture": "#2"}
			}
		},
		{
			"from": [8.5, -2, 10.3],
			"to": [8.75, 8, 10.55],
			"faces": {
				"north": {"uv": [8, 0, 8.25, 8], "texture": "#2"},
				"east": {"uv": [8, 0, 8.25, 8], "texture": "#2"},
				"south": {"uv": [8, 0, 8.25, 8], "texture": "#2"},
				"west": {"uv": [8, 0, 8.25, 8], "texture": "#2"},
				"up": {"uv": [8, 0, 8.25, 8], "texture": "#2"},
				"down": {"uv": [8, 0, 8.25, 8], "texture": "#2"}
			}
		},
		{
			"from": [10.5, 1, 6.3],
			"to": [10.75, 11, 6.55],
			"faces": {
				"north": {"uv": [8, 0, 8.25, 8], "texture": "#2"},
				"east": {"uv": [8, 0, 8.25, 8], "texture": "#2"},
				"south": {"uv": [8, 0, 8.25, 8], "texture": "#2"},
				"west": {"uv": [8, 0, 8.25, 8], "texture": "#2"},
				"up": {"uv": [8, 0, 8.25, 8], "texture": "#2"},
				"down": {"uv": [8, 0, 8.25, 8], "texture": "#2"}
			}
		},
		{
			"from": [5, 10.1, 4.5],
			"to": [6, 10.1, 5.1],
			"rotation": {"angle": 0, "axis": "y", "origin": [10, 18, 9]},
			"faces": {
				"north": {"uv": [13, 4, 15.5, 11.6], "rotation": 90, "texture": "#1"},
				"east": {"uv": [13, 0, 15.5, 4.1], "rotation": 90, "texture": "#1"},
				"south": {"uv": [13, 10.5, 14.5, 13.5], "rotation": 90, "texture": "#missing"},
				"west": {"uv": [13, 4, 15.5, 11.6], "rotation": 90, "texture": "#1"},
				"up": {"uv": [13, 0, 15.5, 4.1], "rotation": 90, "texture": "#1"},
				"down": {"uv": [13, 0, 15.5, 4.1], "rotation": 90, "texture": "#1"}
			}
		},
		{
			"from": [2, 10, 1],
			"to": [6.5, 10, 4.5],
			"rotation": {"angle": 22.5, "axis": "x", "origin": [4.25, 10, 4.75]},
			"faces": {
				"north": {"uv": [0, 0, 4.5, 0], "texture": "#1"},
				"east": {"uv": [0, 0, 3.5, 0], "texture": "#1"},
				"south": {"uv": [13, 10.5, 14.5, 13.5], "rotation": 90, "texture": "#missing"},
				"west": {"uv": [0, 0, 3.5, 0], "texture": "#1"},
				"up": {"uv": [0, 0, 10.5, 14], "rotation": 90, "texture": "#1"},
				"down": {"uv": [10.5, 0, 0, 14], "rotation": 90, "texture": "#1"}
			}
		},
		{
			"from": [2, 10, 5],
			"to": [6.5, 10, 8.5],
			"rotation": {"angle": -22.5, "axis": "x", "origin": [4.25, 10, 4.75]},
			"faces": {
				"north": {"uv": [0, 0, 4.5, 0], "rotation": 180, "texture": "#1"},
				"east": {"uv": [0, 0, 3.5, 0], "rotation": 180, "texture": "#1"},
				"south": {"uv": [13, 10.5, 14.5, 13.5], "rotation": 90, "texture": "#missing"},
				"west": {"uv": [0, 0, 3.5, 0], "rotation": 180, "texture": "#1"},
				"up": {"uv": [10.5, 0, 0, 14], "rotation": 90, "texture": "#1"},
				"down": {"uv": [0, 0, 10.5, 14], "rotation": 90, "texture": "#1"}
			}
		},
		{
			"from": [3, 9.9, 4.5],
			"to": [5, 10.25, 5.1],
			"rotation": {"angle": 0, "axis": "y", "origin": [10, 18, 9]},
			"faces": {
				"north": {"uv": [13, 4, 15.5, 11.6], "rotation": 90, "texture": "#1"},
				"east": {"uv": [13, 4, 15.5, 11.6], "rotation": 90, "texture": "#1"},
				"south": {"uv": [13, 10.5, 14.5, 13.5], "rotation": 90, "texture": "#missing"},
				"west": {"uv": [13, 4, 15.5, 11.6], "rotation": 90, "texture": "#1"},
				"up": {"uv": [13, 4, 15.5, 11.6], "rotation": 90, "texture": "#1"},
				"down": {"uv": [13, 4, 15.5, 11.6], "rotation": 90, "texture": "#1"}
			}
		}
	],
	"groups": [
		{
			"name": "group",
			"origin": [10.25, 2.5, 6.25],
			"children": [0, 1, 2, 3, 4, 5]
		},
		{
			"name": "group",
			"origin": [8, 8, 8],
			"children": [6, 7, 8, 9, 10, 11, 12, 13, 14, 15, 16, 17, 18]
		},
		{
			"name": "group",
			"origin": [8, 8, 8],
			"children": [19, 20, 21, 22, 23, 24, 25, 26, 27, 28, 29, 30, 31]
		},
		{
			"name": "group",
			"origin": [8, 8, 8],
			"children": [32, 33, 34, 35, 36, 37, 38, 39, 40, 41, 42, 43, 44]
		}, 45, 46, 47, 48, 49, 50, 51]
}