{
	"credit": "Made with Blockbench",
	"ambientocclusion": false,
	"textures": {
		"0": "block/sand",
		"1": "item/bone",
		"particle": "block/sand"
	},
	"elements": [
		{
			"from": [0, 0, 0],
			"to": [16, 16, 16],
			"faces": {
				"north": {"uv": [0, 0, 16, 16], "texture": "#0"},
				"east": {"uv": [0, 0, 16, 16], "texture": "#0"},
				"south": {"uv": [0, 0, 16, 16], "texture": "#0"},
				"west": {"uv": [0, 0, 16, 16], "texture": "#0"},
				"up": {"uv": [0, 0, 16, 16], "texture": "#0"},
				"down": {"uv": [0, 0, 16, 16], "texture": "#0"}
			}
		},
		{
			"from": [10, 16, 10],
			"to": [13, 18, 13],
			"faces": {
				"north": {"uv": [12, 3, 15, 5], "texture": "#1"},
				"east": {"uv": [12, 3, 15, 5], "texture": "#1"},
				"south": {"uv": [12, 3, 15, 5], "texture": "#1"},
				"west": {"uv": [12, 3, 15, 5], "texture": "#1"},
				"up": {"uv": [11, 2, 14, 5], "texture": "#1"},
				"down": {"uv": [0, 0, 3, 3], "texture": "#missing"}
			}
		},
		{
			"from": [5, 16, 2],
			"to": [8, 18, 5],
			"faces": {
				"north": {"uv": [12, 3, 15, 5], "texture": "#1"},
				"east": {"uv": [12, 3, 15, 5], "texture": "#1"},
				"south": {"uv": [12, 3, 15, 5], "texture": "#1"},
				"west": {"uv": [12, 3, 15, 5], "texture": "#1"},
				"up": {"uv": [11, 2, 14, 5], "texture": "#1"},
				"down": {"uv": [0, 0, 3, 3], "texture": "#missing"}
			}
		},
		{
			"from": [4, 16, 7],
			"to": [12, 17, 9],
			"rotation": {"angle": -45, "axis": "y", "origin": [8, 8, 8]},
			"faces": {
				"north": {"uv": [10, 3, 16, 5], "texture": "#1"},
				"east": {"uv": [0, 0, 2, 1], "texture": "#missing"},
				"south": {"uv": [10, 3, 16, 5], "texture": "#1"},
				"west": {"uv": [10, 3, 16, 5], "texture": "#1"},
				"up": {"uv": [10, 3, 16, 5], "texture": "#1"},
				"down": {"uv": [0, 0, 8, 2], "texture": "#missing"}
			}
		}
	]
}