{
	"credit": "Made with Blockbench",
	"ambientocclusion": false,
	"textures": {
		"0": "block/sand",
		"1": "item/bone",
		"particle": "block/sand"
	},
	"elements": [
		{
			"from": [0, 0, 0],
			"to": [16, 16, 16],
			"faces": {
				"north": {"uv": [0, 0, 16, 16], "texture": "#0"},
				"east": {"uv": [0, 0, 16, 16], "texture": "#0"},
				"south": {"uv": [0, 0, 16, 16], "texture": "#0"},
				"west": {"uv": [0, 0, 16, 16], "texture": "#0"},
				"up": {"uv": [0, 0, 16, 16], "texture": "#0"},
				"down": {"uv": [0, 0, 16, 16], "texture": "#0"}
			}
		},
		{
			"from": [8, 16, 10],
			"to": [9, 17, 11],
			"shade": false,
			"rotation": {"angle": 0, "axis": "y", "origin": [9, 8, 11]},
			"faces": {
				"north": {"uv": [11, 1, 12, 2], "texture": "#1"},
				"east": {"uv": [11, 1, 12, 2], "texture": "#1"},
				"south": {"uv": [11, 1, 12, 2], "texture": "#1"},
				"west": {"uv": [11, 1, 12, 2], "texture": "#1"},
				"up": {"uv": [11, 1, 12, 2], "texture": "#1"},
				"down": {"uv": [11, 1, 12, 2], "texture": "#1"}
			}
		},
		{
			"from": [9, 17, 11],
			"to": [10, 18, 12],
			"shade": false,
			"rotation": {"angle": 0, "axis": "y", "origin": [9, 8, 11]},
			"faces": {
				"north": {"uv": [11, 1, 12, 2], "texture": "#1"},
				"east": {"uv": [11, 1, 12, 2], "texture": "#1"},
				"south": {"uv": [11, 1, 12, 2], "texture": "#1"},
				"west": {"uv": [11, 1, 12, 2], "texture": "#1"},
				"up": {"uv": [11, 1, 12, 2], "texture": "#1"},
				"down": {"uv": [11, 1, 12, 2], "texture": "#1"}
			}
		},
		{
			"from": [9, 17, 12],
			"to": [11, 19, 14],
			"shade": false,
			"rotation": {"angle": 45, "axis": "y", "origin": [10, 19, 12]},
			"faces": {
				"north": {"uv": [11, 1, 13, 3], "texture": "#1"},
				"east": {"uv": [11, 1, 13, 3], "texture": "#1"},
				"south": {"uv": [11, 1, 13, 3], "texture": "#1"},
				"west": {"uv": [11, 1, 13, 3], "texture": "#1"},
				"up": {"uv": [11, 1, 13, 3], "texture": "#1"},
				"down": {"uv": [11, 1, 13, 3], "texture": "#1"}
			}
		},
		{
			"from": [5, 15, 5],
			"to": [7, 17, 7],
			"shade": false,
			"rotation": {"angle": -22.5, "axis": "y", "origin": [10, 19, 12]},
			"faces": {
				"north": {"uv": [11, 1, 13, 3], "texture": "#1"},
				"east": {"uv": [11, 1, 13, 3], "texture": "#1"},
				"south": {"uv": [11, 1, 13, 3], "texture": "#1"},
				"west": {"uv": [11, 1, 13, 3], "texture": "#1"},
				"up": {"uv": [11, 1, 13, 3], "texture": "#1"},
				"down": {"uv": [11, 1, 13, 3], "texture": "#1"}
			}
		}
	]
}