{
	"credit": "Made with Blockbench",
	"ambientocclusion": false,
	"textures": {
		"0": "block/sand/sand",
		"2": "block/sand/cactus_top",
		"particle": "block/sand/sand"
	},
	"elements": [
		{
			"from": [0, 0, 0],
			"to": [16, 16, 16],
			"faces": {
				"north": {"uv": [0, 0, 16, 16], "texture": "#0"},
				"east": {"uv": [0, 0, 16, 16], "texture": "#0"},
				"south": {"uv": [0, 0, 16, 16], "texture": "#0"},
				"west": {"uv": [0, 0, 16, 16], "texture": "#0"},
				"up": {"uv": [0, 0, 16, 16], "texture": "#0"},
				"down": {"uv": [0, 0, 16, 16], "texture": "#0"}
			}
		},
		{
			"from": [4, 16, 4],
			"to": [12, 23, 12],
			"shade": false,
			"rotation": {"angle": -45, "axis": "y", "origin": [8, 19.5, 8]},
			"faces": {
				"north": {"uv": [4, 4, 12, 11], "texture": "#2"},
				"east": {"uv": [4, 4, 12, 11], "texture": "#2"},
				"south": {"uv": [4, 4, 12, 11], "texture": "#2"},
				"west": {"uv": [4, 4, 12, 11], "texture": "#2"},
				"up": {"uv": [4, 3, 12, 11], "texture": "#2"},
				"down": {"uv": [0, 0, 1, 1], "texture": "#missing"}
			}
		},
		{
			"from": [5, 23, 5],
			"to": [11, 24, 11],
			"shade": false,
			"rotation": {"angle": -45, "axis": "y", "origin": [8, 19.5, 8]},
			"faces": {
				"north": {"uv": [6, 2, 12, 3], "texture": "#2"},
				"east": {"uv": [6, 2, 12, 3], "texture": "#2"},
				"south": {"uv": [6, 2, 12, 3], "texture": "#2"},
				"west": {"uv": [6, 2, 12, 3], "texture": "#2"},
				"up": {"uv": [5, 4, 11, 10], "texture": "#2"},
				"down": {"uv": [0, 0, 6, 6], "texture": "#missing"}
			}
		}
	],
	"groups": [0,
		{
			"name": "group",
			"origin": [8, 8, 8],
			"children": [1, 2]
		}
	]
}