{
	"credit": "Coco MCBBS",
	"parent": "block/leaves",
	"textures": {
		"0": "block/leaves_oak",
		"1": "block/leaves_oak_a",
		"2": "block/apple/flower",
		"particle": "block/leaves_oak"
	},
	"elements": [
		{
			"from": [0, -1, 2],
			"to": [16, 16, 16],
			"faces": {
				"north": {"uv": [0, 0, 16, 15], "texture": "#0", "tintindex": 0},
				"east": {"uv": [0, 0, 14, 15], "texture": "#0", "tintindex": 0},
				"south": {"uv": [0, 0, 16, 15], "texture": "#0", "tintindex": 0},
				"west": {"uv": [0, 0, 14, 15], "texture": "#0", "tintindex": 0},
				"up": {"uv": [0, 0, 16, 14], "texture": "#0", "tintindex": 0},
				"down": {"uv": [0, 0, 16, 14], "texture": "#0", "tintindex": 0}
			}
		},
		{
			"from": [-8.5535, -9, 8.05042],
			"to": [23.4465, 24, 8.05042],
			"shade": false,
			"rotation": {"angle": 22.5, "axis": "y", "origin": [15.91007, 7.5, 8.12799]},
			"faces": {
				"north": {"uv": [0, 0, 16, 16], "rotation": 180, "texture": "#1", "tintindex": 0},
				"east": {"uv": [0, 0, 16, 0], "rotation": 270, "texture": "#missing"},
				"south": {"uv": [0, 0, 16, 16], "texture": "#1", "tintindex": 0},
				"west": {"uv": [0, 0, 16, 0], "rotation": 90, "texture": "#1"},
				"up": {"uv": [0, 0, 16, 0], "texture": "#1", "tintindex": 0},
				"down": {"uv": [0, 0, 16, 0], "rotation": 180, "texture": "#missing"}
			}
		},
		{
			"from": [9.46038, -9, -6.8808],
			"to": [9.46038, 24, 25.1192],
			"shade": false,
			"rotation": {"angle": 22.5, "axis": "y", "origin": [7.91007, 7.5, 13.12799]},
			"faces": {
				"north": {"uv": [0, 0, 16, 0], "rotation": 270, "texture": "#missing"},
				"east": {"uv": [0, 0, 16, 16], "texture": "#1", "tintindex": 0},
				"south": {"uv": [0, 0, 16, 0], "rotation": 90, "texture": "#missing"},
				"west": {"uv": [0, 0, 16, 16], "rotation": 180, "texture": "#1", "tintindex": 0},
				"up": {"uv": [0, 0, 16, 0], "rotation": 270, "texture": "#1", "tintindex": 0},
				"down": {"uv": [0, 0, 16, 0], "rotation": 270, "texture": "#missing"}
			}
		},
		{
			"from": [-8.3035, -9, 7.80912],
			"to": [23.6965, 24, 7.80912],
			"shade": false,
			"rotation": {"angle": 0, "axis": "y", "origin": [7.91007, 7.5, 8.12799]},
			"faces": {
				"north": {"uv": [0, 0, 16, 16], "rotation": 180, "texture": "#1", "tintindex": 0},
				"east": {"uv": [0, 0, 16, 0], "rotation": 270, "texture": "#missing"},
				"south": {"uv": [0, 0, 16, 16], "texture": "#1", "tintindex": 0},
				"west": {"uv": [0, 0, 16, 0], "rotation": 90, "texture": "#missing"},
				"up": {"uv": [0, 0, 16, 0], "texture": "#1", "tintindex": 0},
				"down": {"uv": [0, 0, 16, 0], "rotation": 180, "texture": "#missing"}
			}
		},
		{
			"from": [7.90382, -9, -7.80085],
			"to": [7.90382, 24, 24.19915],
			"shade": false,
			"rotation": {"angle": -45, "axis": "y", "origin": [5.91007, 6.5, 7.12799]},
			"faces": {
				"north": {"uv": [0, 0, 16, 0], "rotation": 90, "texture": "#1"},
				"east": {"uv": [0, 0, 16, 16], "rotation": 180, "texture": "#1", "tintindex": 0},
				"south": {"uv": [0, 0, 16, 0], "rotation": 270, "texture": "#1"},
				"west": {"uv": [0, 0, 16, 16], "texture": "#1", "tintindex": 0},
				"up": {"uv": [0, 0, 16, 0], "rotation": 90, "texture": "#1", "tintindex": 0},
				"down": {"uv": [0, 0, 16, 0], "rotation": 90, "texture": "#missing"}
			}
		},
		{
			"from": [5, 7, 1],
			"to": [14, 16, 1],
			"rotation": {"angle": 22.5, "axis": "z", "origin": [9.5, 11.5, 1]},
			"faces": {
				"north": {"uv": [7, 7, 16, 16], "rotation": 270, "texture": "#2"},
				"east": {"uv": [7, 7, 16, 16], "rotation": 270, "texture": "#2"},
				"south": {"uv": [7, 7, 16, 16], "rotation": 270, "texture": "#2"},
				"west": {"uv": [7, 7, 16, 16], "rotation": 270, "texture": "#2"},
				"up": {"uv": [7, 7, 16, 16], "rotation": 270, "texture": "#2"},
				"down": {"uv": [7, 7, 16, 16], "rotation": 270, "texture": "#2"}
			}
		},
		{
			"from": [9, 11, 0],
			"to": [10, 12, 1],
			"rotation": {"angle": 22.5, "axis": "z", "origin": [9.5, 11.5, 0.5]},
			"faces": {
				"north": {"uv": [8, 1, 9, 2], "texture": "#2"},
				"east": {"uv": [8, 1, 9, 2], "texture": "#2"},
				"south": {"uv": [8, 1, 9, 2], "texture": "#2"},
				"west": {"uv": [8, 1, 9, 2], "texture": "#2"},
				"up": {"uv": [8, 1, 9, 2], "texture": "#2"},
				"down": {"uv": [8, 1, 9, 2], "texture": "#2"}
			}
		}
	]
}