{
	"credit": "Made with Blockbench",
	"parent": "block/leaves",
	"textures": {
		"1": "block/leaves_oak_a",
		"3": "block/beehive/beehive",
		"4": "block/dandelion/bee",
		"particle": "block/leaves_oak"
	},
	"elements": [
		{
			"from": [1.5, -9, -8.5],
			"to": [1.5, 24, 23.5],
			"shade": false,
			"rotation": {"angle": -22.5, "axis": "y", "origin": [2, -8.5, 23.5]},
			"faces": {
				"north": {"uv": [0, 0, 16, 0], "rotation": 270, "texture": "#missing"},
				"east": {"uv": [0, 0, 16, 16], "texture": "#1", "tintindex": 0},
				"south": {"uv": [0, 0, 16, 0], "rotation": 90, "texture": "#missing"},
				"west": {"uv": [0, 0, 16, 16], "rotation": 180, "texture": "#1", "tintindex": 0},
				"up": {"uv": [0, 0, 16, 0], "rotation": 270, "texture": "#1", "tintindex": 0},
				"down": {"uv": [0, 0, 16, 0], "rotation": 270, "texture": "#missing"}
			}
		},
		{
			"from": [14.5, -9, -9.5],
			"to": [14.5, 24, 22.5],
			"shade": false,
			"rotation": {"angle": 22.5, "axis": "y", "origin": [15, -8.5, 22.5]},
			"faces": {
				"north": {"uv": [0, 0, 16, 0], "rotation": 270, "texture": "#missing"},
				"east": {"uv": [0, 0, 16, 16], "texture": "#1", "tintindex": 0},
				"south": {"uv": [0, 0, 16, 0], "rotation": 90, "texture": "#missing"},
				"west": {"uv": [0, 0, 16, 16], "rotation": 180, "texture": "#1", "tintindex": 0},
				"up": {"uv": [0, 0, 16, 0], "rotation": 270, "texture": "#1", "tintindex": 0},
				"down": {"uv": [0, 0, 16, 0], "rotation": 270, "texture": "#missing"}
			}
		},
		{
			"from": [-7, -9, 14],
			"to": [25, 24, 14],
			"shade": false,
			"rotation": {"angle": 22.5, "axis": "y", "origin": [-7, -8.5, 14.5]},
			"faces": {
				"north": {"uv": [0, 0, 16, 16], "rotation": 180, "texture": "#1", "tintindex": 0},
				"east": {"uv": [0, 0, 16, 0], "rotation": 270, "texture": "#missing"},
				"south": {"uv": [0, 0, 16, 16], "texture": "#1", "tintindex": 0},
				"west": {"uv": [0, 0, 16, 0], "rotation": 90, "texture": "#missing"},
				"up": {"uv": [0, 0, 16, 0], "texture": "#1", "tintindex": 0},
				"down": {"uv": [0, 0, 16, 0], "rotation": 180, "texture": "#missing"}
			}
		},
		{
			"from": [-0.2, -15.5, -0.2],
			"to": [6.8, -2.5, 6.8],
			"shade": false,
			"rotation": {"angle": 0, "axis": "y", "origin": [8, -6, 8]},
			"faces": {
				"north": {"uv": [3, 1, 10, 14], "texture": "#3"},
				"east": {"uv": [3, 2, 10, 13], "texture": "#3"},
				"south": {"uv": [3, 2, 10, 13], "texture": "#3"},
				"west": {"uv": [3, 2, 10, 13], "texture": "#3"},
				"up": {"uv": [3, 3, 10, 10], "texture": "#3"},
				"down": {"uv": [3, 2, 10, 9], "texture": "#3"}
			}
		},
		{
			"from": [-1.2, -13.5, -1.2],
			"to": [7.8, -4.5, 7.8],
			"shade": false,
			"rotation": {"angle": 0, "axis": "y", "origin": [8, -6, 8]},
			"faces": {
				"north": {"uv": [2, 2, 11, 11], "texture": "#3"},
				"east": {"uv": [2, 2, 11, 11], "texture": "#3"},
				"south": {"uv": [2, 2, 11, 11], "texture": "#3"},
				"west": {"uv": [2, 2, 11, 11], "texture": "#3"},
				"up": {"uv": [2, 2, 11, 11], "texture": "#3"},
				"down": {"uv": [2, 2, 11, 11], "texture": "#3"}
			}
		},
		{
			"from": [0, -10, -5],
			"to": [1, -9.3, -4.3],
			"rotation": {"angle": 22.5, "axis": "y", "origin": [0.5, -9.65, -4.65]},
			"faces": {
				"north": {"uv": [0, 0, 8, 5.7], "texture": "#4"},
				"east": {"uv": [0, 6, 6, 11.7], "texture": "#4"},
				"south": {"uv": [8, 0, 0, 5.7], "texture": "#4"},
				"west": {"uv": [6, 6, 12, 11.7], "texture": "#4"},
				"up": {"uv": [8, 5.7, 0, 0], "texture": "#4"},
				"down": {"uv": [8, 0, 0, 5.7], "texture": "#4"}
			}
		},
		{
			"from": [9, -7, -5],
			"to": [10, -6.3, -4.3],
			"rotation": {"angle": -22.5, "axis": "y", "origin": [3.5, -11.65, -4.65]},
			"faces": {
				"north": {"uv": [8, 0, 0, 5.7], "texture": "#4"},
				"east": {"uv": [6, 6, 12, 11.7], "texture": "#4"},
				"south": {"uv": [0, 0, 8, 5.7], "texture": "#4"},
				"west": {"uv": [0, 6, 6, 11.7], "texture": "#4"},
				"up": {"uv": [8, 5.7, 0, 0], "rotation": 180, "texture": "#4"},
				"down": {"uv": [8, 0, 0, 5.7], "rotation": 180, "texture": "#4"}
			}
		},
		{
			"from": [3.15, -12, -5.15],
			"to": [3.85, -11.3, -4.15],
			"rotation": {"angle": 22.5, "axis": "y", "origin": [3.5, -11.65, -4.65]},
			"faces": {
				"north": {"uv": [0, 6, 6, 11.7], "texture": "#4"},
				"east": {"uv": [8, 0, 0, 5.7], "texture": "#4"},
				"south": {"uv": [6, 6, 12, 11.7], "texture": "#4"},
				"west": {"uv": [0, 0, 8, 5.7], "texture": "#4"},
				"up": {"uv": [8, 5.7, 0, 0], "rotation": 270, "texture": "#4"},
				"down": {"uv": [8, 0, 0, 5.7], "rotation": 90, "texture": "#4"}
			}
		},
		{
			"from": [0.15, -9, 2.85],
			"to": [0.85, -8.3, 3.85],
			"rotation": {"angle": -22.5, "axis": "y", "origin": [0.5, -9.65, -4.65]},
			"faces": {
				"north": {"uv": [0, 6, 6, 11.7], "texture": "#4"},
				"east": {"uv": [8, 0, 0, 5.7], "texture": "#4"},
				"south": {"uv": [6, 6, 12, 11.7], "texture": "#4"},
				"west": {"uv": [0, 0, 8, 5.7], "texture": "#4"},
				"up": {"uv": [8, 5.7, 0, 0], "rotation": 270, "texture": "#4"},
				"down": {"uv": [8, 0, 0, 5.7], "rotation": 90, "texture": "#4"}
			}
		},
		{
			"from": [0.15, -16, -1.15],
			"to": [0.85, -15.3, -0.15],
			"rotation": {"angle": -22.5, "axis": "y", "origin": [0.5, -9.65, -4.65]},
			"faces": {
				"north": {"uv": [0, 6, 6, 11.7], "texture": "#4"},
				"east": {"uv": [8, 0, 0, 5.7], "texture": "#4"},
				"south": {"uv": [6, 6, 12, 11.7], "texture": "#4"},
				"west": {"uv": [0, 0, 8, 5.7], "texture": "#4"},
				"up": {"uv": [8, 5.7, 0, 0], "rotation": 270, "texture": "#4"},
				"down": {"uv": [8, 0, 0, 5.7], "rotation": 90, "texture": "#4"}
			}
		},
		{
			"from": [0.15, -8, 8.85],
			"to": [0.85, -7.3, 9.85],
			"rotation": {"angle": 45, "axis": "y", "origin": [0.5, -7.65, 9.35]},
			"faces": {
				"north": {"uv": [0, 6, 6, 11.7], "texture": "#4"},
				"east": {"uv": [8, 0, 0, 5.7], "texture": "#4"},
				"south": {"uv": [6, 6, 12, 11.7], "texture": "#4"},
				"west": {"uv": [0, 0, 8, 5.7], "texture": "#4"},
				"up": {"uv": [8, 5.7, 0, 0], "rotation": 270, "texture": "#4"},
				"down": {"uv": [8, 0, 0, 5.7], "rotation": 90, "texture": "#4"}
			}
		},
		{
			"from": [8, -7, 9],
			"to": [9, -6.3, 9.7],
			"rotation": {"angle": 0, "axis": "y", "origin": [0.5, -7.65, 9.35]},
			"faces": {
				"north": {"uv": [8, 0, 0, 5.7], "texture": "#4"},
				"east": {"uv": [6, 6, 12, 11.7], "texture": "#4"},
				"south": {"uv": [0, 0, 8, 5.7], "texture": "#4"},
				"west": {"uv": [0, 6, 6, 11.7], "texture": "#4"},
				"up": {"uv": [8, 5.7, 0, 0], "rotation": 180, "texture": "#4"},
				"down": {"uv": [8, 0, 0, 5.7], "rotation": 180, "texture": "#4"}
			}
		},
		{
			"from": [2.63181, 3, 4.53714],
			"to": [3.33181, 3.7, 5.53714],
			"rotation": {"angle": 22.5, "axis": "y", "origin": [2.98181, 3.35, 5.03714]},
			"faces": {
				"north": {"uv": [6, 6, 12, 11.7], "texture": "#4"},
				"east": {"uv": [0, 0, 8, 5.7], "texture": "#4"},
				"south": {"uv": [0, 6, 6, 11.7], "texture": "#4"},
				"west": {"uv": [8, 0, 0, 5.7], "texture": "#4"},
				"up": {"uv": [8, 5.7, 0, 0], "rotation": 90, "texture": "#4"},
				"down": {"uv": [8, 0, 0, 5.7], "rotation": 270, "texture": "#4"}
			}
		}
	],
	"groups": [
		{
			"name": "stone_1",
			"shade": false,
			"origin": [8, 8, 8],
			"children": [0, 1, 2, 3, 4]
		}, 5, 6, 7, 8, 9, 10, 11, 12]
}