{
	"credit": "Coco MCBBS",
	"parent": "block/leaves",
	"textures": {
		"0": "block/leaves_oak",
		"1": "block/leaves_oak_a",
		"2": "block/apple/flower",
		"particle": "block/leaves_oak"
	},
	"elements": [
		{
			"from": [0, 1, 2],
			"to": [16, 16, 16],
			"faces": {
				"north": {"uv": [0, 0, 16, 15], "texture": "#0", "tintindex": 0},
				"east": {"uv": [0, 0, 14, 15], "texture": "#0", "tintindex": 0},
				"south": {"uv": [0, 0, 16, 15], "texture": "#0", "tintindex": 0},
				"west": {"uv": [0, 0, 14, 15], "texture": "#0", "tintindex": 0},
				"up": {"uv": [0, 0, 16, 14], "texture": "#0", "tintindex": 0},
				"down": {"uv": [0, 0, 16, 14], "texture": "#0", "tintindex": 0}
			}
		},
		{
			"from": [-8.5535, -9, 8.05042],
			"to": [23.4465, 24, 8.05042],
			"shade": false,
			"rotation": {"angle": 22.5, "axis": "y", "origin": [7.91007, 7.5, 8.12799]},
			"faces": {
				"north": {"uv": [0, 0, 16, 16], "rotation": 180, "texture": "#1", "tintindex": 0},
				"east": {"uv": [0, 0, 16, 0], "rotation": 270, "texture": "#missing"},
				"south": {"uv": [0, 0, 16, 16], "texture": "#1", "tintindex": 0},
				"west": {"uv": [0, 0, 16, 0], "rotation": 90, "texture": "#1"},
				"up": {"uv": [0, 0, 16, 0], "texture": "#1", "tintindex": 0},
				"down": {"uv": [0, 0, 16, 0], "rotation": 180, "texture": "#missing"}
			}
		},
		{
			"from": [-8.09872, -9, 7.57768],
			"to": [23.90128, 24, 7.57768],
			"shade": false,
			"rotation": {"angle": -45, "axis": "y", "origin": [7.91007, 7.5, 8.12799]},
			"faces": {
				"north": {"uv": [0, 0, 16, 16], "texture": "#1", "tintindex": 0},
				"east": {"uv": [0, 0, 16, 0], "rotation": 90, "texture": "#missing"},
				"south": {"uv": [0, 0, 16, 16], "rotation": 180, "texture": "#1", "tintindex": 0},
				"west": {"uv": [0, 0, 16, 0], "rotation": 270, "texture": "#missing"},
				"up": {"uv": [0, 0, 16, 0], "rotation": 180, "texture": "#1", "tintindex": 0},
				"down": {"uv": [0, 0, 16, 0], "texture": "#missing"}
			}
		},
		{
			"from": [-8.3035, -9, 7.80912],
			"to": [23.6965, 24, 7.80912],
			"shade": false,
			"rotation": {"angle": 0, "axis": "y", "origin": [7.91007, 7.5, 8.12799]},
			"faces": {
				"north": {"uv": [0, 0, 16, 16], "rotation": 180, "texture": "#1", "tintindex": 0},
				"east": {"uv": [0, 0, 16, 0], "rotation": 270, "texture": "#missing"},
				"south": {"uv": [0, 0, 16, 16], "texture": "#1", "tintindex": 0},
				"west": {"uv": [0, 0, 16, 0], "rotation": 90, "texture": "#missing"},
				"up": {"uv": [0, 0, 16, 0], "texture": "#1", "tintindex": 0},
				"down": {"uv": [0, 0, 16, 0], "rotation": 180, "texture": "#missing"}
			}
		},
		{
			"from": [7.90382, -9, -7.80085],
			"to": [7.90382, 24, 24.19915],
			"shade": false,
			"rotation": {"angle": -45, "axis": "y", "origin": [7.91007, 7.5, 8.12799]},
			"faces": {
				"north": {"uv": [0, 0, 16, 0], "rotation": 90, "texture": "#1"},
				"east": {"uv": [0, 0, 16, 16], "rotation": 180, "texture": "#1", "tintindex": 0},
				"south": {"uv": [0, 0, 16, 0], "rotation": 270, "texture": "#1"},
				"west": {"uv": [0, 0, 16, 16], "texture": "#1", "tintindex": 0},
				"up": {"uv": [0, 0, 16, 0], "rotation": 90, "texture": "#1", "tintindex": 0},
				"down": {"uv": [0, 0, 16, 0], "rotation": 90, "texture": "#missing"}
			}
		},
		{
			"from": [7, 9, 1],
			"to": [16, 18, 1],
			"rotation": {"angle": 0, "axis": "z", "origin": [9.5, 10.5, 1]},
			"faces": {
				"north": {"uv": [7, 7, 16, 16], "rotation": 270, "texture": "#2"},
				"east": {"uv": [7, 7, 16, 16], "rotation": 270, "texture": "#2"},
				"south": {"uv": [7, 7, 16, 16], "rotation": 270, "texture": "#2"},
				"west": {"uv": [7, 7, 16, 16], "rotation": 270, "texture": "#2"},
				"up": {"uv": [7, 7, 16, 16], "rotation": 270, "texture": "#2"},
				"down": {"uv": [7, 7, 16, 16], "rotation": 270, "texture": "#2"}
			}
		},
		{
			"from": [6, 6, 0],
			"to": [7, 7, 1],
			"rotation": {"angle": 0, "axis": "y", "origin": [5, 0, 9]},
			"faces": {
				"north": {"uv": [8, 1, 9, 2], "texture": "#2"},
				"east": {"uv": [8, 1, 9, 2], "texture": "#2"},
				"south": {"uv": [8, 1, 9, 2], "texture": "#2"},
				"west": {"uv": [8, 1, 9, 2], "texture": "#2"},
				"up": {"uv": [8, 1, 9, 2], "texture": "#2"},
				"down": {"uv": [8, 1, 9, 2], "texture": "#2"}
			}
		},
		{
			"from": [3.77164, 3.99581, 1.85822],
			"to": [7.77164, 8.99581, 2.85822],
			"rotation": {"angle": 22.5, "axis": "x", "origin": [6.27164, 8.49581, -0.14178]},
			"faces": {
				"north": {"uv": [0, 6, 3, 11], "rotation": 180, "texture": "#2"},
				"east": {"uv": [0, 0, 3, 5], "rotation": 180, "texture": "#2"},
				"south": {"uv": [0, 0, 3, 5], "rotation": 180, "texture": "#2"},
				"west": {"uv": [0, 0, 3, 5], "rotation": 180, "texture": "#2"},
				"up": {"uv": [0, 1, 3, 6], "rotation": 180, "texture": "#2"},
				"down": {"uv": [0, 4, 3, 5], "rotation": 180, "texture": "#2"}
			}
		},
		{
			"from": [4.77164, 4, 0.85195],
			"to": [7.77164, 9, 1.85195],
			"rotation": {"angle": -22.5, "axis": "x", "origin": [9.27164, 5.5, -2.14805]},
			"faces": {
				"north": {"uv": [0, 7, 3, 12], "texture": "#2"},
				"east": {"uv": [0, 0, 3, 5], "texture": "#2"},
				"south": {"uv": [0, 0, 3, 5], "texture": "#2"},
				"west": {"uv": [0, 0, 3, 5], "texture": "#2"},
				"up": {"uv": [0, 4, 3, 5], "texture": "#2"},
				"down": {"uv": [0, 0, 3, 5], "texture": "#2"}
			}
		},
		{
			"from": [3.77164, 5, -0.14805],
			"to": [8.77164, 8, 0.85195],
			"rotation": {"angle": 22.5, "axis": "y", "origin": [8.27164, 6.5, -2.14805]},
			"faces": {
				"north": {"uv": [0, 8, 3, 13], "rotation": 270, "texture": "#2"},
				"east": {"uv": [0, 4, 3, 5], "rotation": 270, "texture": "#2"},
				"south": {"uv": [0, 0, 3, 5], "rotation": 270, "texture": "#2"},
				"west": {"uv": [0, 0, 3, 5], "rotation": 270, "texture": "#2"},
				"up": {"uv": [0, 0, 3, 5], "rotation": 270, "texture": "#2"},
				"down": {"uv": [0, 0, 3, 5], "rotation": 270, "texture": "#2"}
			}
		},
		{
			"from": [3, 5, 0],
			"to": [8, 8, 1],
			"rotation": {"angle": -22.5, "axis": "y", "origin": [4.5, 6.5, 1]},
			"faces": {
				"north": {"uv": [0, 7, 3, 12], "rotation": 90, "texture": "#2"},
				"east": {"uv": [0, 0, 3, 5], "rotation": 90, "texture": "#2"},
				"south": {"uv": [0, 0, 3, 5], "rotation": 90, "texture": "#2"},
				"west": {"uv": [0, 4, 3, 5], "rotation": 90, "texture": "#2"},
				"up": {"uv": [0, 0, 3, 5], "rotation": 90, "texture": "#2"},
				"down": {"uv": [0, 0, 3, 5], "rotation": 90, "texture": "#2"}
			}
		},
		{
			"from": [2, 2, 1],
			"to": [11, 11, 1],
			"rotation": {"angle": 0, "axis": "y", "origin": [4.5, 3.5, 1]},
			"faces": {
				"north": {"uv": [7, 7, 16, 16], "rotation": 270, "texture": "#2"},
				"east": {"uv": [7, 7, 16, 16], "rotation": 270, "texture": "#2"},
				"south": {"uv": [7, 7, 16, 16], "rotation": 270, "texture": "#2"},
				"west": {"uv": [7, 7, 16, 16], "rotation": 270, "texture": "#2"},
				"up": {"uv": [7, 7, 16, 16], "rotation": 270, "texture": "#2"},
				"down": {"uv": [7, 7, 16, 16], "rotation": 270, "texture": "#2"}
			}
		},
		{
			"from": [8, 12, 0],
			"to": [13, 15, 1],
			"rotation": {"angle": -22.5, "axis": "y", "origin": [9.5, 13.5, 1]},
			"faces": {
				"north": {"uv": [0, 7, 3, 12], "rotation": 90, "texture": "#2"},
				"east": {"uv": [0, 0, 3, 5], "rotation": 90, "texture": "#2"},
				"south": {"uv": [0, 0, 3, 5], "rotation": 90, "texture": "#2"},
				"west": {"uv": [0, 4, 3, 5], "rotation": 90, "texture": "#2"},
				"up": {"uv": [0, 0, 3, 5], "rotation": 90, "texture": "#2"},
				"down": {"uv": [0, 0, 3, 5], "rotation": 90, "texture": "#2"}
			}
		},
		{
			"from": [8.77164, 12, -0.14805],
			"to": [13.77164, 15, 0.85195],
			"rotation": {"angle": 22.5, "axis": "y", "origin": [13.27164, 13.5, -2.14805]},
			"faces": {
				"north": {"uv": [0, 8, 3, 13], "rotation": 270, "texture": "#2"},
				"east": {"uv": [0, 4, 3, 5], "rotation": 270, "texture": "#2"},
				"south": {"uv": [0, 0, 3, 5], "rotation": 270, "texture": "#2"},
				"west": {"uv": [0, 0, 3, 5], "rotation": 270, "texture": "#2"},
				"up": {"uv": [0, 0, 3, 5], "rotation": 270, "texture": "#2"},
				"down": {"uv": [0, 0, 3, 5], "rotation": 270, "texture": "#2"}
			}
		},
		{
			"from": [9.77164, 11, 0.85195],
			"to": [12.77164, 16, 1.85195],
			"rotation": {"angle": -22.5, "axis": "x", "origin": [14.27164, 12.5, -2.14805]},
			"faces": {
				"north": {"uv": [0, 7, 3, 12], "texture": "#2"},
				"east": {"uv": [0, 0, 3, 5], "texture": "#2"},
				"south": {"uv": [0, 0, 3, 5], "texture": "#2"},
				"west": {"uv": [0, 0, 3, 5], "texture": "#2"},
				"up": {"uv": [0, 4, 3, 5], "texture": "#2"},
				"down": {"uv": [0, 0, 3, 5], "texture": "#2"}
			}
		},
		{
			"from": [8.77164, 10.99581, 1.85822],
			"to": [12.77164, 15.99581, 2.85822],
			"rotation": {"angle": 22.5, "axis": "x", "origin": [11.27164, 15.49581, -0.14178]},
			"faces": {
				"north": {"uv": [0, 6, 3, 11], "rotation": 180, "texture": "#2"},
				"east": {"uv": [0, 0, 3, 5], "rotation": 180, "texture": "#2"},
				"south": {"uv": [0, 0, 3, 5], "rotation": 180, "texture": "#2"},
				"west": {"uv": [0, 0, 3, 5], "rotation": 180, "texture": "#2"},
				"up": {"uv": [0, 1, 3, 6], "rotation": 180, "texture": "#2"},
				"down": {"uv": [0, 4, 3, 5], "rotation": 180, "texture": "#2"}
			}
		},
		{
			"from": [11, 13, 0],
			"to": [12, 14, 1],
			"rotation": {"angle": 0, "axis": "y", "origin": [10, 7, 9]},
			"faces": {
				"north": {"uv": [8, 1, 9, 2], "texture": "#2"},
				"east": {"uv": [8, 1, 9, 2], "texture": "#2"},
				"south": {"uv": [8, 1, 9, 2], "texture": "#2"},
				"west": {"uv": [8, 1, 9, 2], "texture": "#2"},
				"up": {"uv": [8, 1, 9, 2], "texture": "#2"},
				"down": {"uv": [8, 1, 9, 2], "texture": "#2"}
			}
		}
	]
}