{
	"credit": "Made by FishCoco-MCBBS ",
	"parent": "block/leaves",
	"textures": {
		"0": "block/leaves_oak",
		"1": "block/leaves_oak_a",
		"3": "block/apple/lime_apple",
		"particle": "block/leaves_oak"
	},
	"elements": [
		{
			"from": [1, 1, 1],
			"to": [15, 15, 15],
			"faces": {
				"north": {"uv": [0, 0, 15, 15], "texture": "#0", "tintindex": 0},
				"east": {"uv": [0, 0, 15, 15], "texture": "#0", "tintindex": 0},
				"south": {"uv": [0, 0, 15, 15], "texture": "#0", "tintindex": 0},
				"west": {"uv": [0, 0, 15, 15], "texture": "#0", "tintindex": 0},
				"up": {"uv": [0, 0, 15, 15], "texture": "#0", "tintindex": 0},
				"down": {"uv": [0, 0, 15, 15], "texture": "#0", "tintindex": 0}
			}
		},
		{
			"from": [1.5, -9, -8.5],
			"to": [1.5, 24, 23.5],
			"shade": false,
			"rotation": {"angle": -22.5, "axis": "y", "origin": [2, -8.5, 23.5]},
			"faces": {
				"north": {"uv": [0, 0, 16, 0], "texture": "#missing", "rotation": 270},
				"east": {"uv": [0, 0, 16, 16], "texture": "#1", "tintindex": 0},
				"south": {"uv": [0, 0, 16, 0], "texture": "#missing", "rotation": 90},
				"west": {"uv": [0, 0, 16, 16], "texture": "#1", "rotation": 180, "tintindex": 0},
				"up": {"uv": [0, 0, 16, 0], "texture": "#1", "rotation": 270, "tintindex": 0},
				"down": {"uv": [0, 0, 16, 0], "texture": "#missing", "rotation": 270}
			}
		},
		{
			"from": [14.5, -9, -9.5],
			"to": [14.5, 24, 22.5],
			"shade": false,
			"rotation": {"angle": 22.5, "axis": "y", "origin": [15, -8.5, 22.5]},
			"faces": {
				"north": {"uv": [0, 0, 16, 0], "texture": "#missing", "rotation": 270},
				"east": {"uv": [0, 0, 16, 16], "texture": "#1", "tintindex": 0},
				"south": {"uv": [0, 0, 16, 0], "texture": "#missing", "rotation": 90},
				"west": {"uv": [0, 0, 16, 16], "texture": "#1", "rotation": 180, "tintindex": 0},
				"up": {"uv": [0, 0, 16, 0], "texture": "#1", "rotation": 270, "tintindex": 0},
				"down": {"uv": [0, 0, 16, 0], "texture": "#missing", "rotation": 270}
			}
		},
		{
			"from": [-7, -9, 14],
			"to": [25, 24, 14],
			"shade": false,
			"rotation": {"angle": 22.5, "axis": "y", "origin": [-7, -8.5, 14.5]},
			"faces": {
				"north": {"uv": [0, 0, 16, 16], "texture": "#1", "rotation": 180, "tintindex": 0},
				"east": {"uv": [0, 0, 16, 0], "texture": "#missing", "rotation": 270},
				"south": {"uv": [0, 0, 16, 16], "texture": "#1", "tintindex": 0},
				"west": {"uv": [0, 0, 16, 0], "texture": "#missing", "rotation": 90},
				"up": {"uv": [0, 0, 16, 0], "texture": "#1", "tintindex": 0},
				"down": {"uv": [0, 0, 16, 0], "texture": "#missing", "rotation": 180}
			}
		},
		{
			"from": [-7, -9, 2],
			"to": [25, 24, 2],
			"shade": false,
			"rotation": {"angle": -22.5, "axis": "y", "origin": [-7, -8.5, 2.5]},
			"faces": {
				"north": {"uv": [0, 0, 16, 16], "texture": "#1", "rotation": 180, "tintindex": 0},
				"east": {"uv": [0, 0, 16, 0], "texture": "#missing", "rotation": 270},
				"south": {"uv": [0, 0, 16, 16], "texture": "#1", "tintindex": 0},
				"west": {"uv": [0, 0, 16, 0], "texture": "#missing", "rotation": 90},
				"up": {"uv": [0, 0, 16, 0], "texture": "#1", "tintindex": 0},
				"down": {"uv": [0, 0, 16, 0], "texture": "#missing", "rotation": 180}
			}
		},
				{
			"from": [2, -3, -2],
			"to": [8, 4, 4],
			"rotation": {"angle": 0, "axis": "y", "origin": [8, 3, 4]},
			"faces": {
				"north": {"uv": [9, 9, 15, 15], "texture": "#3"},
				"east": {"uv": [1, 9, 7, 15], "texture": "#3"},
				"south": {"uv": [9, 9, 15, 15], "texture": "#3"},
				"west": {"uv": [1, 9, 7, 15], "texture": "#3"},
				"up": {"uv": [1, 9, 7, 15], "texture": "#3"},
				"down": {"uv": [9, 9, 15, 15], "texture": "#3"}
			}
		},
		{
			"from": [2, -2, -3],
			"to": [8, 3, 5],
			"rotation": {"angle": 0, "axis": "y", "origin": [8, 3, 4]},
			"faces": {
				"north": {"uv": [9, 9, 15, 14], "texture": "#3"},
				"east": {"uv": [0, 10, 8, 14], "texture": "#3"},
				"south": {"uv": [9, 9, 15, 14], "texture": "#3"},
				"west": {"uv": [0, 10, 8, 14], "texture": "#3"},
				"up": {"uv": [2, 10, 6, 14], "texture": "#3"},
				"down": {"uv": [2, 9, 4, 14], "texture": "#3"}
			}
		},
		{
			"from": [1, -2, -2],
			"to": [9, 3, 4],
			"rotation": {"angle": 0, "axis": "y", "origin": [8, 3, 4]},
			"faces": {
				"north": {"uv": [9, 9, 14, 14], "texture": "#3"},
				"east": {"uv": [1, 9, 7, 14], "texture": "#3"},
				"south": {"uv": [9, 9, 14, 13], "texture": "#3"},
				"west": {"uv": [2, 9, 7, 13], "texture": "#3"},
				"up": {"uv": [2, 9, 5, 14], "texture": "#3"},
				"down": {"uv": [2, 9, 4, 14], "texture": "#3"}
			}
		},
		{
			"from": [3, 3, 0],
			"to": [5, 4, 1],
			"rotation": {"angle": -22.5, "axis": "z", "origin": [5, 4.5, 0.5]},
			"faces": {
				"north": {"uv": [0, 2, 1, 3], "texture": "#3"},
				"east": {"uv": [0, 0, 1, 1], "texture": "#missing"},
				"south": {"uv": [0, 2, 1, 3], "texture": "#3"},
				"west": {"uv": [0, 1, 1, 2], "texture": "#3"},
				"up": {"uv": [0, 3, 1, 4], "texture": "#3"},
				"down": {"uv": [0, 0, 2, 1], "texture": "#missing"}
			}
		},
		{
			"from": [4.69344, 2.4588, 0],
			"to": [6.69344, 3.4588, 1],
			"rotation": {"angle": 22.5, "axis": "z", "origin": [2.69344, 3.9588, 0.5]},
			"faces": {
				"north": {"uv": [0, 2, 1, 3], "rotation": 180, "texture": "#3"},
				"east": {"uv": [0, 1, 1, 2], "rotation": 180, "texture": "#3"},
				"south": {"uv": [0, 2, 1, 3], "rotation": 180, "texture": "#3"},
				"west": {"uv": [0, 0, 1, 1], "rotation": 180, "texture": "#missing"},
				"up": {"uv": [0, 3, 1, 4], "rotation": 180, "texture": "#3"},
				"down": {"uv": [0, 2, 1, 3], "rotation": 180, "texture": "#3"}
			}
		},
		{
			"from": [4, 4, 0],
			"to": [5, 7, 1],
			"rotation": {"angle": 0, "axis": "y", "origin": [5, 4.5, 0.5]},
			"faces": {
				"north": {"uv": [0, 2, 1, 5], "texture": "#3"},
				"east": {"uv": [0, 2, 1, 5], "texture": "#3"},
				"south": {"uv": [0, 2, 1, 5], "texture": "#3"},
				"west": {"uv": [0, 2, 1, 5], "texture": "#3"},
				"up": {"uv": [0, 1, 1, 2], "texture": "#3"},
				"down": {"uv": [0, 0, 1, 1], "texture": "#missing"}
			}
		},
		{
			"from": [4, 9, 2],
			"to": [5, 10, 5],
			"rotation": {"angle": 22.5, "axis": "y", "origin": [3.5, 8.5, 2.5]},
			"faces": {
				"north": {"uv": [0, 2, 1, 3], "rotation": 180, "texture": "#3"},
				"east": {"uv": [0, 2, 1, 5], "rotation": 270, "texture": "#3"},
				"south": {"uv": [0, 1, 1, 2], "texture": "#3"},
				"west": {"uv": [0, 2, 1, 5], "rotation": 90, "texture": "#3"},
				"up": {"uv": [0, 2, 1, 5], "rotation": 180, "texture": "#3"},
				"down": {"uv": [0, 2, 1, 5], "texture": "#missing"}
			}
		},
		{
			"from": [4, 7, 0],
			"to": [5, 10, 1],
			"rotation": {"angle": 22.5, "axis": "x", "origin": [5, 4.5, 0.5]},
			"faces": {
				"north": {"uv": [0, 1, 1, 4], "texture": "#3"},
				"east": {"uv": [0, 1, 1, 4], "texture": "#3"},
				"south": {"uv": [0, 1, 1, 4], "texture": "#3"},
				"west": {"uv": [0, 1, 1, 4], "texture": "#3"},
				"up": {"uv": [0, 1, 1, 2], "texture": "#3"},
				"down": {"uv": [0, 2, 1, 3], "texture": "#3"}
			}
		}
	]
}