{
	"credit": "Coco",
	"textures": {
		"0": "block/oak_log_d",
		"1": "block/oak_log_top_d",
		"3": "block/oak_log_hole",
		"particle": "block/oak_log"
	},
	"elements": [
		{
			"from": [0, 0, 0],
			"to": [16, 16, 0],
			"rotation": {"angle": 0, "axis": "y", "origin": [8, 8, 0]},
			"faces": {
				"north": {"uv": [0, 0, 16, 16], "texture": "#0"},
				"east": {"uv": [0, 0, 0, 16], "texture": "#0"},
				"south": {"uv": [0, 0, 16, 16], "texture": "#0"},
				"west": {"uv": [0, 0, 0, 16], "texture": "#0"},
				"up": {"uv": [0, 0, 16, 0], "texture": "#1"},
				"down": {"uv": [0, 0, 16, 0], "texture": "#1"}
			}
		},
		{
			"from": [5, 13, 16],
			"to": [16, 16, 16],
			"rotation": {"angle": 0, "axis": "y", "origin": [8, 8, 0]},
			"shade":false, "faces": {
				"north": {"uv": [0, 0, 11, 3], "texture": "#0"},
				"east": {"uv": [0, 0, 0, 3], "texture": "#0"},
				"south": {"uv": [5, 0, 16, 3], "texture": "#3"},
				"west": {"uv": [0, 0, 0, 3], "texture": "#0"},
				"up": {"uv": [0, 0, 11, 0], "texture": "#0"},
				"down": {"uv": [0, 0, 11, 0], "texture": "#0"}
			}
		},
		{
			"from": [5, 0, 16],
			"to": [13, 3, 16],
			"rotation": {"angle": 0, "axis": "y", "origin": [8, 8, 0]},
			"shade":false, "faces": {
				"north": {"uv": [0, 0, 11, 3], "texture": "#0"},
				"east": {"uv": [0, 0, 0, 3], "texture": "#0"},
				"south": {"uv": [5, 13, 13, 16], "texture": "#3"},
				"west": {"uv": [0, 0, 0, 3], "texture": "#0"},
				"up": {"uv": [0, 0, 11, 0], "texture": "#0"},
				"down": {"uv": [0, 0, 11, 0], "texture": "#0"}
			}
		},
		{
			"from": [5, 3, 16],
			"to": [6, 6, 16],
			"rotation": {"angle": 0, "axis": "y", "origin": [8, 8, 0]},
			"shade":false, "faces": {
				"north": {"uv": [0, 0, 11, 3], "texture": "#0"},
				"east": {"uv": [0, 0, 0, 3], "texture": "#0"},
				"south": {"uv": [5, 10, 6, 13], "texture": "#3"},
				"west": {"uv": [0, 0, 0, 3], "texture": "#0"},
				"up": {"uv": [0, 0, 11, 0], "texture": "#0"},
				"down": {"uv": [0, 0, 11, 0], "texture": "#0"}
			}
		},
		{
			"from": [12, 3, 16],
			"to": [13, 5, 16],
			"rotation": {"angle": 0, "axis": "y", "origin": [8, 8, 0]},
			"shade":false, "faces": {
				"north": {"uv": [0, 0, 11, 3], "texture": "#0"},
				"east": {"uv": [0, 0, 0, 3], "texture": "#0"},
				"south": {"uv": [12, 11, 13, 13], "texture": "#3"},
				"west": {"uv": [0, 0, 0, 3], "texture": "#0"},
				"up": {"uv": [0, 0, 11, 0], "texture": "#0"},
				"down": {"uv": [0, 0, 11, 0], "texture": "#0"}
			}
		},
		{
			"from": [5, 12, 16],
			"to": [6, 13, 16],
			"rotation": {"angle": 0, "axis": "y", "origin": [8, 8, 0]},
			"shade":false, "faces": {
				"north": {"uv": [0, 0, 11, 3], "texture": "#0"},
				"east": {"uv": [0, 0, 0, 3], "texture": "#0"},
				"south": {"uv": [5, 3, 6, 4], "texture": "#3"},
				"west": {"uv": [0, 0, 0, 3], "texture": "#0"},
				"up": {"uv": [0, 0, 11, 0], "texture": "#0"},
				"down": {"uv": [0, 0, 11, 0], "texture": "#0"}
			}
		},
		{
			"from": [0, 0, 16],
			"to": [5, 16, 16],
			"rotation": {"angle": 0, "axis": "y", "origin": [8, 8, 0]},
			"shade":false, "faces": {
				"north": {"uv": [0, 0, 7, 16], "texture": "#0"},
				"east": {"uv": [0, 0, 0, 16], "texture": "#0"},
				"south": {"uv": [0, 0, 5, 16], "texture": "#3"},
				"west": {"uv": [0, 0, 0, 16], "texture": "#0"},
				"up": {"uv": [0, 0, 7, 0], "texture": "#0"},
				"down": {"uv": [0, 0, 7, 0], "texture": "#0"}
			}
		},
		{
			"from": [13, 0, 16],
			"to": [16, 13, 16],
			"rotation": {"angle": 0, "axis": "y", "origin": [8, 8, 0]},
			"shade":false, "faces": {
				"north": {"uv": [0, 0, 7, 16], "texture": "#0"},
				"east": {"uv": [0, 0, 0, 16], "texture": "#0"},
				"south": {"uv": [13, 3, 16, 16], "texture": "#3"},
				"west": {"uv": [0, 0, 0, 16], "texture": "#0"},
				"up": {"uv": [0, 0, 7, 0], "texture": "#0"},
				"down": {"uv": [0, 0, 7, 0], "texture": "#0"}
			}
		},
		{
			"from": [13, 5, 16],
			"to": [14, 11, 17],
			"rotation": {"angle": -22.5, "axis": "y", "origin": [13.5, 8, 16.5]},
			"shade":false, "faces": {
				"north": {"uv": [0, 0, 1, 8], "texture": "#1"},
				"east": {"uv": [0, 0, 1, 6], "texture": "#1"},
				"south": {"uv": [13, 3, 14, 9], "texture": "#1"},
				"west": {"uv": [0, 0, 1, 8], "texture": "#0"},
				"up": {"uv": [1, 2, 2, 3], "texture": "#1"},
				"down": {"uv": [2, 1, 3, 2], "texture": "#1"}
			}
		},
		{
			"from": [4.53703, 6, 16.32749],
			"to": [5.53703, 12, 17.32749],
			"rotation": {"angle": 22.5, "axis": "y", "origin": [4.03703, 8, 15.82749]},
			"shade":false, "faces": {
				"north": {"uv": [0, 0, 1, 6], "texture": "#1"},
				"east": {"uv": [13, 3, 14, 9], "texture": "#1"},
				"south": {"uv": [1, 2, 2, 10], "texture": "#1"},
				"west": {"uv": [1, 2, 2, 10], "texture": "#1"},
				"up": {"uv": [1, 2, 2, 3], "rotation": 270, "texture": "#1"},
				"down": {"uv": [2, 1, 3, 2], "rotation": 90, "texture": "#1"}
			}
		},
		{
			"from": [5.53703, 3, 16.32749],
			"to": [6.53703, 6, 17.32749],
			"rotation": {"angle": 22.5, "axis": "y", "origin": [4.03703, 8, 15.82749]},
			"shade":false, "faces": {
				"north": {"uv": [0, 0, 1, 6], "texture": "#0"},
				"east": {"uv": [11, 3, 12, 4], "texture": "#1"},
				"south": {"uv": [1, 3, 2, 6], "texture": "#1"},
				"west": {"uv": [1, 2, 2, 10], "texture": "#1"},
				"up": {"uv": [1, 2, 2, 3], "rotation": 270, "texture": "#1"},
				"down": {"uv": [2, 1, 3, 2], "rotation": 90, "texture": "#1"}
			}
		},
		{
			"from": [12, 3, 16],
			"to": [13, 5, 17],
			"rotation": {"angle": -22.5, "axis": "y", "origin": [13.5, 8, 16.5]},
			"shade":false, "faces": {
				"north": {"uv": [0, 0, 1, 8], "texture": "#0"},
				"east": {"uv": [4, 3, 5, 5], "texture": "#1"},
				"south": {"uv": [13, 3, 14, 5], "texture": "#1"},
				"west": {"uv": [0, 0, 1, 2], "texture": "#1"},
				"up": {"uv": [1, 2, 2, 3], "texture": "#0"},
				"down": {"uv": [2, 1, 3, 2], "texture": "#1"}
			}
		},
		{
			"from": [12, 11, 16],
			"to": [13, 13, 17],
			"rotation": {"angle": -22.5, "axis": "y", "origin": [13.5, 8, 16.5]},
			"shade":false, "faces": {
				"north": {"uv": [0, 0, 1, 8], "texture": "#0"},
				"east": {"uv": [4, 3, 5, 5], "texture": "#1"},
				"south": {"uv": [13, 3, 14, 5], "texture": "#1"},
				"west": {"uv": [0, 0, 1, 2], "texture": "#1"},
				"up": {"uv": [1, 2, 2, 3], "texture": "#1"},
				"down": {"uv": [2, 1, 3, 2], "texture": "#1"}
			}
		},
		{
			"from": [6, 12, 19],
			"to": [7, 13, 20],
			"rotation": {"angle": -22.5, "axis": "y", "origin": [13.5, 8, 16.5]},
			"shade":false, "faces": {
				"north": {"uv": [0, 0, 1, 8], "texture": "#0"},
				"east": {"uv": [4, 3, 5, 5], "texture": "#1"},
				"south": {"uv": [12, 3, 13, 5], "texture": "#1"},
				"west": {"uv": [1, 2, 2, 4], "texture": "#1"},
				"up": {"uv": [1, 2, 2, 3], "texture": "#1"},
				"down": {"uv": [2, 1, 3, 2], "texture": "#1"}
			}
		},
		{
			"from": [16, 0, 0],
			"to": [16, 16, 16],
			"rotation": {"angle": 0, "axis": "y", "origin": [8, 8, 0]},
			"shade":false, "faces": {
				"north": {"uv": [0, 0, 0, 16], "texture": "#0"},
				"east": {"uv": [0, 0, 16, 16], "texture": "#0"},
				"south": {"uv": [0, 0, 0, 16], "texture": "#0"},
				"west": {"uv": [0, 0, 16, 16], "texture": "#0"},
				"up": {"uv": [0, 0, 16, 0], "rotation": 270, "texture": "#0"},
				"down": {"uv": [0, 0, 16, 0], "rotation": 90, "texture": "#0"}
			}
		},
		{
			"from": [0, 0, 0],
			"to": [0, 16, 16],
			"rotation": {"angle": 0, "axis": "y", "origin": [0, 8, 8]},
			"shade":false, "faces": {
				"north": {"uv": [0, 0, 0, 16], "texture": "#0"},
				"east": {"uv": [0, 0, 16, 16], "texture": "#0"},
				"south": {"uv": [0, 0, 0, 16], "texture": "#0"},
				"west": {"uv": [0, 0, 16, 16], "texture": "#0"},
				"up": {"uv": [0, 0, 16, 0], "rotation": 270, "texture": "#0"},
				"down": {"uv": [0, 0, 16, 0], "rotation": 90, "texture": "#0"}
			}
		},
		{
			"from": [0, 0, 0],
			"to": [16, 0, 16],
			"rotation": {"angle": 0, "axis": "z", "origin": [16, 8, 8]},
			"shade":false, "faces": {
				"north": {"uv": [0, 0, 0, 16], "rotation": 90, "texture": "#0"},
				"east": {"uv": [0, 0, 16, 0], "texture": "#0"},
				"south": {"uv": [0, 0, 0, 16], "rotation": 270, "texture": "#0"},
				"west": {"uv": [0, 0, 16, 0], "rotation": 180, "texture": "#0"},
				"up": {"uv": [0, 0, 16, 16], "rotation": 270, "texture": "#1"},
				"down": {"uv": [0, 0, 16, 16], "rotation": 270, "texture": "#1"}
			}
		},
		{
			"from": [0, 16, 0],
			"to": [16, 16, 16],
			"rotation": {"angle": 0, "axis": "y", "origin": [16, 8, 8]},
			"shade":false, "faces": {
				"north": {"uv": [0, 0, 0, 16], "rotation": 90, "texture": "#0"},
				"east": {"uv": [0, 0, 16, 0], "texture": "#0"},
				"south": {"uv": [0, 0, 0, 16], "rotation": 270, "texture": "#0"},
				"west": {"uv": [0, 0, 16, 0], "rotation": 180, "texture": "#0"},
				"up": {"uv": [0, 0, 16, 16], "rotation": 270, "texture": "#1"},
				"down": {"uv": [0, 0, 16, 16], "rotation": 270, "texture": "#1"}
			}
		},
		{
			"from": [12, 11, 16],
			"to": [13, 13, 16],
			"rotation": {"angle": 0, "axis": "y", "origin": [8, 8, 0]},
			"shade":false, "faces": {
				"north": {"uv": [0, 0, 11, 3], "texture": "#0"},
				"east": {"uv": [0, 0, 0, 3], "texture": "#0"},
				"south": {"uv": [12, 3, 13, 5], "texture": "#3"},
				"west": {"uv": [0, 0, 0, 3], "texture": "#0"},
				"up": {"uv": [0, 0, 11, 0], "texture": "#0"},
				"down": {"uv": [0, 0, 11, 0], "texture": "#0"}
			}
		},
		{
			"from": [7, 2, 16],
			"to": [12, 3, 17],
			"rotation": {"angle": -22.5, "axis": "x", "origin": [8.5, 0.5, 15.5]},
			"shade":false, "faces": {
				"north": {"uv": [0, 0, 5, 1], "rotation": 180, "texture": "#0"},
				"east": {"uv": [0, 0, 1, 1], "rotation": 270, "texture": "#0"},
				"south": {"uv": [4, 1, 9, 2], "texture": "#1"},
				"west": {"uv": [0, 0, 1, 1], "rotation": 90, "texture": "#0"},
				"up": {"uv": [2, 1, 7, 2], "rotation": 180, "texture": "#1"},
				"down": {"uv": [3, 1, 8, 2], "texture": "#1"}
			}
		},
		{
			"from": [6, 12.99997, 16.0272],
			"to": [12, 13.99997, 17.0272],
			"rotation": {"angle": 22.5, "axis": "x", "origin": [9.5, 13.49997, 15.5272]},
			"shade":false, "faces": {
				"north": {"uv": [0, 0, 6, 1], "rotation": 180, "texture": "#1"},
				"east": {"uv": [0, 0, 1, 1], "rotation": 270, "texture": "#1"},
				"south": {"uv": [4, 1, 10, 2], "texture": "#1"},
				"west": {"uv": [0, 0, 1, 1], "rotation": 90, "texture": "#1"},
				"up": {"uv": [2, 1, 8, 2], "rotation": 180, "texture": "#1"},
				"down": {"uv": [3, 1, 9, 2], "texture": "#1"}
			}
		},
		{
			"from": [6, 1, 11],
			"to": [12, 2, 15],
			"rotation": {"angle": 0, "axis": "y", "origin": [9, 1.5, 14]},
			"shade":false, "faces": {
				"north": {"uv": [0, 0, 6, 1], "texture": "#0"},
				"east": {"uv": [0, 0, 4, 1], "texture": "#0"},
				"south": {"uv": [0, 0, 6, 1], "texture": "#0"},
				"west": {"uv": [0, 0, 4, 1], "texture": "#0"},
				"up": {"uv": [0, 0, 6, 4], "texture": "#0"},
				"down": {"uv": [0, 0, 6, 4], "texture": "#0"}
			}
		},
		{
			"from": [4, 13, 11],
			"to": [14, 14, 15],
			"rotation": {"angle": 0, "axis": "y", "origin": [9, 1.5, 14]},
			"shade":false, "faces": {
				"north": {"uv": [0, 0, 10, 1], "texture": "#0"},
				"east": {"uv": [0, 0, 4, 1], "texture": "#0"},
				"south": {"uv": [0, 0, 10, 1], "texture": "#3"},
				"west": {"uv": [0, 0, 4, 1], "texture": "#0"},
				"up": {"uv": [0, 0, 10, 4], "texture": "#0"},
				"down": {"uv": [3, 3, 13, 7], "texture": "#1"}
			}
		},
		{
			"from": [3.5, 6.5, 11],
			"to": [4.5, 13.5, 15],
			"rotation": {"angle": 0, "axis": "z", "origin": [9, 1.5, 14]},
			"shade":false, "faces": {
				"north": {"uv": [0, 0, 7, 1], "rotation": 90, "texture": "#0"},
				"east": {"uv": [0, 0, 7, 4], "rotation": 270, "texture": "#0"},
				"south": {"uv": [0, 0, 7, 1], "rotation": 270, "texture": "#0"},
				"west": {"uv": [0, 0, 7, 4], "rotation": 270, "texture": "#0"},
				"up": {"uv": [0, 0, 4, 1], "rotation": 270, "texture": "#0"},
				"down": {"uv": [0, 0, 4, 1], "rotation": 270, "texture": "#0"}
			}
		},
		{
			"from": [13.5, 6.5, 11],
			"to": [14.5, 13.5, 15],
			"rotation": {"angle": 0, "axis": "y", "origin": [9, 1.5, 14]},
			"shade":false, "faces": {
				"north": {"uv": [0, 0, 7, 1], "rotation": 90, "texture": "#0"},
				"east": {"uv": [0, 0, 7, 4], "rotation": 270, "texture": "#0"},
				"south": {"uv": [0, 0, 7, 1], "rotation": 270, "texture": "#0"},
				"west": {"uv": [0, 0, 7, 4], "rotation": 270, "texture": "#0"},
				"up": {"uv": [0, 0, 4, 1], "rotation": 270, "texture": "#0"},
				"down": {"uv": [0, 0, 4, 1], "rotation": 270, "texture": "#1"}
			}
		},
		{
			"from": [5.5, 2.5, 11],
			"to": [6.5, 8.5, 15],
			"rotation": {"angle": 22.5, "axis": "z", "origin": [9, 1.5, 14]},
			"shade":false, "faces": {
				"north": {"uv": [0, 0, 6, 1], "rotation": 270, "texture": "#0"},
				"east": {"uv": [0, 0, 6, 4], "rotation": 90, "texture": "#0"},
				"south": {"uv": [0, 0, 6, 1], "rotation": 90, "texture": "#0"},
				"west": {"uv": [0, 0, 6, 4], "rotation": 90, "texture": "#0"},
				"up": {"uv": [0, 0, 4, 1], "rotation": 90, "texture": "#0"},
				"down": {"uv": [0, 0, 4, 1], "rotation": 90, "texture": "#0"}
			}
		},
		{
			"from": [12.19763, 4.04747, 11],
			"to": [13.19763, 10.04747, 15],
			"rotation": {"angle": -22.5, "axis": "z", "origin": [4.69763, 4.04747, 14]},
			"shade":false, "faces": {
				"north": {"uv": [0, 0, 6, 1], "rotation": 270, "texture": "#0"},
				"east": {"uv": [0, 0, 6, 4], "rotation": 90, "texture": "#0"},
				"south": {"uv": [0, 0, 6, 1], "rotation": 90, "texture": "#0"},
				"west": {"uv": [0, 0, 6, 4], "rotation": 90, "texture": "#0"},
				"up": {"uv": [0, 0, 4, 1], "rotation": 90, "texture": "#0"},
				"down": {"uv": [0, 0, 4, 1], "rotation": 90, "texture": "#0"}
			}
		},
		{
			"from": [3, 2.53073, 8.30448],
			"to": [15, 3.53073, 12.30448],
			"rotation": {"angle": 22.5, "axis": "x", "origin": [9, 3.03073, 10.30448]},
			"shade":false, "faces": {
				"north": {"uv": [0, 0, 8, 1], "texture": "#0"},
				"east": {"uv": [0, 0, 4, 1], "texture": "#0"},
				"south": {"uv": [0, 0, 8, 1], "texture": "#0"},
				"west": {"uv": [0, 0, 4, 1], "texture": "#0"},
				"up": {"uv": [0, 0, 9, 4], "texture": "#0"},
				"down": {"uv": [0, 0, 8, 4], "texture": "#0"}
			}
		},
		{
			"from": [4, 12.84565, 10.74863],
			"to": [16, 13.84565, 14.74863],
			"rotation": {"angle": -22.5, "axis": "x", "origin": [9, 11.34565, 13.74863]},
			"shade":false, "faces": {
				"north": {"uv": [0, 0, 12, 1], "texture": "#0"},
				"east": {"uv": [0, 0, 4, 1], "texture": "#0"},
				"south": {"uv": [0, 0, 12, 1], "texture": "#0"},
				"west": {"uv": [0, 0, 4, 1], "texture": "#0"},
				"up": {"uv": [0, 0, 12, 4], "texture": "#0"},
				"down": {"uv": [0, 0, 12, 4], "texture": "#0"}
			}
		},
		{
			"from": [5, 4, 9],
			"to": [13, 14, 9],
			"shade":false, "faces": {
				"north": {"uv": [0, 0, 8, 10], "texture": "#0"},
				"east": {"uv": [0, 0, 0, 10], "texture": "#0"},
				"south": {"uv": [0, 0, 8, 10], "texture": "#0"},
				"west": {"uv": [0, 0, 0, 10], "texture": "#0"},
				"up": {"uv": [0, 0, 8, 0], "texture": "#0"},
				"down": {"uv": [0, 0, 8, 0], "texture": "#0"}
			}
		},
		{
			"from": [11.5, 3, 5.5],
			"to": [11.5, 13, 11.5],
			"rotation": {"angle": 45, "axis": "y", "origin": [13.5, 9, 9]},
			"shade":false, "faces": {
				"north": {"uv": [0, 0, 0, 10], "texture": "#0"},
				"east": {"uv": [0, 0, 6, 10], "texture": "#0"},
				"south": {"uv": [0, 0, 0, 10], "texture": "#0"},
				"west": {"uv": [0, 0, 6, 10], "texture": "#0"},
				"up": {"uv": [0, 0, 6, 0], "rotation": 90, "texture": "#0"},
				"down": {"uv": [0, 0, 6, 0], "rotation": 270, "texture": "#0"}
			}
		},
		{
			"from": [-2.63173, 3, 7.6967],
			"to": [4.36827, 13, 7.6967],
			"rotation": {"angle": 45, "axis": "y", "origin": [5.36827, 8, 3.6967]},
			"shade":false, "faces": {
				"north": {"uv": [0, 0, 7, 10], "texture": "#0"},
				"east": {"uv": [0, 0, 0, 10], "texture": "#0"},
				"south": {"uv": [0, 0, 7, 10], "texture": "#0"},
				"west": {"uv": [0, 0, 0, 10], "texture": "#0"},
				"up": {"uv": [0, 0, 7, 0], "texture": "#0"},
				"down": {"uv": [0, 0, 7, 0], "texture": "#0"}
			}
		}
	]
}