{
	"credit": "Made with Blockbench",
	"textures": {
		"0": "block/oak_log",
		"1": "block/oak_log_top",
		"2": "block/leaves_oak_q",
		"particle": "block/oak_log"
	},
	"elements": [
		{
			"from": [0, 0, 0],
			"to": [16, 16, 16],
			"faces": {
				"north": {"uv": [0, 0, 16, 16], "texture": "#0"},
				"east": {"uv": [0, 0, 16, 16], "texture": "#0"},
				"south": {"uv": [0, 0, 16, 16], "texture": "#0"},
				"west": {"uv": [0, 0, 16, 16], "texture": "#0"},
				"up": {"uv": [0, 0, 16, 16], "texture": "#1"},
				"down": {"uv": [0, 0, 16, 16], "texture": "#1"}
			}
		},
		{
			"from": [-4, 2, 6],
			"to": [-1, 13, 9],
			"rotation": {"angle": 45, "axis": "z", "origin": [0.5, 6.5, 7.5]},
			"faces": {
				"north": {"uv": [0, 0, 3, 11], "texture": "#0"},
				"east": {"uv": [0, 0, 3, 11], "texture": "#0"},
				"south": {"uv": [0, 0, 3, 11], "texture": "#0"},
				"west": {"uv": [1, 0, 4, 11], "texture": "#0"},
				"up": {"uv": [5, 5, 11, 11], "texture": "#1"},
				"down": {"uv": [0, 0, 3, 3], "texture": "#missing"}
			}
		},
		{
			"from": [-10.75, 7, 5],
			"to": [-5.25, 10.75, 9.5],
			"rotation": {"angle": 22.5, "axis": "z", "origin": [-9.5, 13.5, 6.5]},
			"faces": {
				"north": {"uv": [3, 6, 8.5, 9.75], "texture": "#2", "tintindex": 0 },
				"east": {"uv": [0, 3, 4.5, 6.75], "texture": "#2", "tintindex": 0 },
				"south": {"uv": [2, 5, 7.5, 8.75], "texture": "#2", "tintindex": 0 },
				"west": {"uv": [3, 6, 7.5, 9.75], "texture": "#2", "tintindex": 0 },
				"up": {"uv": [7, 9, 12.5, 13.5], "texture": "#2", "tintindex": 0 },
				"down": {"uv": [5, 6, 10.5, 10.5], "texture": "#2", "tintindex": 0 }
			}
		},
		{
			"from": [-9.09427, 9.92608, 5],
			"to": [-3.59427, 13.67608, 8.5],
			"rotation": {"angle": -22.5, "axis": "z", "origin": [-6.34427, 9.80108, 7.25]},
			"faces": {
				"north": {"uv": [3, 6, 8.5, 9.75], "texture": "#2", "tintindex": 0 },
				"east": {"uv": [0, 3, 4.5, 6.75], "texture": "#2", "tintindex": 0 },
				"south": {"uv": [2, 5, 7.5, 8.75], "texture": "#2", "tintindex": 0 },
				"west": {"uv": [3, 6, 7.5, 9.75], "texture": "#2", "tintindex": 0 },
				"up": {"uv": [7, 9, 12.5, 13.5], "texture": "#2", "tintindex": 0 },
				"down": {"uv": [5, 6, 10.5, 10.5], "texture": "#2", "tintindex": 0 }
			}
		}
	]
}