{
	"credit": "Made with Blockbench",
	"textures": {
		"0": "block/oak_log",
		"1": "block/oak_log_top",
		"particle": "block/oak_log"
	},
	"elements": [
		{
			"from": [0, 0, 0],
			"to": [16, 16, 16],
			"faces": {
				"north": {"uv": [0, 0, 16, 16], "texture": "#0"},
				"east": {"uv": [0, 0, 16, 16], "texture": "#0"},
				"south": {"uv": [0, 0, 16, 16], "texture": "#0"},
				"west": {"uv": [0, 0, 16, 16], "texture": "#0"},
				"up": {"uv": [0, 0, 16, 16], "texture": "#1"},
				"down": {"uv": [0, 0, 16, 16], "texture": "#1"}
			}
		},
		{
			"from": [-1, 1, 0],
			"to": [0, 15, 16],
			"faces": {
				"north": {"uv": [0, 0, 1, 14], "texture": "#0"},
				"east": {"uv": [0, 0, 16, 14], "texture": "#missing"},
				"south": {"uv": [1, 0, 2, 14], "texture": "#0"},
				"west": {"uv": [0, 0, 16, 14], "texture": "#0"},
				"up": {"uv": [15, 0, 16, 16], "texture": "#1"},
				"down": {"uv": [0, 0, 1, 16], "texture": "#1"}
			}
		}
	]
}