{
	"credit": "Made with Blockbench",
	"ambientocclusion": false,
	"textures": {
		"0": "block/crop/potatoes_stage1",
		"particle": "block/crop/potatoes_stage1"
	},
	"elements": [
		{
			"from": [-4, -1, 8],
			"to": [11, 14, 8],
			"rotation": {"angle": 0, "axis": "y", "origin": [8, 6, 11]},
			"faces": {
				"north": {"uv": [16, 0, 0, 16], "texture": "#0"},
				"east": {"uv": [0, 0, 0, 15], "texture": "#0"},
				"south": {"uv": [0, 0, 16, 16], "texture": "#0"},
				"west": {"uv": [0, 0, 0, 15], "texture": "#0"},
				"up": {"uv": [0, 0, 15, 0], "texture": "#0"},
				"down": {"uv": [0, 0, 15, 0], "texture": "#0"}
			}
		},
		{
			"from": [11.5, -1, 3.5],
			"to": [11.5, 14, 18.5],
			"rotation": {"angle": 0, "axis": "y", "origin": [11.5, 6.5, 11]},
			"faces": {
				"north": {"uv": [0, 0, 0, 15], "texture": "#0"},
				"east": {"uv": [16, 0, 0, 16], "texture": "#0"},
				"south": {"uv": [0, 0, 0, 15], "texture": "#0"},
				"west": {"uv": [0, 0, 16, 16], "texture": "#0"},
				"up": {"uv": [0, 0, 15, 0], "rotation": 90, "texture": "#0"},
				"down": {"uv": [0, 0, 15, 0], "rotation": 270, "texture": "#0"}
			}
		},
		{
			"from": [11.5, -1, 3.5],
			"to": [11.5, 14, 18.5],
			"rotation": {"angle": -45, "axis": "y", "origin": [11.5, 6.5, 11]},
			"faces": {
				"north": {"uv": [0, 0, 0, 15], "texture": "#0"},
				"east": {"uv": [0, 0, 16, 16], "texture": "#0"},
				"south": {"uv": [0, 0, 0, 15], "texture": "#0"},
				"west": {"uv": [16, 0, 0, 16], "texture": "#0"},
				"up": {"uv": [0, 0, 15, 0], "rotation": 270, "texture": "#0"},
				"down": {"uv": [0, 0, 15, 0], "rotation": 90, "texture": "#0"}
			}
		},
		{
			"from": [4, -1, 11],
			"to": [19, 14, 11],
			"rotation": {"angle": -45, "axis": "y", "origin": [11.5, 6.5, 11]},
			"faces": {
				"north": {"uv": [16, 0, 0, 16], "texture": "#0"},
				"east": {"uv": [0, 0, 0, 15], "texture": "#0"},
				"south": {"uv": [0, 0, 16, 16], "texture": "#0"},
				"west": {"uv": [0, 0, 0, 15], "texture": "#0"},
				"up": {"uv": [0, 0, 15, 0], "texture": "#0"},
				"down": {"uv": [0, 0, 15, 0], "texture": "#0"}
			}
		},
		{
			"from": [4, -1, 11],
			"to": [19, 14, 11],
			"rotation": {"angle": 0, "axis": "y", "origin": [16, 6, 14]},
			"faces": {
				"north": {"uv": [16, 0, 0, 16], "texture": "#0"},
				"east": {"uv": [0, 0, 0, 15], "texture": "#0"},
				"south": {"uv": [0, 0, 16, 16], "texture": "#0"},
				"west": {"uv": [0, 0, 0, 15], "texture": "#0"},
				"up": {"uv": [0, 0, 15, 0], "texture": "#0"},
				"down": {"uv": [0, 0, 15, 0], "texture": "#0"}
			}
		},
		{
			"from": [3.5, -1, 0.5],
			"to": [3.5, 14, 15.5],
			"rotation": {"angle": 0, "axis": "y", "origin": [3.5, 6.5, 8]},
			"faces": {
				"north": {"uv": [0, 0, 0, 15], "texture": "#0"},
				"east": {"uv": [16, 0, 0, 16], "texture": "#0"},
				"south": {"uv": [0, 0, 0, 15], "texture": "#0"},
				"west": {"uv": [0, 0, 16, 16], "texture": "#0"},
				"up": {"uv": [0, 0, 15, 0], "rotation": 90, "texture": "#0"},
				"down": {"uv": [0, 0, 15, 0], "rotation": 270, "texture": "#0"}
			}
		},
		{
			"from": [-4, -1, 8],
			"to": [11, 14, 8],
			"rotation": {"angle": 45, "axis": "y", "origin": [3.5, 6.5, 8]},
			"faces": {
				"north": {"uv": [16, 0, 0, 16], "texture": "#0"},
				"east": {"uv": [0, 0, 0, 15], "texture": "#0"},
				"south": {"uv": [0, 0, 16, 16], "texture": "#0"},
				"west": {"uv": [0, 0, 0, 15], "texture": "#0"},
				"up": {"uv": [0, 0, 15, 0], "texture": "#0"},
				"down": {"uv": [0, 0, 15, 0], "texture": "#0"}
			}
		},
		{
			"from": [3.5, -1, 0.5],
			"to": [3.5, 14, 15.5],
			"rotation": {"angle": 45, "axis": "y", "origin": [3.5, 6.5, 8]},
			"faces": {
				"north": {"uv": [0, 0, 0, 15], "texture": "#0"},
				"east": {"uv": [16, 0, 0, 16], "texture": "#0"},
				"south": {"uv": [0, 0, 0, 15], "texture": "#0"},
				"west": {"uv": [0, 0, 16, 16], "texture": "#0"},
				"up": {"uv": [0, 0, 15, 0], "rotation": 90, "texture": "#0"},
				"down": {"uv": [0, 0, 15, 0], "rotation": 270, "texture": "#0"}
			}
		},
		{
			"from": [11.58984, -1, -4.28956],
			"to": [11.58984, 14, 10.71044],
			"rotation": {"angle": 0, "axis": "y", "origin": [11.4397, 3.45, 3.15014]},
			"faces": {
				"north": {"uv": [0, 0, 0, 15], "texture": "#0"},
				"east": {"uv": [16, 0, 0, 16], "texture": "#0"},
				"south": {"uv": [0, 0, 0, 15], "texture": "#0"},
				"west": {"uv": [0, 0, 16, 16], "texture": "#0"},
				"up": {"uv": [0, 0, 15, 0], "rotation": 90, "texture": "#0"},
				"down": {"uv": [0, 0, 15, 0], "rotation": 270, "texture": "#0"}
			}
		},
		{
			"from": [4.08984, -1, 3.21044],
			"to": [19.08984, 14, 3.21044],
			"rotation": {"angle": 0, "axis": "y", "origin": [11.4397, 3.45, 3.15014]},
			"faces": {
				"north": {"uv": [0, 0, 16, 16], "texture": "#0"},
				"east": {"uv": [0, 0, 0, 15], "texture": "#0"},
				"south": {"uv": [16, 0, 0, 16], "texture": "#0"},
				"west": {"uv": [0, 0, 0, 15], "texture": "#0"},
				"up": {"uv": [0, 0, 15, 0], "rotation": 180, "texture": "#0"},
				"down": {"uv": [0, 0, 15, 0], "rotation": 180, "texture": "#0"}
			}
		},
		{
			"from": [4.0885, -1, 3.08661],
			"to": [19.0885, 14, 3.08661],
			"rotation": {"angle": -45, "axis": "y", "origin": [11.4397, 3.45, 3.15014]},
			"faces": {
				"north": {"uv": [16, 0, 0, 16], "texture": "#0"},
				"east": {"uv": [0, 0, 0, 15], "texture": "#0"},
				"south": {"uv": [0, 0, 16, 16], "texture": "#0"},
				"west": {"uv": [0, 0, 0, 15], "texture": "#0"},
				"up": {"uv": [0, 0, 15, 0], "texture": "#0"},
				"down": {"uv": [0, 0, 15, 0], "texture": "#0"}
			}
		},
		{
			"from": [11.5885, -1, -4.41339],
			"to": [11.5885, 14, 10.58661],
			"rotation": {"angle": -45, "axis": "y", "origin": [11.4397, 3.45, 3.15014]},
			"faces": {
				"north": {"uv": [0, 0, 0, 15], "texture": "#0"},
				"east": {"uv": [16, 0, 0, 16], "texture": "#0"},
				"south": {"uv": [0, 0, 0, 15], "texture": "#0"},
				"west": {"uv": [0, 0, 16, 16], "texture": "#0"},
				"up": {"uv": [0, 0, 15, 0], "rotation": 90, "texture": "#0"},
				"down": {"uv": [0, 0, 15, 0], "rotation": 270, "texture": "#0"}
			}
		}
	]
}