{
	"credit": "Made with Blockbench",
	"ambientocclusion": false,
	"textures": {
		"0": "block/crop/potatoes_stage3",
		"1": "block/crop/potato",
		"particle": "block/crop/potatoes_stage3"
	},
	"elements": [
		{
			"from": [3, -3, 1],
			"to": [7, 1, 7],
			"rotation": {"angle": 45, "axis": "y", "origin": [5, -0.65, 6]},
			"faces": {
				"north": {"uv": [0, 8, 5, 13], "texture": "#1"},
				"east": {"uv": [0, 0, 5, 7], "rotation": 90, "texture": "#1"},
				"south": {"uv": [0, 8, 5, 13], "texture": "#1"},
				"west": {"uv": [0, 0, 5, 7], "rotation": 90, "texture": "#1"},
				"up": {"uv": [0, 0, 5, 7], "texture": "#1"},
				"down": {"uv": [0, 0, 5, 7], "texture": "#1"}
			}
		},
		{
			"from": [3.5, -2.3, 1.5],
			"to": [6.5, 1.7, 6.5],
			"rotation": {"angle": 45, "axis": "y", "origin": [5, -0.65, 6]},
			"faces": {
				"north": {"uv": [0, 8, 5, 13], "texture": "#1"},
				"east": {"uv": [0, 0, 5, 7], "rotation": 90, "texture": "#1"},
				"south": {"uv": [0, 8, 5, 13], "texture": "#1"},
				"west": {"uv": [0, 0, 5, 7], "rotation": 90, "texture": "#1"},
				"up": {"uv": [0, 0, 5, 7], "texture": "#1"},
				"down": {"uv": [0, 0, 5, 7], "texture": "#1"}
			}
		},
		{
			"from": [10, -3, 6],
			"to": [14, 1, 12],
			"rotation": {"angle": -22.5, "axis": "y", "origin": [5, -0.65, 6]},
			"faces": {
				"north": {"uv": [0, 8, 5, 13], "texture": "#1"},
				"east": {"uv": [0, 0, 5, 7], "rotation": 90, "texture": "#1"},
				"south": {"uv": [0, 8, 5, 13], "texture": "#1"},
				"west": {"uv": [0, 0, 5, 7], "rotation": 90, "texture": "#1"},
				"up": {"uv": [0, 0, 5, 7], "texture": "#1"},
				"down": {"uv": [0, 0, 5, 7], "texture": "#1"}
			}
		},
		{
			"from": [10.5, -2.3, 6.5],
			"to": [13.5, 1.7, 11.5],
			"rotation": {"angle": -22.5, "axis": "y", "origin": [5, -0.65, 6]},
			"faces": {
				"north": {"uv": [0, 8, 5, 13], "texture": "#1"},
				"east": {"uv": [0, 0, 5, 7], "rotation": 90, "texture": "#1"},
				"south": {"uv": [0, 8, 5, 13], "texture": "#1"},
				"west": {"uv": [0, 0, 5, 7], "rotation": 90, "texture": "#1"},
				"up": {"uv": [0, 0, 5, 7], "texture": "#1"},
				"down": {"uv": [0, 0, 5, 7], "texture": "#1"}
			}
		},
		{
			"from": [-4, 1, 5],
			"to": [11, 16, 5],
			"faces": {
				"north": {"uv": [16, 0, 0, 16], "texture": "#0"},
				"east": {"uv": [0, 0, 0, 15], "texture": "#0"},
				"south": {"uv": [0, 0, 16, 16], "texture": "#0"},
				"west": {"uv": [0, 0, 0, 15], "texture": "#0"},
				"up": {"uv": [0, 0, 15, 0], "texture": "#0"},
				"down": {"uv": [0, 0, 15, 0], "texture": "#0"}
			}
		},
		{
			"from": [10.5, 1, 3.5],
			"to": [10.5, 16, 18.5],
			"rotation": {"angle": 0, "axis": "y", "origin": [10.5, 8.5, 11]},
			"faces": {
				"north": {"uv": [0, 0, 0, 15], "texture": "#0"},
				"east": {"uv": [16, 0, 0, 16], "texture": "#0"},
				"south": {"uv": [0, 0, 0, 15], "texture": "#0"},
				"west": {"uv": [0, 0, 16, 16], "texture": "#0"},
				"up": {"uv": [0, 0, 15, 0], "rotation": 90, "texture": "#0"},
				"down": {"uv": [0, 0, 15, 0], "rotation": 270, "texture": "#0"}
			}
		},
		{
			"from": [10.5, 1, 3.5],
			"to": [10.5, 16, 18.5],
			"rotation": {"angle": -45, "axis": "y", "origin": [10.5, 8.5, 11]},
			"faces": {
				"north": {"uv": [0, 0, 0, 15], "texture": "#0"},
				"east": {"uv": [0, 0, 16, 16], "texture": "#0"},
				"south": {"uv": [0, 0, 0, 15], "texture": "#0"},
				"west": {"uv": [16, 0, 0, 16], "texture": "#0"},
				"up": {"uv": [0, 0, 15, 0], "rotation": 270, "texture": "#0"},
				"down": {"uv": [0, 0, 15, 0], "rotation": 90, "texture": "#0"}
			}
		},
		{
			"from": [3, 1, 11],
			"to": [18, 16, 11],
			"rotation": {"angle": -45, "axis": "y", "origin": [10.5, 8.5, 11]},
			"faces": {
				"north": {"uv": [16, 0, 0, 16], "texture": "#0"},
				"east": {"uv": [0, 0, 0, 15], "texture": "#0"},
				"south": {"uv": [0, 0, 16, 16], "texture": "#0"},
				"west": {"uv": [0, 0, 0, 15], "texture": "#0"},
				"up": {"uv": [0, 0, 15, 0], "texture": "#0"},
				"down": {"uv": [0, 0, 15, 0], "texture": "#0"}
			}
		},
		{
			"from": [3, 1, 11],
			"to": [18, 16, 11],
			"rotation": {"angle": 0, "axis": "y", "origin": [15, 8, 14]},
			"faces": {
				"north": {"uv": [16, 0, 0, 16], "texture": "#0"},
				"east": {"uv": [0, 0, 0, 15], "texture": "#0"},
				"south": {"uv": [0, 0, 16, 16], "texture": "#0"},
				"west": {"uv": [0, 0, 0, 15], "texture": "#0"},
				"up": {"uv": [0, 0, 15, 0], "texture": "#0"},
				"down": {"uv": [0, 0, 15, 0], "texture": "#0"}
			}
		},
		{
			"from": [3.5, 1, -2.5],
			"to": [3.5, 16, 12.5],
			"rotation": {"angle": 0, "axis": "y", "origin": [3.5, 8.5, 5]},
			"faces": {
				"north": {"uv": [0, 0, 0, 15], "texture": "#0"},
				"east": {"uv": [16, 0, 0, 16], "texture": "#0"},
				"south": {"uv": [0, 0, 0, 15], "texture": "#0"},
				"west": {"uv": [0, 0, 16, 16], "texture": "#0"},
				"up": {"uv": [0, 0, 15, 0], "rotation": 90, "texture": "#0"},
				"down": {"uv": [0, 0, 15, 0], "rotation": 270, "texture": "#0"}
			}
		},
		{
			"from": [-4, 1, 5],
			"to": [11, 16, 5],
			"rotation": {"angle": 45, "axis": "y", "origin": [3.5, 8.5, 5]},
			"faces": {
				"north": {"uv": [16, 0, 0, 16], "texture": "#0"},
				"east": {"uv": [0, 0, 0, 15], "texture": "#0"},
				"south": {"uv": [0, 0, 16, 16], "texture": "#0"},
				"west": {"uv": [0, 0, 0, 15], "texture": "#0"},
				"up": {"uv": [0, 0, 15, 0], "texture": "#0"},
				"down": {"uv": [0, 0, 15, 0], "texture": "#0"}
			}
		},
		{
			"from": [3.5, 1, -2.5],
			"to": [3.5, 16, 12.5],
			"rotation": {"angle": 45, "axis": "y", "origin": [3.5, 8.5, 5]},
			"faces": {
				"north": {"uv": [0, 0, 0, 15], "texture": "#0"},
				"east": {"uv": [16, 0, 0, 16], "texture": "#0"},
				"south": {"uv": [0, 0, 0, 15], "texture": "#0"},
				"west": {"uv": [0, 0, 16, 16], "texture": "#0"},
				"up": {"uv": [0, 0, 15, 0], "rotation": 90, "texture": "#0"},
				"down": {"uv": [0, 0, 15, 0], "rotation": 270, "texture": "#0"}
			}
		},
		{
			"from": [6, 0, 2],
			"to": [14, 13, 2],
			"rotation": {"angle": -22.5, "axis": "y", "origin": [10, 6.5, 2]},
			"faces": {
				"north": {"uv": [5, 0, 13, 13], "texture": "#1"},
				"east": {"uv": [0, 0, 0, 13], "texture": "#missing"},
				"south": {"uv": [13, 0, 5, 13], "texture": "#1"},
				"west": {"uv": [0, 0, 0, 13], "texture": "#missing"},
				"up": {"uv": [0, 0, 8, 0], "texture": "#missing"},
				"down": {"uv": [0, 0, 8, 0], "texture": "#missing"}
			}
		},
		{
			"from": [3, 0, 8],
			"to": [3, 13, 16],
			"rotation": {"angle": 22.5, "axis": "y", "origin": [3, 6.5, 12]},
			"faces": {
				"north": {"uv": [0, 0, 0, 13], "texture": "#1"},
				"east": {"uv": [5, 0, 13, 13], "texture": "#1"},
				"south": {"uv": [0, 0, 0, 13], "texture": "#1"},
				"west": {"uv": [13, 0, 5, 13], "texture": "#1"},
				"up": {"uv": [0, 0, 8, 0], "rotation": 90, "texture": "#1"},
				"down": {"uv": [0, 0, 8, 0], "rotation": 270, "texture": "#1"}
			}
		},
		{
			"from": [-1, 0, 12],
			"to": [7, 13, 12],
			"rotation": {"angle": -22.5, "axis": "y", "origin": [3, 6.5, 12]},
			"faces": {
				"north": {"uv": [5, 0, 13, 13], "texture": "#1"},
				"east": {"uv": [0, 0, 0, 13], "texture": "#1"},
				"south": {"uv": [13, 0, 5, 13], "texture": "#1"},
				"west": {"uv": [0, 0, 0, 13], "texture": "#1"},
				"up": {"uv": [0, 0, 8, 0], "texture": "#1"},
				"down": {"uv": [0, 0, 8, 0], "texture": "#1"}
			}
		},
		{
			"from": [10, 0, -2],
			"to": [10, 13, 6],
			"rotation": {"angle": 22.5, "axis": "y", "origin": [10, 6.5, 2]},
			"faces": {
				"north": {"uv": [0, 0, 0, 13], "texture": "#1"},
				"east": {"uv": [5, 0, 13, 13], "texture": "#1"},
				"south": {"uv": [0, 0, 0, 13], "texture": "#1"},
				"west": {"uv": [13, 0, 5, 13], "texture": "#1"},
				"up": {"uv": [0, 0, 8, 0], "rotation": 90, "texture": "#1"},
				"down": {"uv": [0, 0, 8, 0], "rotation": 270, "texture": "#1"}
			}
		}
	]
}