{
	"credit": "Made with Blockbench",
	"ambientocclusion": false,
	"textures": {
		"0": "block/crop/potatoes_stage3",
		"1": "block/crop/potato",
		"particle": "block/crop/potatoes_stage3"
	},
	"elements": [
		{
			"from": [3, -3, 4],
			"to": [7, 1, 10],
			"rotation": {"angle": 45, "axis": "y", "origin": [5, -0.65, 9]},
			"faces": {
				"north": {"uv": [0, 8, 5, 13], "texture": "#1"},
				"east": {"uv": [0, 0, 5, 7], "rotation": 90, "texture": "#1"},
				"south": {"uv": [0, 8, 5, 13], "texture": "#1"},
				"west": {"uv": [0, 0, 5, 7], "rotation": 90, "texture": "#1"},
				"up": {"uv": [0, 0, 5, 7], "texture": "#1"},
				"down": {"uv": [0, 0, 5, 7], "texture": "#1"}
			}
		},
		{
			"from": [3.5, -2.3, 4.5],
			"to": [6.5, 1.7, 9.5],
			"rotation": {"angle": 45, "axis": "y", "origin": [5, -0.65, 9]},
			"faces": {
				"north": {"uv": [0, 8, 5, 13], "texture": "#1"},
				"east": {"uv": [0, 0, 5, 7], "rotation": 90, "texture": "#1"},
				"south": {"uv": [0, 8, 5, 13], "texture": "#1"},
				"west": {"uv": [0, 0, 5, 7], "rotation": 90, "texture": "#1"},
				"up": {"uv": [0, 0, 5, 7], "texture": "#1"},
				"down": {"uv": [0, 0, 5, 7], "texture": "#1"}
			}
		},
		{
			"from": [11, -3, 6],
			"to": [15, 1, 12],
			"rotation": {"angle": -22.5, "axis": "y", "origin": [6, -0.65, 6]},
			"faces": {
				"north": {"uv": [0, 8, 5, 13], "texture": "#1"},
				"east": {"uv": [0, 0, 5, 7], "rotation": 90, "texture": "#1"},
				"south": {"uv": [0, 8, 5, 13], "texture": "#1"},
				"west": {"uv": [0, 0, 5, 7], "rotation": 90, "texture": "#1"},
				"up": {"uv": [0, 0, 5, 7], "texture": "#1"},
				"down": {"uv": [0, 0, 5, 7], "texture": "#1"}
			}
		},
		{
			"from": [11.5, -2.3, 6.5],
			"to": [14.5, 1.7, 11.5],
			"rotation": {"angle": -22.5, "axis": "y", "origin": [6, -0.65, 6]},
			"faces": {
				"north": {"uv": [0, 8, 5, 13], "texture": "#1"},
				"east": {"uv": [0, 0, 5, 7], "rotation": 90, "texture": "#1"},
				"south": {"uv": [0, 8, 5, 13], "texture": "#1"},
				"west": {"uv": [0, 0, 5, 7], "rotation": 90, "texture": "#1"},
				"up": {"uv": [0, 0, 5, 7], "texture": "#1"},
				"down": {"uv": [0, 0, 5, 7], "texture": "#1"}
			}
		},
		{
			"from": [-4, 1, 8],
			"to": [11, 16, 8],
			"rotation": {"angle": 0, "axis": "y", "origin": [8, 8, 11]},
			"faces": {
				"north": {"uv": [16, 0, 0, 16], "texture": "#0"},
				"east": {"uv": [0, 0, 0, 15], "texture": "#0"},
				"south": {"uv": [0, 0, 16, 16], "texture": "#0"},
				"west": {"uv": [0, 0, 0, 15], "texture": "#0"},
				"up": {"uv": [0, 0, 15, 0], "texture": "#0"},
				"down": {"uv": [0, 0, 15, 0], "texture": "#0"}
			}
		},
		{
			"from": [11.5, 1, 3.5],
			"to": [11.5, 16, 18.5],
			"rotation": {"angle": 0, "axis": "y", "origin": [11.5, 8.5, 11]},
			"faces": {
				"north": {"uv": [0, 0, 0, 15], "texture": "#0"},
				"east": {"uv": [16, 0, 0, 16], "texture": "#0"},
				"south": {"uv": [0, 0, 0, 15], "texture": "#0"},
				"west": {"uv": [0, 0, 16, 16], "texture": "#0"},
				"up": {"uv": [0, 0, 15, 0], "rotation": 90, "texture": "#0"},
				"down": {"uv": [0, 0, 15, 0], "rotation": 270, "texture": "#0"}
			}
		},
		{
			"from": [11.5, 1, 3.5],
			"to": [11.5, 16, 18.5],
			"rotation": {"angle": -45, "axis": "y", "origin": [11.5, 8.5, 11]},
			"faces": {
				"north": {"uv": [0, 0, 0, 15], "texture": "#0"},
				"east": {"uv": [0, 0, 16, 16], "texture": "#0"},
				"south": {"uv": [0, 0, 0, 15], "texture": "#0"},
				"west": {"uv": [16, 0, 0, 16], "texture": "#0"},
				"up": {"uv": [0, 0, 15, 0], "rotation": 270, "texture": "#0"},
				"down": {"uv": [0, 0, 15, 0], "rotation": 90, "texture": "#0"}
			}
		},
		{
			"from": [4, 1, 11],
			"to": [19, 16, 11],
			"rotation": {"angle": -45, "axis": "y", "origin": [11.5, 8.5, 11]},
			"faces": {
				"north": {"uv": [16, 0, 0, 16], "texture": "#0"},
				"east": {"uv": [0, 0, 0, 15], "texture": "#0"},
				"south": {"uv": [0, 0, 16, 16], "texture": "#0"},
				"west": {"uv": [0, 0, 0, 15], "texture": "#0"},
				"up": {"uv": [0, 0, 15, 0], "texture": "#0"},
				"down": {"uv": [0, 0, 15, 0], "texture": "#0"}
			}
		},
		{
			"from": [4, 1, 11],
			"to": [19, 16, 11],
			"rotation": {"angle": 0, "axis": "y", "origin": [16, 8, 14]},
			"faces": {
				"north": {"uv": [16, 0, 0, 16], "texture": "#0"},
				"east": {"uv": [0, 0, 0, 15], "texture": "#0"},
				"south": {"uv": [0, 0, 16, 16], "texture": "#0"},
				"west": {"uv": [0, 0, 0, 15], "texture": "#0"},
				"up": {"uv": [0, 0, 15, 0], "texture": "#0"},
				"down": {"uv": [0, 0, 15, 0], "texture": "#0"}
			}
		},
		{
			"from": [3.5, 1, 0.5],
			"to": [3.5, 16, 15.5],
			"rotation": {"angle": 0, "axis": "y", "origin": [3.5, 8.5, 8]},
			"faces": {
				"north": {"uv": [0, 0, 0, 15], "texture": "#0"},
				"east": {"uv": [16, 0, 0, 16], "texture": "#0"},
				"south": {"uv": [0, 0, 0, 15], "texture": "#0"},
				"west": {"uv": [0, 0, 16, 16], "texture": "#0"},
				"up": {"uv": [0, 0, 15, 0], "rotation": 90, "texture": "#0"},
				"down": {"uv": [0, 0, 15, 0], "rotation": 270, "texture": "#0"}
			}
		},
		{
			"from": [-4, 1, 8],
			"to": [11, 16, 8],
			"rotation": {"angle": 45, "axis": "y", "origin": [3.5, 8.5, 8]},
			"faces": {
				"north": {"uv": [16, 0, 0, 16], "texture": "#0"},
				"east": {"uv": [0, 0, 0, 15], "texture": "#0"},
				"south": {"uv": [0, 0, 16, 16], "texture": "#0"},
				"west": {"uv": [0, 0, 0, 15], "texture": "#0"},
				"up": {"uv": [0, 0, 15, 0], "texture": "#0"},
				"down": {"uv": [0, 0, 15, 0], "texture": "#0"}
			}
		},
		{
			"from": [3.5, 1, 0.5],
			"to": [3.5, 16, 15.5],
			"rotation": {"angle": 45, "axis": "y", "origin": [3.5, 8.5, 8]},
			"faces": {
				"north": {"uv": [0, 0, 0, 15], "texture": "#0"},
				"east": {"uv": [16, 0, 0, 16], "texture": "#0"},
				"south": {"uv": [0, 0, 0, 15], "texture": "#0"},
				"west": {"uv": [0, 0, 16, 16], "texture": "#0"},
				"up": {"uv": [0, 0, 15, 0], "rotation": 90, "texture": "#0"},
				"down": {"uv": [0, 0, 15, 0], "rotation": 270, "texture": "#0"}
			}
		},
		{
			"name": "1",
			"from": [3.82016, 0, 1.04121],
			"to": [11.82016, 13, 1.04121],
			"rotation": {"angle": 45, "axis": "y", "origin": [6.5, 6.5, 7]},
			"faces": {
				"north": {"uv": [5, 0, 13, 13], "texture": "#1"},
				"east": {"uv": [0, 0, 0, 13], "texture": "#missing"},
				"south": {"uv": [13, 0, 5, 13], "texture": "#1"},
				"west": {"uv": [0, 0, 0, 13], "texture": "#missing"},
				"up": {"uv": [0, 0, 8, 0], "texture": "#missing"},
				"down": {"uv": [0, 0, 8, 0], "texture": "#missing"}
			}
		},
		{
			"name": "1",
			"from": [-0.21999, 0, 14.147],
			"to": [7.78001, 13, 14.147],
			"rotation": {"angle": -45, "axis": "y", "origin": [3.78001, 6.5, 14.147]},
			"faces": {
				"north": {"uv": [5, 0, 13, 13], "texture": "#1"},
				"east": {"uv": [0, 0, 0, 13], "texture": "#1"},
				"south": {"uv": [13, 0, 5, 13], "texture": "#1"},
				"west": {"uv": [0, 0, 0, 13], "texture": "#1"},
				"up": {"uv": [0, 0, 8, 0], "texture": "#1"},
				"down": {"uv": [0, 0, 8, 0], "texture": "#1"}
			}
		},
		{
			"name": "1",
			"from": [-0.21999, 0, 14.147],
			"to": [7.78001, 13, 14.147],
			"rotation": {"angle": 0, "axis": "y", "origin": [3.78001, 6.5, 14.147]},
			"faces": {
				"north": {"uv": [5, 0, 13, 13], "texture": "#1"},
				"east": {"uv": [0, 0, 0, 13], "texture": "#1"},
				"south": {"uv": [13, 0, 5, 13], "texture": "#1"},
				"west": {"uv": [0, 0, 0, 13], "texture": "#1"},
				"up": {"uv": [0, 0, 8, 0], "texture": "#1"},
				"down": {"uv": [0, 0, 8, 0], "texture": "#1"}
			}
		},
		{
			"name": "1",
			"from": [-0.78001, 0, 1.853],
			"to": [7.21999, 13, 1.853],
			"rotation": {"angle": 0, "axis": "y", "origin": [6.5, 6.5, 7]},
			"faces": {
				"north": {"uv": [5, 0, 13, 13], "texture": "#1"},
				"east": {"uv": [0, 0, 0, 13], "texture": "#1"},
				"south": {"uv": [13, 0, 5, 13], "texture": "#1"},
				"west": {"uv": [0, 0, 0, 13], "texture": "#1"},
				"up": {"uv": [0, 0, 8, 0], "texture": "#1"},
				"down": {"uv": [0, 0, 8, 0], "texture": "#1"}
			}
		},
		{
			"from": [11.58984, 1, -4.28956],
			"to": [11.58984, 16, 10.71044],
			"rotation": {"angle": 0, "axis": "y", "origin": [11.4397, 5.45, 3.15014]},
			"faces": {
				"north": {"uv": [0, 0, 0, 15], "texture": "#0"},
				"east": {"uv": [16, 0, 0, 16], "texture": "#0"},
				"south": {"uv": [0, 0, 0, 15], "texture": "#0"},
				"west": {"uv": [0, 0, 16, 16], "texture": "#0"},
				"up": {"uv": [0, 0, 15, 0], "rotation": 90, "texture": "#0"},
				"down": {"uv": [0, 0, 15, 0], "rotation": 270, "texture": "#0"}
			}
		},
		{
			"from": [4.08984, 1, 3.21044],
			"to": [19.08984, 16, 3.21044],
			"rotation": {"angle": 0, "axis": "y", "origin": [11.4397, 5.45, 3.15014]},
			"faces": {
				"north": {"uv": [0, 0, 16, 16], "texture": "#0"},
				"east": {"uv": [0, 0, 0, 15], "texture": "#0"},
				"south": {"uv": [16, 0, 0, 16], "texture": "#0"},
				"west": {"uv": [0, 0, 0, 15], "texture": "#0"},
				"up": {"uv": [0, 0, 15, 0], "rotation": 180, "texture": "#0"},
				"down": {"uv": [0, 0, 15, 0], "rotation": 180, "texture": "#0"}
			}
		},
		{
			"from": [4.0885, 1, 3.08661],
			"to": [19.0885, 16, 3.08661],
			"rotation": {"angle": -45, "axis": "y", "origin": [11.4397, 5.45, 3.15014]},
			"faces": {
				"north": {"uv": [16, 0, 0, 16], "texture": "#0"},
				"east": {"uv": [0, 0, 0, 15], "texture": "#0"},
				"south": {"uv": [0, 0, 16, 16], "texture": "#0"},
				"west": {"uv": [0, 0, 0, 15], "texture": "#0"},
				"up": {"uv": [0, 0, 15, 0], "texture": "#0"},
				"down": {"uv": [0, 0, 15, 0], "texture": "#0"}
			}
		},
		{
			"from": [11.5885, 1, -4.41339],
			"to": [11.5885, 16, 10.58661],
			"rotation": {"angle": -45, "axis": "y", "origin": [11.4397, 5.45, 3.15014]},
			"faces": {
				"north": {"uv": [0, 0, 0, 15], "texture": "#0"},
				"east": {"uv": [16, 0, 0, 16], "texture": "#0"},
				"south": {"uv": [0, 0, 0, 15], "texture": "#0"},
				"west": {"uv": [0, 0, 16, 16], "texture": "#0"},
				"up": {"uv": [0, 0, 15, 0], "rotation": 90, "texture": "#0"},
				"down": {"uv": [0, 0, 15, 0], "rotation": 270, "texture": "#0"}
			}
		},
		{
			"from": [8.61613, -2.3, 1.65364],
			"to": [13.61613, 1.7, 4.65364],
			"rotation": {"angle": -22.5, "axis": "y", "origin": [11.4397, 5.45, 3.15014]},
			"faces": {
				"north": {"uv": [0, 0, 5, 7], "rotation": 90, "texture": "#1"},
				"east": {"uv": [0, 8, 5, 13], "texture": "#1"},
				"south": {"uv": [0, 0, 5, 7], "rotation": 90, "texture": "#1"},
				"west": {"uv": [0, 8, 5, 13], "texture": "#1"},
				"up": {"uv": [0, 0, 5, 7], "rotation": 90, "texture": "#1"},
				"down": {"uv": [0, 0, 5, 7], "rotation": 270, "texture": "#1"}
			}
		},
		{
			"from": [8.11613, -3, 1.15364],
			"to": [14.11613, 1, 5.15364],
			"rotation": {"angle": -22.5, "axis": "y", "origin": [11.4397, 5.45, 3.15014]},
			"faces": {
				"north": {"uv": [0, 0, 5, 7], "rotation": 90, "texture": "#1"},
				"east": {"uv": [0, 8, 5, 13], "texture": "#1"},
				"south": {"uv": [0, 0, 5, 7], "rotation": 90, "texture": "#1"},
				"west": {"uv": [0, 8, 5, 13], "texture": "#1"},
				"up": {"uv": [0, 0, 5, 7], "rotation": 90, "texture": "#1"},
				"down": {"uv": [0, 0, 5, 7], "rotation": 270, "texture": "#1"}
			}
		}
	]
}