{
	"credit": "Made with Blockbench",
	"textures": {
		"0": "block/melon_side",
		"1": "block/melon_top",
		"particle": "block/melon_side"
	},
	"elements": [
		{
			"from": [1, -2, 1],
			"to": [15, 18, 15],
			"faces": {
				"north": {"uv": [1, 0, 15, 16], "texture": "#0"},
				"east": {"uv": [1, 0, 15, 16], "texture": "#0"},
				"south": {"uv": [1, 0, 15, 16], "texture": "#0"},
				"west": {"uv": [1, 0, 15, 16], "texture": "#0"},
				"up": {"uv": [1, 1, 15, 15], "texture": "#1"},
				"down": {"uv": [1, 1, 15, 15], "texture": "#1"}
			}
		},
		{
			"from": [-2, 0, 0],
			"to": [18, 16, 16],
			"faces": {
				"north": {"uv": [0, 0, 16, 16], "texture": "#0"},
				"east": {"uv": [1, 1, 15, 15], "texture": "#0"},
				"south": {"uv": [0, 0, 16, 16], "texture": "#0"},
				"west": {"uv": [1, 1, 15, 15], "texture": "#0"},
				"up": {"uv": [0, 1, 16, 15], "texture": "#1"},
				"down": {"uv": [0, 1, 16, 15], "texture": "#1"}
			}
		},
		{
			"from": [-1, 1, -2],
			"to": [17, 15, 18],
			"faces": {
				"north": {"uv": [1, 1, 15, 15], "texture": "#0"},
				"east": {"uv": [0, 0, 16, 16], "texture": "#0"},
				"south": {"uv": [1, 1, 15, 15], "texture": "#0"},
				"west": {"uv": [0, 0, 16, 16], "texture": "#0"},
				"up": {"uv": [1, 0, 15, 16], "texture": "#1"},
				"down": {"uv": [1, 0, 15, 16], "texture": "#1"}
			}
		},
		{
			"from": [7, 18, 7],
			"to": [9, 19, 9],
			"faces": {
				"north": {"uv": [7, 6, 9, 7], "texture": "#1"},
				"east": {"uv": [7, 6, 9, 7], "texture": "#1"},
				"south": {"uv": [7, 6, 9, 7], "texture": "#1"},
				"west": {"uv": [7, 6, 9, 7], "texture": "#1"},
				"up": {"uv": [7, 7, 9, 9], "texture": "#1"},
				"down": {"uv": [0, 0, 2, 2], "texture": "#missing"}
			}
		},
		{
			"from": [0, 4, -1],
			"to": [16, 12, 17],
			"faces": {
				"north": {"uv": [0, 0, 16, 8], "texture": "#0"},
				"east": {"uv": [0, 0, 16, 8], "texture": "#0"},
				"south": {"uv": [0, 0, 16, 8], "texture": "#0"},
				"west": {"uv": [0, 0, 16, 8], "texture": "#0"},
				"up": {"uv": [0, 0, 16, 16], "texture": "#0"},
				"down": {"uv": [0, 0, 16, 16], "texture": "#0"}
			}
		},
		{
			"from": [-1, 4, 0],
			"to": [17, 12, 16],
			"faces": {
				"north": {"uv": [0, 0, 16, 8], "texture": "#0"},
				"east": {"uv": [0, 0, 16, 8], "texture": "#0"},
				"south": {"uv": [0, 0, 16, 8], "texture": "#0"},
				"west": {"uv": [0, 0, 16, 8], "texture": "#0"},
				"up": {"uv": [0, 0, 16, 16], "rotation": 270, "texture": "#0"},
				"down": {"uv": [0, 0, 16, 16], "rotation": 90, "texture": "#0"}
			}
		},
		{
			"from": [0, 3, 0],
			"to": [1, 13, 1],
			"faces": {
				"north": {"uv": [0, 3, 1, 13], "texture": "#0"},
				"east": {"uv": [0, 3, 1, 13], "texture": "#0"},
				"south": {"uv": [0, 3, 1, 13], "texture": "#0"},
				"west": {"uv": [0, 3, 1, 13], "texture": "#0"},
				"up": {"uv": [0, 3, 1, 13], "texture": "#0"},
				"down": {"uv": [0, 3, 1, 13], "texture": "#0"}
			}
		},
		{
			"from": [15, 3, 0],
			"to": [16, 13, 1],
			"faces": {
				"north": {"uv": [0, 3, 1, 13], "texture": "#0"},
				"east": {"uv": [0, 3, 1, 13], "texture": "#0"},
				"south": {"uv": [0, 3, 1, 13], "texture": "#0"},
				"west": {"uv": [0, 3, 1, 13], "texture": "#0"},
				"up": {"uv": [0, 3, 1, 13], "texture": "#0"},
				"down": {"uv": [0, 3, 1, 13], "texture": "#0"}
			}
		},
		{
			"from": [0, 3, 15],
			"to": [1, 13, 16],
			"rotation": {"angle": 0, "axis": "y", "origin": [8, 8, 23]},
			"faces": {
				"north": {"uv": [0, 3, 1, 13], "texture": "#0"},
				"east": {"uv": [0, 3, 1, 13], "texture": "#0"},
				"south": {"uv": [0, 3, 1, 13], "texture": "#0"},
				"west": {"uv": [0, 3, 1, 13], "texture": "#0"},
				"up": {"uv": [0, 3, 1, 13], "texture": "#0"},
				"down": {"uv": [0, 3, 1, 13], "texture": "#0"}
			}
		},
		{
			"from": [15, 3, 15],
			"to": [16, 13, 16],
			"rotation": {"angle": 0, "axis": "y", "origin": [8, 8, 23]},
			"faces": {
				"north": {"uv": [0, 3, 1, 13], "texture": "#0"},
				"east": {"uv": [0, 3, 1, 13], "texture": "#0"},
				"south": {"uv": [0, 3, 1, 13], "texture": "#0"},
				"west": {"uv": [0, 3, 1, 13], "texture": "#0"},
				"up": {"uv": [0, 3, 1, 13], "texture": "#0"},
				"down": {"uv": [0, 3, 1, 13], "texture": "#0"}
			}
		}
	],
	"display": {
		"thirdperson_righthand": {
			"scale": [0.4, 0.4, 0.4]
		}
	}
}