{   "parent": "block/block",
    "textures": {
		"0": "block/grass_block/grass_asarum_forbesii_maxim",
        "particle": "block/dirt",
        "bottom": "block/dirt",
        "top": "block/grass_block_top",
        "side": "block/grass_block_side",
        "overlay": "block/grass_block_side_overlay"
    },
    "elements": [
		{
			"from": [5, 15, 6],
			"to": [8, 16, 7],
			"rotation": {"angle": 22.5, "axis": "x", "origin": [9, 10, 8]},
			"shade": false,
			"faces": {
				"north": {"uv": [12, 14, 15, 15], "texture": "#0"},
				"east": {"uv": [10, 14, 11, 15], "texture": "#0"},
				"south": {"uv": [11, 14, 14, 15], "texture": "#0"},
				"west": {"uv": [10, 13, 11, 14], "texture": "#0"},
				"up": {"uv": [12, 14, 15, 15], "texture": "#0"},
				"down": {"uv": [0, 0, 3, 1], "texture": "#missing"}
			}
		},
		{
			"from": [7, 16, 8],
			"to": [7, 20, 9],
			"rotation": {"angle": 22.5, "axis": "z", "origin": [8, 17, 8]},
			"shade": false,
			"faces": {
				"north": {"uv": [0, 0, 0, 5], "texture": "#missing"},
				"east": {"uv": [8, 6, 9, 11], "texture": "#0", "tintindex": 0 },
				"south": {"uv": [0, 0, 0, 5], "texture": "#missing"},
				"west": {"uv": [8, 5, 9, 10], "texture": "#0", "tintindex": 0 },
				"up": {"uv": [0, 0, 0, 1], "texture": "#missing"},
				"down": {"uv": [0, 0, 0, 1], "texture": "#missing"}
			}
		},
		{
			"from": [8, 16, 8],
			"to": [8, 19, 9],
			"rotation": {"angle": -22.5, "axis": "z", "origin": [8, 17, 8]},
			"shade": false,
			"faces": {
				"north": {"uv": [0, 0, 0, 5], "texture": "#missing"},
				"east": {"uv": [8, 6, 9, 11], "texture": "#0", "tintindex": 0 },
				"south": {"uv": [0, 0, 0, 5], "texture": "#missing"},
				"west": {"uv": [8, 5, 9, 10], "texture": "#0", "tintindex": 0 },
				"up": {"uv": [0, 0, 0, 1], "texture": "#missing"},
				"down": {"uv": [0, 0, 0, 1], "texture": "#missing"}
			}
		},
		{
			"from": [4.95637, 19, 7.04894],
			"to": [8.95637, 19, 10.04894],
			"rotation": {"angle": -45, "axis": "z", "origin": [6.97819, 20.99734, 8.52447]},
			"shade": false,
			"faces": {
				"north": {"uv": [0, 0, 5, 0], "texture": "#missing"},
				"east": {"uv": [0, 0, 3, 0], "texture": "#missing"},
				"south": {"uv": [0, 0, 5, 0], "texture": "#missing"},
				"west": {"uv": [0, 0, 3, 0], "texture": "#missing"},
				"up": {"uv": [0, 11, 7, 16], "rotation": 180, "texture": "#0", "tintindex": 0 },
				"down": {"uv": [0, 11, 7, 16], "rotation": 180, "texture": "#0", "tintindex": 0 }
			}
		},
		{
			"from": [8, 18.99468, 7.04894],
			"to": [12, 18.99468, 10.04894],
			"rotation": {"angle": 0, "axis": "z", "origin": [6.97819, 20.99734, 8.52447]},
			"shade": false,
			"faces": {
				"north": {"uv": [0, 0, 5, 0], "rotation": 180, "texture": "#missing"},
				"east": {"uv": [0, 0, 3, 0], "rotation": 180, "texture": "#missing"},
				"south": {"uv": [0, 0, 5, 0], "rotation": 180, "texture": "#missing"},
				"west": {"uv": [0, 0, 3, 0], "rotation": 180, "texture": "#missing"},
				"up": {"uv": [0, 11, 7, 16], "texture": "#0", "tintindex": 0 },
				"down": {"uv": [0, 11, 7, 16], "texture": "#0", "tintindex": 0 }
			}
		},
        {   "from": [ 0, 0, 0 ],
            "to": [ 16, 16, 16 ],
            "faces": {
                "down":  { "uv": [ 0, 0, 16, 16 ], "texture": "#bottom", "cullface": "down" },
                "up":    { "uv": [ 0, 0, 16, 16 ], "texture": "#top",    "cullface": "up", "tintindex": 0 },
                "north": { "uv": [ 0, 0, 16, 16 ], "texture": "#side",   "cullface": "north" },
                "south": { "uv": [ 0, 0, 16, 16 ], "texture": "#side",   "cullface": "south" },
                "west":  { "uv": [ 0, 0, 16, 16 ], "texture": "#side",   "cullface": "west" },
                "east":  { "uv": [ 0, 0, 16, 16 ], "texture": "#side",   "cullface": "east" }
            }
        },
        {   "from": [ 0, 0, 0 ],
            "to": [ 16, 16, 16 ],
            "faces": {
                "north": { "uv": [ 0, 0, 16, 16 ], "texture": "#overlay", "tintindex": 0, "cullface": "north" },
                "south": { "uv": [ 0, 0, 16, 16 ], "texture": "#overlay", "tintindex": 0, "cullface": "south" },
                "west":  { "uv": [ 0, 0, 16, 16 ], "texture": "#overlay", "tintindex": 0, "cullface": "west" },
                "east":  { "uv": [ 0, 0, 16, 16 ], "texture": "#overlay", "tintindex": 0, "cullface": "east" }
            }
        }
    ]
}
