{   "parent": "block/block",
    "textures": 
	{
        "particle": "block/dirt",
        "bottom": "block/dirt",
        "top": "block/grass_block_top",
        "side": "block/grass_block_side",
        "overlay": "block/grass_block_side_overlay",
		"0": "block/grass_block/grass_pteridophyta1"
    },
    "elements": [
		{
			"from": [11, 16, 3],
			"to": [14, 20, 3],
			"rotation": {"angle": 22.5, "axis": "y", "origin": [13, 16, 4]},
			"shade": false,
			"faces": {
				"north": {"uv": [1, 1, 6, 8], "texture": "#0", "tintindex": 0 },
				"east": {"uv": [0, 0, 0, 9], "texture": "#missing"},
				"south": {"uv": [1, 1, 6, 10], "texture": "#0", "tintindex": 0 },
				"west": {"uv": [0, 0, 0, 9], "texture": "#missing"},
				"up": {"uv": [0, 0, 1, 0], "texture": "#missing"},
				"down": {"uv": [0, 0, 1, 0], "texture": "#missing"}
			}
		},
		{
			"from": [13, 16, 2],
			"to": [13, 22, 5],
			"rotation": {"angle": -22.5, "axis": "z", "origin": [13, 16, 4]},
			"shade": false,
			"faces": {
				"north": {"uv": [0, 0, 0, 9], "texture": "#missing"},
				"east": {"uv": [1, 1, 6, 10], "texture": "#0", "tintindex": 0 },
				"south": {"uv": [0, 0, 0, 9], "texture": "#missing"},
				"west": {"uv": [1, 1, 6, 10], "texture": "#0", "tintindex": 0 },
				"up": {"uv": [0, 0, 1, 0], "rotation": 270, "texture": "#missing"},
				"down": {"uv": [0, 0, 1, 0], "rotation": 90, "texture": "#missing"}
			}
		},
		{
			"from": [12, 17, 2],
			"to": [12, 23, 5],
			"rotation": {"angle": 22.5, "axis": "z", "origin": [13, 16, 4]},
			"shade": false,
			"faces": {
				"north": {"uv": [0, 0, 0, 9], "texture": "#missing"},
				"east": {"uv": [1, 1, 6, 10], "texture": "#0", "tintindex": 0 },
				"south": {"uv": [0, 0, 0, 9], "texture": "#missing"},
				"west": {"uv": [1, 1, 6, 10], "texture": "#0", "tintindex": 0 },
				"up": {"uv": [0, 0, 1, 0], "rotation": 270, "texture": "#missing"},
				"down": {"uv": [0, 0, 1, 0], "rotation": 90, "texture": "#missing"}
			}
		},
		{
			"from": [6, 16, 9],
			"to": [6, 22, 12],
			"rotation": {"angle": -22.5, "axis": "z", "origin": [6, 16, 11]},
			"shade": false,
			"faces": {
				"north": {"uv": [0, 0, 0, 9], "texture": "#0", "tintindex": 0 },
				"east": {"uv": [1, 1, 6, 10], "texture": "#0", "tintindex": 0 },
				"south": {"uv": [0, 0, 0, 9], "texture": "#0", "tintindex": 0 },
				"west": {"uv": [1, 1, 6, 10], "texture": "#0", "tintindex": 0 },
				"up": {"uv": [0, 0, 1, 0], "rotation": 270, "texture": "#missing"},
				"down": {"uv": [0, 0, 1, 0], "rotation": 90, "texture": "#missing"}
			}
		},
		{
			"from": [4, 16, 10],
			"to": [7, 20, 10],
			"rotation": {"angle": 22.5, "axis": "y", "origin": [6, 16, 11]},
			"shade": false,
			"faces": {
				"north": {"uv": [1, 1, 6, 8], "texture": "#0", "tintindex": 0 },
				"east": {"uv": [0, 0, 0, 9], "texture": "#0", "tintindex": 0 },
				"south": {"uv": [1, 1, 6, 10], "texture": "#0", "tintindex": 0 },
				"west": {"uv": [0, 0, 0, 9], "texture": "#0", "tintindex": 0 },
				"up": {"uv": [0, 0, 1, 0], "texture": "#missing"},
				"down": {"uv": [0, 0, 1, 0], "texture": "#missing"}
			}
		},
		{
			"from": [5, 17, 9],
			"to": [5, 23, 12],
			"rotation": {"angle": 22.5, "axis": "z", "origin": [6, 16, 11]},
			"shade": false,
			"faces": {
				"north": {"uv": [0, 0, 0, 9], "texture": "#0", "tintindex": 0 },
				"east": {"uv": [1, 1, 6, 10], "texture": "#0", "tintindex": 0 },
				"south": {"uv": [0, 0, 0, 9], "texture": "#0", "tintindex": 0 },
				"west": {"uv": [1, 1, 6, 10], "texture": "#0", "tintindex": 0 },
				"up": {"uv": [0, 0, 1, 0], "rotation": 270, "texture": "#missing"},
				"down": {"uv": [0, 0, 1, 0], "rotation": 90, "texture": "#missing"}
			}
		},
        {   "from": [ 0, 0, 0 ],
            "to": [ 16, 16, 16 ],
            "faces": {
                "down":  { "uv": [ 0, 0, 16, 16 ], "texture": "#bottom", "cullface": "down" },
                "up":    { "uv": [ 0, 0, 16, 16 ], "texture": "#top",    "cullface": "up", "tintindex": 0 },
                "north": { "uv": [ 0, 0, 16, 16 ], "texture": "#side",   "cullface": "north" },
                "south": { "uv": [ 0, 0, 16, 16 ], "texture": "#side",   "cullface": "south" },
                "west":  { "uv": [ 0, 0, 16, 16 ], "texture": "#side",   "cullface": "west" },
                "east":  { "uv": [ 0, 0, 16, 16 ], "texture": "#side",   "cullface": "east" }
            }
        },
        {   "from": [ 0, 0, 0 ],
            "to": [ 16, 16, 16 ],
            "faces": {
                "north": { "uv": [ 0, 0, 16, 16 ], "texture": "#overlay", "tintindex": 0, "cullface": "north" },
                "south": { "uv": [ 0, 0, 16, 16 ], "texture": "#overlay", "tintindex": 0, "cullface": "south" },
                "west":  { "uv": [ 0, 0, 16, 16 ], "texture": "#overlay", "tintindex": 0, "cullface": "west" },
                "east":  { "uv": [ 0, 0, 16, 16 ], "texture": "#overlay", "tintindex": 0, "cullface": "east" }
            }
        }
    ]
}
