{   "parent": "block/block",
    "textures": {
        "particle": "block/dirt",
        "bottom": "block/dirt",
		"0": "block/grass_block/wild_grass",
        "top": "block/grass_block_top",
        "side": "block/grass_block_side",
        "overlay": "block/grass_block_side_overlay"
    },
    "elements": [
        {   "from": [ 0, 0, 0 ],
            "to": [ 16, 16, 16 ],
            "faces": {
                "down":  { "uv": [ 0, 0, 16, 16 ], "texture": "#bottom", "cullface": "down" },
                "up":    { "uv": [ 0, 0, 16, 16 ], "texture": "#top",    "cullface": "up", "tintindex": 0 },
                "north": { "uv": [ 0, 0, 16, 16 ], "texture": "#side",   "cullface": "north" },
                "south": { "uv": [ 0, 0, 16, 16 ], "texture": "#side",   "cullface": "south" },
                "west":  { "uv": [ 0, 0, 16, 16 ], "texture": "#side",   "cullface": "west" },
                "east":  { "uv": [ 0, 0, 16, 16 ], "texture": "#side",   "cullface": "east" }
            }
        },
        {   "from": [ 0, 0, 0 ],
            "to": [ 16, 16, 16 ],
			"shade": false,
            "faces": {
                "north": { "uv": [ 0, 0, 16, 16 ], "texture": "#overlay", "tintindex": 0, "cullface": "north" },
                "south": { "uv": [ 0, 0, 16, 16 ], "texture": "#overlay", "tintindex": 0, "cullface": "south" },
                "west":  { "uv": [ 0, 0, 16, 16 ], "texture": "#overlay", "tintindex": 0, "cullface": "west" },
                "east":  { "uv": [ 0, 0, 16, 16 ], "texture": "#overlay", "tintindex": 0, "cullface": "east" }
            }
        },
				{
			"from": [3, 16, 4],
			"to": [5, 19, 4],
			"shade": false,
			"faces": {
				"north": {"uv": [3, 2, 5, 5], "texture": "#0", "tintindex": 0 },
				"east": {"uv": [3, 2, 5, 5], "texture": "#0", "tintindex": 0 },
				"south": {"uv": [1, 2, 3, 5], "texture": "#0", "tintindex": 0 },
				"west": {"uv": [3, 2, 5, 5], "texture": "#0", "tintindex": 0 },
				"up": {"uv": [3, 2, 5, 5], "texture": "#0", "tintindex": 0 },
				"down": {"uv": [3, 2, 5, 5], "texture": "#0", "tintindex": 0 }
			}
		},
		{
			"from": [8, 16, 12],
			"to": [10, 19, 12],
			"shade": false,
			"rotation": {"angle": 22.5, "axis": "y", "origin": [8, 8, 8]},
			"faces": {
				"north": {"uv": [1, 2, 3, 5], "texture": "#0", "tintindex": 0 },
				"east": {"uv": [3, 2, 5, 5], "texture": "#missing"},
				"south": {"uv": [3, 2, 5, 5], "texture": "#0", "tintindex": 0 },
				"west": {"uv": [3, 2, 5, 5], "texture": "#missing"},
				"up": {"uv": [3, 2, 5, 5], "texture": "#missing"},
				"down": {"uv": [3, 2, 5, 5], "texture": "#missing"}
			}
		},
		{
			"from": [5, 16, 7],
			"to": [10, 24, 7],
			"shade": false,
			"rotation": {"angle": 22.5, "axis": "y", "origin": [7.5, 20, 7]},
			"faces": {
				"north": {"uv": [5, 8, 11, 16], "texture": "#0", "tintindex": 0 },
				"east": {"uv": [3, 2, 5, 5], "texture": "#missing"},
				"south": {"uv": [5, 8, 11, 16], "texture": "#0", "tintindex": 0 },
				"west": {"uv": [3, 2, 5, 5], "texture": "#missing"},
				"up": {"uv": [3, 2, 5, 5], "texture": "#missing"},
				"down": {"uv": [3, 2, 5, 5], "texture": "#missing"}
			}
		},
		{
			"from": [7.5, 16, 4.5],
			"to": [7.5, 24, 9.5],
			"shade": false,
			"rotation": {"angle": 22.5, "axis": "y", "origin": [7.5, 20, 7]},
			"faces": {
				"north": {"uv": [3, 2, 5, 5], "texture": "#missing"},
				"east": {"uv": [5, 8, 11, 16], "texture": "#0", "tintindex": 0 },
				"south": {"uv": [3, 2, 5, 5], "texture": "#missing"},
				"west": {"uv": [5, 8, 11, 16], "texture": "#0", "tintindex": 0 },
				"up": {"uv": [3, 2, 5, 5], "rotation": 270, "texture": "#missing"},
				"down": {"uv": [3, 2, 5, 5], "rotation": 90, "texture": "#missing"}
			}
		}
    ]
}
