{   "parent": "block/block",
    "textures": {
        "particle": "block/dirt",
        "bottom": "block/dirt",
		"0": "block/grass_block/grass_rock",
        "top": "block/grass_block_top",
        "side": "block/grass_block_side",
        "overlay": "block/grass_block_side_overlay"
    },
    "elements": [
			{
			"from": [4, 16, 4],
			"to": [8, 17, 8],
			"shade": false,
			"faces": {
				"north": {"uv": [4, 5, 8, 6], "texture": "#0"},
				"east": {"uv": [4, 6, 8, 7], "texture": "#0"},
				"south": {"uv": [4, 6, 8, 7], "texture": "#0"},
				"west": {"uv": [4, 5, 8, 6], "texture": "#0"},
				"up": {"uv": [4, 3, 8, 7], "texture": "#0"},
				"down": {"uv": [0, 0, 4, 4], "texture": "#missing"}
			}
		},
		{
			"from": [5, 16, 8],
			"to": [7, 17, 9],
			"shade": false,
			"faces": {
				"north": {"uv": [0, 0, 4, 1], "texture": "#missing"},
				"east": {"uv": [4, 5, 5, 6], "texture": "#0"},
				"south": {"uv": [4, 5, 6, 6], "texture": "#0"},
				"west": {"uv": [4, 5, 5, 6], "texture": "#0"},
				"up": {"uv": [5, 7, 7, 8], "texture": "#0"},
				"down": {"uv": [0, 0, 4, 4], "texture": "#missing"}
			}
		},
		{
			"from": [5, 16, 3],
			"to": [8, 17, 4],
			"shade": false,
			"faces": {
				"north": {"uv": [4, 6, 7, 7], "texture": "#0"},
				"east": {"uv": [3, 5, 4, 6], "texture": "#0"},
				"south": {"uv": [0, 0, 4, 1], "texture": "#missing"},
				"west": {"uv": [4, 5, 5, 6], "texture": "#0"},
				"up": {"uv": [5, 2, 8, 3], "texture": "#0"},
				"down": {"uv": [0, 0, 4, 4], "texture": "#missing"}
			}
		},
		{
			"from": [3, 16, 5],
			"to": [4, 17, 8],
			"shade": false,
			"faces": {
				"north": {"uv": [3, 5, 4, 6], "texture": "#0"},
				"east": {"uv": [0, 0, 4, 1], "texture": "#missing"},
				"south": {"uv": [8, 4, 9, 5], "texture": "#0"},
				"west": {"uv": [4, 5, 7, 6], "texture": "#0"},
				"up": {"uv": [3, 4, 4, 7], "texture": "#0"},
				"down": {"uv": [0, 0, 4, 4], "texture": "#missing"}
			}
		},
		{
			"from": [8, 16, 4],
			"to": [9, 17, 7],
			"shade": false,
			"faces": {
				"north": {"uv": [4, 6, 5, 7], "texture": "#0"},
				"east": {"uv": [5, 6, 8, 7], "texture": "#0"},
				"south": {"uv": [3, 5, 4, 6], "texture": "#0"},
				"west": {"uv": [0, 0, 4, 1], "texture": "#missing"},
				"up": {"uv": [8, 3, 9, 6], "texture": "#0"},
				"down": {"uv": [0, 0, 4, 4], "texture": "#missing"}
			}
		},
		{
			"from": [2, 16, 6],
			"to": [3, 17, 7],
			"shade": false,
			"faces": {
				"north": {"uv": [4, 6, 5, 7], "texture": "#0"},
				"east": {"uv": [0, 0, 4, 1], "texture": "#missing"},
				"south": {"uv": [3, 6, 4, 7], "texture": "#0"},
				"west": {"uv": [5, 5, 6, 6], "texture": "#0"},
				"up": {"uv": [2, 5, 3, 6], "texture": "#0"},
				"down": {"uv": [0, 0, 4, 4], "texture": "#missing"}
			}
		},
		{
			"from": [9, 16, 5],
			"to": [10, 17, 6],
			"shade": false,
			"faces": {
				"north": {"uv": [4, 5, 5, 6], "texture": "#0"},
				"east": {"uv": [4, 5, 5, 6], "texture": "#0"},
				"south": {"uv": [3, 5, 4, 6], "texture": "#0"},
				"west": {"uv": [0, 0, 4, 1], "texture": "#missing"},
				"up": {"uv": [9, 4, 10, 5], "texture": "#0"},
				"down": {"uv": [0, 0, 4, 4], "texture": "#missing"}
			}
		},
        {   "from": [ 0, 0, 0 ],
            "to": [ 16, 16, 16 ],
            "faces": {
                "down":  { "uv": [ 0, 0, 16, 16 ], "texture": "#bottom", "cullface": "down" },
                "up":    { "uv": [ 0, 0, 16, 16 ], "texture": "#top",    "cullface": "up", "tintindex": 0 },
                "north": { "uv": [ 0, 0, 16, 16 ], "texture": "#side",   "cullface": "north" },
                "south": { "uv": [ 0, 0, 16, 16 ], "texture": "#side",   "cullface": "south" },
                "west":  { "uv": [ 0, 0, 16, 16 ], "texture": "#side",   "cullface": "west" },
                "east":  { "uv": [ 0, 0, 16, 16 ], "texture": "#side",   "cullface": "east" }
            }
        },
        {   "from": [ 0, 0, 0 ],
            "to": [ 16, 16, 16 ],
            "faces": {
                "north": { "uv": [ 0, 0, 16, 16 ], "texture": "#overlay", "tintindex": 0, "cullface": "north" },
                "south": { "uv": [ 0, 0, 16, 16 ], "texture": "#overlay", "tintindex": 0, "cullface": "south" },
                "west":  { "uv": [ 0, 0, 16, 16 ], "texture": "#overlay", "tintindex": 0, "cullface": "west" },
                "east":  { "uv": [ 0, 0, 16, 16 ], "texture": "#overlay", "tintindex": 0, "cullface": "east" }
            }
        }
    ]
}
