{   "parent": "block/block",
    "ambientocclusion": false,
    "textures": {
		"0": "block/lying_log/oak_log",
		"1": "block/lying_log/oak_log_1",
		"2": "block/lying_log/vine",
		"3": "block/lying_log/oak_log_top",
        "particle": "block/dirt",
        "bottom": "block/dirt",
        "top": "block/grass_block_top",
        "side": "block/grass_block_side",
        "overlay": "block/grass_block_side_overlay"
    },
    "elements": [
        {   "from": [ 0, 0, 0 ],
            "to": [ 16, 16, 16 ],
            "faces": {
                "down":  { "uv": [ 0, 0, 16, 16 ], "texture": "#bottom", "cullface": "down" },
                "up":    { "uv": [ 0, 0, 16, 16 ], "texture": "#top",    "cullface": "up", "tintindex": 0 },
                "north": { "uv": [ 0, 0, 16, 16 ], "texture": "#side",   "cullface": "north" },
                "south": { "uv": [ 0, 0, 16, 16 ], "texture": "#side",   "cullface": "south" },
                "west":  { "uv": [ 0, 0, 16, 16 ], "texture": "#side",   "cullface": "west" },
                "east":  { "uv": [ 0, 0, 16, 16 ], "texture": "#side",   "cullface": "east" }
            }
        },
        {   "from": [ 0, 0, 0 ],
            "to": [ 16, 16, 16 ],
            "faces": {
                "north": { "uv": [ 0, 0, 16, 16 ], "texture": "#overlay", "tintindex": 0, "cullface": "north" },
                "south": { "uv": [ 0, 0, 16, 16 ], "texture": "#overlay", "tintindex": 0, "cullface": "south" },
                "west":  { "uv": [ 0, 0, 16, 16 ], "texture": "#overlay", "tintindex": 0, "cullface": "west" },
                "east":  { "uv": [ 0, 0, 16, 16 ], "texture": "#overlay", "tintindex": 0, "cullface": "east" }
            }
        },
				{
			"from": [0, 16, 4],
			"to": [16, 26, 14],
			"rotation": {"angle": 0, "axis": "y", "origin": [8, 24, 8]},
			"shade": false,
			"faces": {
				"north": {"uv": [0, 3, 16, 13], "texture": "#0"},
				"east": {"uv": [2, 2, 12, 12], "texture": "#3"},
				"south": {"uv": [0, 3, 16, 13], "texture": "#0"},
				"west": {"uv": [2, 2, 12, 12], "texture": "#3"},
				"up": {"uv": [0, 3, 16, 13], "texture": "#0"},
				"down": {"uv": [0, 3, 16, 13], "texture": "#0"}
			}
		},
		{
			"from": [-16, 16, 4],
			"to": [0, 26, 14],
			"rotation": {"angle": 0, "axis": "y", "origin": [8, 24, 8]},
			"shade": false,
			"faces": {
				"north": {"uv": [0, 3, 16, 13], "texture": "#1"},
				"east": {"uv": [2, 2, 12, 12], "texture": "#missing"},
				"south": {"uv": [0, 3, 16, 13], "texture": "#0"},
				"west": {"uv": [2, 2, 12, 12], "texture": "#3"},
				"up": {"uv": [0, 3, 16, 13], "texture": "#0"},
				"down": {"uv": [0, 3, 16, 13], "texture": "#0"}
			}
		},
		{
			"from": [-13, 14, 4],
			"to": [-12, 16, 4],
			"rotation": {"angle": 0, "axis": "y", "origin": [8, 24, 8]},
			"shade": false,
			"faces": {
				"north": {"uv": [1, 3, 2, 4], "texture": "#2"},
				"east": {"uv": [0, 0, 1, 1], "texture": "#missing"},
				"south": {"uv": [1, 5, 2, 6], "texture": "#2"},
				"west": {"uv": [1, 3, 2, 4], "texture": "#2"},
				"up": {"uv": [0, 0, 1, 1], "texture": "#missing"},
				"down": {"uv": [0, 0, 1, 1], "texture": "#missing"}
			}
		}
    ]
}
