{   "parent": "block/block",
    "textures": {
        "particle": "block/dirt",
		"0": "block/grass_block/bird_nest",
		"1": "block/grass_block/oak_log",
        "bottom": "block/dirt",
        "top": "block/grass_block_top",
        "side": "block/grass_block_side",
        "overlay": "block/grass_block_side_overlay"
    },
    "elements": [
			{
			"from": [3, 16, 4],
			"to": [10, 16, 13],
			"rotation": {"angle": -22.5, "axis": "z", "origin": [7.51309, 16.99827, 8.48863]},
			"shade": false, "faces": {
				"north": {"uv": [0, 0, 9, 1], "texture": "#1"},
				"east": {"uv": [0, 0, 9, 1], "texture": "#1"},
				"south": {"uv": [0, 0, 9, 2], "texture": "#1"},
				"west": {"uv": [0, 0, 9, 1], "texture": "#1"},
				"up": {"uv": [5, 3, 12, 12], "texture": "#1"},
				"down": {"uv": [0, 0, 9, 9], "texture": "#1"}
			}
		},
		{
			"from": [5.02618, 15.99655, 4],
			"to": [12.02618, 15.99655, 13],
			"rotation": {"angle": 22.5, "axis": "z", "origin": [7.51309, 16.99827, 8.48863]},
			"shade": false, "faces": {
				"north": {"uv": [0, 0, 9, 1], "rotation": 180, "texture": "#missing"},
				"east": {"uv": [0, 0, 9, 1], "rotation": 180, "texture": "#missing"},
				"south": {"uv": [0, 0, 9, 2], "rotation": 180, "texture": "#missing"},
				"west": {"uv": [0, 0, 9, 1], "rotation": 180, "texture": "#missing"},
				"up": {"uv": [0, 0, 9, 9], "rotation": 180, "texture": "#1"},
				"down": {"uv": [5, 3, 12, 12], "rotation": 180, "texture": "#1"}
			}
		},
		{
			"from": [5.02618, 16.99655, 4],
			"to": [12.02618, 16.99655, 13],
			"rotation": {"angle": 0, "axis": "z", "origin": [7.51309, 16.99827, 8.48863]},
			"shade": false, "faces": {
				"north": {"uv": [0, 0, 9, 1], "rotation": 180, "texture": "#missing"},
				"east": {"uv": [0, 0, 9, 1], "rotation": 180, "texture": "#missing"},
				"south": {"uv": [0, 0, 9, 2], "rotation": 180, "texture": "#missing"},
				"west": {"uv": [0, 0, 9, 1], "rotation": 180, "texture": "#missing"},
				"up": {"uv": [0, 0, 9, 9], "rotation": 180, "texture": "#1"},
				"down": {"uv": [5, 3, 12, 12], "rotation": 180, "texture": "#1"}
			}
		},
		{
			"from": [9, 15.32067, 3.46443],
			"to": [10, 19.32067, 3.46443],
			"rotation": {"angle": 22.5, "axis": "x", "origin": [9.50724, 15.32363, 3.44395]},
			"shade": false, "faces": {
				"north": {"uv": [2, 2, 3, 7], "rotation": 180, "texture": "#1"},
				"east": {"uv": [0, 0, 4, 0], "rotation": 270, "texture": "#1"},
				"south": {"uv": [0, 0, 1, 4], "texture": "#1"},
				"west": {"uv": [0, 0, 4, 0], "rotation": 90, "texture": "#1"},
				"up": {"uv": [0, 0, 1, 0], "rotation": 180, "texture": "#missing"},
				"down": {"uv": [0, 0, 1, 0], "texture": "#missing"}
			}
		},
		{
			"from": [11, 19.1687, 11.2306],
			"to": [12, 23.1687, 11.2306],
			"rotation": {"angle": 22.5, "axis": "x", "origin": [11.50534, 17.17355, 4.20906]},
			"shade": false, "faces": {
				"north": {"uv": [2, 2, 3, 7], "rotation": 180, "texture": "#1"},
				"east": {"uv": [0, 0, 4, 0], "rotation": 270, "texture": "#missing"},
				"south": {"uv": [0, 0, 1, 4], "texture": "#1"},
				"west": {"uv": [0, 0, 4, 0], "rotation": 90, "texture": "#missing"},
				"up": {"uv": [0, 0, 1, 0], "rotation": 180, "texture": "#missing"},
				"down": {"uv": [0, 0, 1, 0], "texture": "#missing"}
			}
		},
		{
			"from": [5, 19.32067, 10.46443],
			"to": [6, 23.32067, 10.46443],
			"rotation": {"angle": 22.5, "axis": "x", "origin": [9.50724, 15.32363, 3.44395]},
			"shade": false, "faces": {
				"north": {"uv": [2, 2, 3, 7], "rotation": 180, "texture": "#1"},
				"east": {"uv": [0, 0, 4, 0], "rotation": 270, "texture": "#missing"},
				"south": {"uv": [0, 0, 1, 4], "texture": "#1"},
				"west": {"uv": [0, 0, 4, 0], "rotation": 90, "texture": "#missing"},
				"up": {"uv": [0, 0, 1, 0], "rotation": 180, "texture": "#missing"},
				"down": {"uv": [0, 0, 1, 0], "texture": "#missing"}
			}
		},
		{
			"from": [7, 19.32067, 10.46443],
			"to": [8, 23.32067, 10.46443],
			"rotation": {"angle": 22.5, "axis": "x", "origin": [9.50724, 15.32363, 3.44395]},
			"shade": false, "faces": {
				"north": {"uv": [2, 2, 3, 7], "rotation": 180, "texture": "#1"},
				"east": {"uv": [0, 0, 4, 0], "rotation": 270, "texture": "#missing"},
				"south": {"uv": [0, 0, 1, 4], "texture": "#1"},
				"west": {"uv": [0, 0, 4, 0], "rotation": 90, "texture": "#missing"},
				"up": {"uv": [0, 0, 1, 0], "rotation": 180, "texture": "#missing"},
				"down": {"uv": [0, 0, 1, 0], "texture": "#missing"}
			}
		},
		{
			"from": [9, 19.32067, 10.46443],
			"to": [10, 23.32067, 10.46443],
			"rotation": {"angle": 22.5, "axis": "x", "origin": [9.50724, 15.32363, 3.44395]},
			"shade": false, "faces": {
				"north": {"uv": [2, 2, 3, 7], "rotation": 180, "texture": "#1"},
				"east": {"uv": [0, 0, 4, 0], "rotation": 270, "texture": "#missing"},
				"south": {"uv": [0, 0, 1, 4], "texture": "#1"},
				"west": {"uv": [0, 0, 4, 0], "rotation": 90, "texture": "#missing"},
				"up": {"uv": [0, 0, 1, 0], "rotation": 180, "texture": "#missing"},
				"down": {"uv": [0, 0, 1, 0], "texture": "#missing"}
			}
		},
		{
			"from": [7, 15.32067, 3.46443],
			"to": [8, 19.32067, 3.46443],
			"rotation": {"angle": 22.5, "axis": "x", "origin": [9.50724, 15.32363, 3.44395]},
			"shade": false, "faces": {
				"north": {"uv": [2, 2, 3, 7], "rotation": 180, "texture": "#1"},
				"east": {"uv": [0, 0, 4, 0], "rotation": 270, "texture": "#1"},
				"south": {"uv": [0, 0, 1, 4], "texture": "#1"},
				"west": {"uv": [0, 0, 4, 0], "rotation": 90, "texture": "#1"},
				"up": {"uv": [0, 0, 1, 0], "rotation": 180, "texture": "#missing"},
				"down": {"uv": [0, 0, 1, 0], "texture": "#missing"}
			}
		},
		{
			"from": [5, 17.32067, 3.46443],
			"to": [6, 21.32067, 3.46443],
			"rotation": {"angle": 22.5, "axis": "z", "origin": [9.50724, 15.32363, 3.44395]},
			"shade": false, "faces": {
				"north": {"uv": [2, 2, 3, 7], "rotation": 180, "texture": "#1"},
				"east": {"uv": [0, 0, 4, 0], "rotation": 270, "texture": "#1"},
				"south": {"uv": [0, 0, 1, 4], "texture": "#1"},
				"west": {"uv": [0, 0, 4, 0], "rotation": 90, "texture": "#1"},
				"up": {"uv": [0, 0, 1, 0], "rotation": 180, "texture": "#missing"},
				"down": {"uv": [0, 0, 1, 0], "texture": "#missing"}
			}
		},
		{
			"from": [11, 15.1687, 4.2306],
			"to": [12, 19.1687, 4.2306],
			"rotation": {"angle": -22.5, "axis": "z", "origin": [11.50534, 17.17355, 4.20906]},
			"shade": false, "faces": {
				"north": {"uv": [2, 2, 3, 7], "rotation": 180, "texture": "#1"},
				"east": {"uv": [0, 0, 4, 0], "rotation": 270, "texture": "#1"},
				"south": {"uv": [0, 0, 1, 4], "texture": "#1"},
				"west": {"uv": [0, 0, 4, 0], "rotation": 90, "texture": "#1"},
				"up": {"uv": [0, 0, 1, 0], "rotation": 180, "texture": "#missing"},
				"down": {"uv": [0, 0, 1, 0], "texture": "#missing"}
			}
		},
		{
			"from": [12.48523, 15.16543, 7.70372],
			"to": [12.48523, 19.16543, 8.70372],
			"rotation": {"angle": 22.5, "axis": "z", "origin": [11.49783, 17.16833, 7.18569]},
			"shade": false, "faces": {
				"north": {"uv": [0, 0, 4, 0], "rotation": 90, "texture": "#1"},
				"east": {"uv": [2, 2, 3, 7], "rotation": 180, "texture": "#1"},
				"south": {"uv": [0, 0, 4, 0], "rotation": 270, "texture": "#1"},
				"west": {"uv": [0, 0, 1, 4], "texture": "#1"},
				"up": {"uv": [0, 0, 1, 0], "rotation": 270, "texture": "#missing"},
				"down": {"uv": [0, 0, 1, 0], "rotation": 270, "texture": "#missing"}
			}
		},
		{
			"from": [12.48523, 16.16543, 4.70372],
			"to": [12.48523, 20.16543, 5.70372],
			"rotation": {"angle": -22.5, "axis": "x", "origin": [11.49783, 17.16833, 7.18569]},
			"shade": false, "faces": {
				"north": {"uv": [0, 0, 4, 0], "rotation": 90, "texture": "#1"},
				"east": {"uv": [2, 2, 3, 7], "rotation": 180, "texture": "#1"},
				"south": {"uv": [0, 0, 4, 0], "rotation": 270, "texture": "#1"},
				"west": {"uv": [0, 0, 1, 4], "texture": "#1"},
				"up": {"uv": [0, 0, 1, 0], "rotation": 270, "texture": "#missing"},
				"down": {"uv": [0, 0, 1, 0], "rotation": 270, "texture": "#missing"}
			}
		},
		{
			"from": [12.41164, 15.55012, 10.70372],
			"to": [12.41164, 19.55012, 11.70372],
			"rotation": {"angle": 22.5, "axis": "x", "origin": [12.42802, 17.54565, 11.18474]},
			"shade": false, "faces": {
				"north": {"uv": [0, 0, 4, 0], "rotation": 90, "texture": "#1"},
				"east": {"uv": [2, 2, 3, 7], "rotation": 180, "texture": "#1"},
				"south": {"uv": [0, 0, 4, 0], "rotation": 270, "texture": "#1"},
				"west": {"uv": [0, 0, 1, 4], "texture": "#1"},
				"up": {"uv": [0, 0, 1, 0], "rotation": 270, "texture": "#missing"},
				"down": {"uv": [0, 0, 1, 0], "rotation": 270, "texture": "#missing"}
			}
		},
		{
			"from": [4.48523, 19.16543, 5.70372],
			"to": [4.48523, 23.16543, 6.70372],
			"rotation": {"angle": 22.5, "axis": "z", "origin": [11.49783, 17.16833, 7.18569]},
			"shade": false, "faces": {
				"north": {"uv": [0, 0, 4, 0], "rotation": 90, "texture": "#missing"},
				"east": {"uv": [2, 2, 3, 7], "rotation": 180, "texture": "#1"},
				"south": {"uv": [0, 0, 4, 0], "rotation": 270, "texture": "#missing"},
				"west": {"uv": [0, 0, 1, 4], "texture": "#1"},
				"up": {"uv": [0, 0, 1, 0], "rotation": 270, "texture": "#missing"},
				"down": {"uv": [0, 0, 1, 0], "rotation": 270, "texture": "#missing"}
			}
		},
		{
			"from": [4.48523, 19.16543, 7.70372],
			"to": [4.48523, 23.16543, 8.70372],
			"rotation": {"angle": 22.5, "axis": "z", "origin": [11.49783, 17.16833, 7.18569]},
			"shade": false, "faces": {
				"north": {"uv": [0, 0, 4, 0], "rotation": 90, "texture": "#missing"},
				"east": {"uv": [2, 2, 3, 7], "rotation": 180, "texture": "#1"},
				"south": {"uv": [0, 0, 4, 0], "rotation": 270, "texture": "#missing"},
				"west": {"uv": [0, 0, 1, 4], "texture": "#1"},
				"up": {"uv": [0, 0, 1, 0], "rotation": 270, "texture": "#missing"},
				"down": {"uv": [0, 0, 1, 0], "rotation": 270, "texture": "#missing"}
			}
		},
		{
			"from": [4.48523, 19.16543, 10.70372],
			"to": [4.48523, 23.16543, 11.70372],
			"rotation": {"angle": 22.5, "axis": "z", "origin": [11.49783, 17.16833, 7.18569]},
			"shade": false, "faces": {
				"north": {"uv": [0, 0, 4, 0], "rotation": 90, "texture": "#missing"},
				"east": {"uv": [2, 2, 3, 7], "rotation": 180, "texture": "#1"},
				"south": {"uv": [0, 0, 4, 0], "rotation": 270, "texture": "#missing"},
				"west": {"uv": [0, 0, 1, 4], "texture": "#1"},
				"up": {"uv": [0, 0, 1, 0], "rotation": 270, "texture": "#missing"},
				"down": {"uv": [0, 0, 1, 0], "rotation": 270, "texture": "#missing"}
			}
		},
		{
			"from": [9.9798, 15.22703, 13.55629],
			"to": [10.9798, 19.22703, 13.55629],
			"rotation": {"angle": -22.5, "axis": "z", "origin": [10.5013, 17.22828, 13.53931]},
			"shade": false, "faces": {
				"north": {"uv": [0, 0, 1, 4], "texture": "#1"},
				"east": {"uv": [0, 0, 4, 0], "rotation": 90, "texture": "#1"},
				"south": {"uv": [2, 2, 3, 7], "rotation": 180, "texture": "#1"},
				"west": {"uv": [0, 0, 4, 0], "rotation": 270, "texture": "#1"},
				"up": {"uv": [0, 0, 1, 0], "texture": "#missing"},
				"down": {"uv": [0, 0, 1, 0], "rotation": 180, "texture": "#missing"}
			}
		},
		{
			"from": [5.9798, 18.16543, 5.17308],
			"to": [6.9798, 22.16543, 5.17308],
			"rotation": {"angle": -22.5, "axis": "x", "origin": [5.49204, 17.16074, 8.16552]},
			"shade": false, "faces": {
				"north": {"uv": [0, 0, 1, 4], "texture": "#1"},
				"east": {"uv": [0, 0, 4, 0], "rotation": 90, "texture": "#missing"},
				"south": {"uv": [2, 2, 3, 7], "rotation": 180, "texture": "#1"},
				"west": {"uv": [0, 0, 4, 0], "rotation": 270, "texture": "#missing"},
				"up": {"uv": [0, 0, 1, 0], "texture": "#missing"},
				"down": {"uv": [0, 0, 1, 0], "rotation": 180, "texture": "#missing"}
			}
		},
		{
			"from": [3.9798, 20.23023, 5.5611],
			"to": [4.9798, 24.23023, 5.5611],
			"rotation": {"angle": -22.5, "axis": "x", "origin": [4.50132, 17.21779, 13.54976]},
			"shade": false, "faces": {
				"north": {"uv": [0, 0, 1, 4], "texture": "#1"},
				"east": {"uv": [0, 0, 4, 0], "rotation": 90, "texture": "#missing"},
				"south": {"uv": [2, 2, 3, 7], "rotation": 180, "texture": "#1"},
				"west": {"uv": [0, 0, 4, 0], "rotation": 270, "texture": "#missing"},
				"up": {"uv": [0, 0, 1, 0], "texture": "#missing"},
				"down": {"uv": [0, 0, 1, 0], "rotation": 180, "texture": "#missing"}
			}
		},
		{
			"from": [7.9798, 18.16543, 5.17308],
			"to": [8.9798, 22.16543, 5.17308],
			"rotation": {"angle": -22.5, "axis": "x", "origin": [5.49204, 17.16074, 8.16552]},
			"shade": false, "faces": {
				"north": {"uv": [0, 0, 1, 4], "texture": "#1"},
				"east": {"uv": [0, 0, 4, 0], "rotation": 90, "texture": "#missing"},
				"south": {"uv": [2, 2, 3, 7], "rotation": 180, "texture": "#1"},
				"west": {"uv": [0, 0, 4, 0], "rotation": 270, "texture": "#missing"},
				"up": {"uv": [0, 0, 1, 0], "texture": "#missing"},
				"down": {"uv": [0, 0, 1, 0], "rotation": 180, "texture": "#missing"}
			}
		},
		{
			"from": [9.9798, 18.16543, 5.17308],
			"to": [10.9798, 22.16543, 5.17308],
			"rotation": {"angle": -22.5, "axis": "x", "origin": [5.49204, 17.16074, 8.16552]},
			"shade": false, "faces": {
				"north": {"uv": [0, 0, 1, 4], "texture": "#1"},
				"east": {"uv": [0, 0, 4, 0], "rotation": 90, "texture": "#missing"},
				"south": {"uv": [2, 2, 3, 7], "rotation": 180, "texture": "#1"},
				"west": {"uv": [0, 0, 4, 0], "rotation": 270, "texture": "#missing"},
				"up": {"uv": [0, 0, 1, 0], "texture": "#missing"},
				"down": {"uv": [0, 0, 1, 0], "rotation": 180, "texture": "#missing"}
			}
		},
		{
			"from": [7.9798, 14.16543, 13.17308],
			"to": [8.9798, 18.16543, 13.17308],
			"rotation": {"angle": 0, "axis": "x", "origin": [5.49204, 17.16074, 8.16552]},
			"shade": false, "faces": {
				"north": {"uv": [0, 0, 1, 4], "texture": "#1"},
				"east": {"uv": [0, 0, 4, 0], "rotation": 90, "texture": "#1"},
				"south": {"uv": [2, 2, 3, 7], "rotation": 180, "texture": "#1"},
				"west": {"uv": [0, 0, 4, 0], "rotation": 270, "texture": "#1"},
				"up": {"uv": [0, 0, 1, 0], "texture": "#missing"},
				"down": {"uv": [0, 0, 1, 0], "rotation": 180, "texture": "#missing"}
			}
		},
		{
			"from": [5.9798, 13.16543, 11.17308],
			"to": [6.9798, 17.16543, 11.17308],
			"rotation": {"angle": -22.5, "axis": "x", "origin": [5.49204, 17.16074, 8.16552]},
			"shade": false, "faces": {
				"north": {"uv": [0, 0, 1, 4], "texture": "#1"},
				"east": {"uv": [0, 0, 4, 0], "rotation": 90, "texture": "#missing"},
				"south": {"uv": [2, 2, 3, 7], "rotation": 180, "texture": "#1"},
				"west": {"uv": [0, 0, 4, 0], "rotation": 270, "texture": "#missing"},
				"up": {"uv": [0, 0, 1, 0], "texture": "#missing"},
				"down": {"uv": [0, 0, 1, 0], "rotation": 180, "texture": "#missing"}
			}
		},
		{
			"from": [7.9798, 13.16543, 11.17308],
			"to": [8.9798, 17.16543, 11.17308],
			"rotation": {"angle": -22.5, "axis": "x", "origin": [5.49204, 17.16074, 8.16552]},
			"shade": false, "faces": {
				"north": {"uv": [0, 0, 1, 4], "texture": "#1"},
				"east": {"uv": [0, 0, 4, 0], "rotation": 90, "texture": "#missing"},
				"south": {"uv": [2, 2, 3, 7], "rotation": 180, "texture": "#1"},
				"west": {"uv": [0, 0, 4, 0], "rotation": 270, "texture": "#missing"},
				"up": {"uv": [0, 0, 1, 0], "texture": "#missing"},
				"down": {"uv": [0, 0, 1, 0], "rotation": 180, "texture": "#missing"}
			}
		},
		{
			"from": [11.9798, 15.16543, 8.17308],
			"to": [12.9798, 19.16543, 8.17308],
			"rotation": {"angle": -22.5, "axis": "x", "origin": [5.49204, 17.16074, 8.16552]},
			"shade": false, "faces": {
				"north": {"uv": [0, 0, 1, 4], "texture": "#1"},
				"east": {"uv": [0, 0, 4, 0], "rotation": 90, "texture": "#missing"},
				"south": {"uv": [2, 2, 3, 7], "rotation": 180, "texture": "#1"},
				"west": {"uv": [0, 0, 4, 0], "rotation": 270, "texture": "#missing"},
				"up": {"uv": [0, 0, 1, 0], "texture": "#missing"},
				"down": {"uv": [0, 0, 1, 0], "rotation": 180, "texture": "#missing"}
			}
		},
		{
			"from": [3.9798, 15.23023, 13.5611],
			"to": [4.9798, 19.23023, 13.5611],
			"rotation": {"angle": 22.5, "axis": "z", "origin": [4.50132, 17.21779, 13.54976]},
			"shade": false, "faces": {
				"north": {"uv": [0, 0, 1, 4], "texture": "#1"},
				"east": {"uv": [0, 0, 4, 0], "rotation": 90, "texture": "#1"},
				"south": {"uv": [2, 2, 3, 7], "rotation": 180, "texture": "#1"},
				"west": {"uv": [0, 0, 4, 0], "rotation": 270, "texture": "#1"},
				"up": {"uv": [0, 0, 1, 0], "texture": "#missing"},
				"down": {"uv": [0, 0, 1, 0], "rotation": 180, "texture": "#missing"}
			}
		},
		{
			"from": [5.9798, 13.16543, 13.17308],
			"to": [6.9798, 17.16543, 13.17308],
			"rotation": {"angle": -22.5, "axis": "x", "origin": [5.49204, 17.16074, 8.16552]},
			"shade": false, "faces": {
				"north": {"uv": [0, 0, 1, 4], "texture": "#1"},
				"east": {"uv": [0, 0, 4, 0], "rotation": 90, "texture": "#1"},
				"south": {"uv": [2, 2, 3, 7], "rotation": 180, "texture": "#1"},
				"west": {"uv": [0, 0, 4, 0], "rotation": 270, "texture": "#1"},
				"up": {"uv": [0, 0, 1, 0], "texture": "#missing"},
				"down": {"uv": [0, 0, 1, 0], "rotation": 180, "texture": "#missing"}
			}
		},
		{
			"from": [2.48998, 15.23023, 10.02825],
			"to": [2.48998, 19.23023, 11.02825],
			"rotation": {"angle": 22.5, "axis": "x", "origin": [4.50132, 17.21779, 13.54976]},
			"shade": false, "faces": {
				"north": {"uv": [0, 0, 4, 0], "rotation": 270, "texture": "#1"},
				"east": {"uv": [0, 0, 1, 4], "texture": "#1"},
				"south": {"uv": [0, 0, 4, 0], "rotation": 90, "texture": "#1"},
				"west": {"uv": [2, 2, 3, 7], "rotation": 180, "texture": "#1"},
				"up": {"uv": [0, 0, 1, 0], "rotation": 90, "texture": "#missing"},
				"down": {"uv": [0, 0, 1, 0], "rotation": 90, "texture": "#missing"}
			}
		},
		{
			"from": [10.48998, 19.23023, 5.02825],
			"to": [10.48998, 23.23023, 6.02825],
			"rotation": {"angle": -22.5, "axis": "z", "origin": [4.50132, 17.21779, 13.54976]},
			"shade": false, "faces": {
				"north": {"uv": [0, 0, 4, 0], "rotation": 270, "texture": "#missing"},
				"east": {"uv": [0, 0, 1, 4], "texture": "#1"},
				"south": {"uv": [0, 0, 4, 0], "rotation": 90, "texture": "#missing"},
				"west": {"uv": [2, 2, 3, 7], "rotation": 180, "texture": "#1"},
				"up": {"uv": [0, 0, 1, 0], "rotation": 90, "texture": "#missing"},
				"down": {"uv": [0, 0, 1, 0], "rotation": 90, "texture": "#missing"}
			}
		},
		{
			"from": [10.48998, 19.23023, 9.02825],
			"to": [10.48998, 23.23023, 10.02825],
			"rotation": {"angle": -22.5, "axis": "z", "origin": [4.50132, 17.21779, 13.54976]},
			"shade": false, "faces": {
				"north": {"uv": [0, 0, 4, 0], "rotation": 270, "texture": "#missing"},
				"east": {"uv": [0, 0, 1, 4], "texture": "#1"},
				"south": {"uv": [0, 0, 4, 0], "rotation": 90, "texture": "#missing"},
				"west": {"uv": [2, 2, 3, 7], "rotation": 180, "texture": "#1"},
				"up": {"uv": [0, 0, 1, 0], "rotation": 90, "texture": "#missing"},
				"down": {"uv": [0, 0, 1, 0], "rotation": 90, "texture": "#missing"}
			}
		},
		{
			"from": [10.48998, 19.23023, 7.02825],
			"to": [10.48998, 23.23023, 8.02825],
			"rotation": {"angle": -22.5, "axis": "z", "origin": [4.50132, 17.21779, 13.54976]},
			"shade": false, "faces": {
				"north": {"uv": [0, 0, 4, 0], "rotation": 270, "texture": "#missing"},
				"east": {"uv": [0, 0, 1, 4], "texture": "#1"},
				"south": {"uv": [0, 0, 4, 0], "rotation": 90, "texture": "#missing"},
				"west": {"uv": [2, 2, 3, 7], "rotation": 180, "texture": "#1"},
				"up": {"uv": [0, 0, 1, 0], "rotation": 90, "texture": "#missing"},
				"down": {"uv": [0, 0, 1, 0], "rotation": 90, "texture": "#missing"}
			}
		},
		{
			"from": [10.48998, 19.23023, 11.02825],
			"to": [10.48998, 23.23023, 12.02825],
			"rotation": {"angle": -22.5, "axis": "z", "origin": [4.50132, 17.21779, 13.54976]},
			"shade": false, "faces": {
				"north": {"uv": [0, 0, 4, 0], "rotation": 270, "texture": "#missing"},
				"east": {"uv": [0, 0, 1, 4], "texture": "#1"},
				"south": {"uv": [0, 0, 4, 0], "rotation": 90, "texture": "#missing"},
				"west": {"uv": [2, 2, 3, 7], "rotation": 180, "texture": "#1"},
				"up": {"uv": [0, 0, 1, 0], "rotation": 90, "texture": "#missing"},
				"down": {"uv": [0, 0, 1, 0], "rotation": 90, "texture": "#missing"}
			}
		},
		{
			"from": [2.48998, 15.23023, 7.02825],
			"to": [2.48998, 19.23023, 8.02825],
			"rotation": {"angle": -22.5, "axis": "z", "origin": [4.50132, 17.21779, 13.54976]},
			"shade": false, "faces": {
				"north": {"uv": [0, 0, 4, 0], "rotation": 270, "texture": "#1"},
				"east": {"uv": [0, 0, 1, 4], "texture": "#1"},
				"south": {"uv": [0, 0, 4, 0], "rotation": 90, "texture": "#1"},
				"west": {"uv": [2, 2, 3, 7], "rotation": 180, "texture": "#1"},
				"up": {"uv": [0, 0, 1, 0], "rotation": 90, "texture": "#missing"},
				"down": {"uv": [0, 0, 1, 0], "rotation": 90, "texture": "#missing"}
			}
		},
		{
			"from": [2.48998, 15.23023, 9.02825],
			"to": [2.48998, 20.23023, 10.02825],
			"rotation": {"angle": -22.5, "axis": "z", "origin": [4.50132, 17.21779, 13.54976]},
			"shade": false, "faces": {
				"north": {"uv": [0, 0, 4, 0], "rotation": 270, "texture": "#1"},
				"east": {"uv": [0, 0, 1, 4], "texture": "#1"},
				"south": {"uv": [0, 0, 4, 0], "rotation": 90, "texture": "#1"},
				"west": {"uv": [2, 1, 3, 7], "rotation": 180, "texture": "#1"},
				"up": {"uv": [0, 0, 1, 0], "rotation": 90, "texture": "#missing"},
				"down": {"uv": [0, 0, 1, 0], "rotation": 90, "texture": "#missing"}
			}
		},
		{
			"from": [2.64693, 15.99704, 4.02825],
			"to": [2.64693, 19.99704, 5.02825],
			"rotation": {"angle": -22.5, "axis": "x", "origin": [2.65228, 17.99571, 4.52709]},
			"shade": false, "faces": {
				"north": {"uv": [0, 0, 4, 0], "rotation": 270, "texture": "#1"},
				"east": {"uv": [0, 0, 1, 4], "texture": "#1"},
				"south": {"uv": [0, 0, 4, 0], "rotation": 90, "texture": "#1"},
				"west": {"uv": [2, 2, 3, 7], "rotation": 180, "texture": "#1"},
				"up": {"uv": [0, 0, 1, 0], "rotation": 90, "texture": "#missing"},
				"down": {"uv": [0, 0, 1, 0], "rotation": 90, "texture": "#missing"}
			}
		},
		{
			"from": [3, 18, 3],
			"to": [3, 19, 13],
			"rotation": {"angle": 22.5, "axis": "x", "origin": [3.00961, 18.49127, 7.9991]},
			"shade": false, "faces": {
				"north": {"uv": [0, 0, 0, 1], "texture": "#missing"},
				"east": {"uv": [0, 0, 10, 1], "texture": "#1"},
				"south": {"uv": [0, 0, 0, 1], "texture": "#missing"},
				"west": {"uv": [0, 0, 10, 1], "texture": "#1"},
				"up": {"uv": [0, 0, 0, 10], "texture": "#missing"},
				"down": {"uv": [0, 0, 0, 10], "texture": "#missing"}
			}
		},
		{
			"from": [12, 18, 3],
			"to": [12, 19, 12],
			"rotation": {"angle": -22.5, "axis": "x", "origin": [3.00961, 18.49127, 7.9991]},
			"shade": false, "faces": {
				"north": {"uv": [0, 0, 0, 1], "texture": "#missing"},
				"east": {"uv": [0, 0, 9, 1], "texture": "#1"},
				"south": {"uv": [0, 0, 0, 1], "texture": "#missing"},
				"west": {"uv": [0, 0, 9, 1], "texture": "#1"},
				"up": {"uv": [0, 0, 0, 9], "texture": "#missing"},
				"down": {"uv": [0, 0, 0, 9], "texture": "#missing"}
			}
		},
		{
			"from": [3, 16, 6],
			"to": [3, 17, 12],
			"rotation": {"angle": -22.5, "axis": "x", "origin": [3.00961, 18.49127, 7.9991]},
			"shade": false, "faces": {
				"north": {"uv": [0, 0, 0, 1], "texture": "#missing"},
				"east": {"uv": [0, 0, 6, 1], "texture": "#1"},
				"south": {"uv": [0, 0, 0, 1], "texture": "#missing"},
				"west": {"uv": [0, 0, 6, 1], "texture": "#1"},
				"up": {"uv": [0, 0, 0, 6], "texture": "#missing"},
				"down": {"uv": [0, 0, 0, 6], "texture": "#missing"}
			}
		},
		{
			"from": [4.01052, 18, 13.00871],
			"to": [12.01052, 19, 13.00871],
			"rotation": {"angle": 0, "axis": "y", "origin": [3.00961, 18.49127, 7.9991]},
			"shade": false, "faces": {
				"north": {"uv": [0, 0, 8, 1], "texture": "#1"},
				"east": {"uv": [0, 0, 0, 1], "texture": "#missing"},
				"south": {"uv": [0, 0, 8, 1], "texture": "#1"},
				"west": {"uv": [0, 0, 0, 1], "texture": "#missing"},
				"up": {"uv": [0, 0, 0, 8], "rotation": 270, "texture": "#missing"},
				"down": {"uv": [0, 0, 0, 8], "rotation": 90, "texture": "#missing"}
			}
		},
		{
			"from": [3.01052, 17, 14.00871],
			"to": [12.01052, 18, 14.00871],
			"rotation": {"angle": 0, "axis": "y", "origin": [3.00961, 18.49127, 7.9991]},
			"shade": false, "faces": {
				"north": {"uv": [0, 0, 9, 1], "texture": "#1"},
				"east": {"uv": [0, 0, 0, 1], "texture": "#missing"},
				"south": {"uv": [0, 0, 9, 1], "texture": "#1"},
				"west": {"uv": [0, 0, 0, 1], "texture": "#missing"},
				"up": {"uv": [0, 0, 0, 9], "rotation": 270, "texture": "#missing"},
				"down": {"uv": [0, 0, 0, 9], "rotation": 90, "texture": "#missing"}
			}
		},
		{
			"from": [2.01052, 17, 4.00871],
			"to": [12.01052, 18, 4.00871],
			"rotation": {"angle": 0, "axis": "y", "origin": [7.0149, 17.50526, 3.99908]},
			"shade": false, "faces": {
				"north": {"uv": [0, 0, 10, 1], "texture": "#1"},
				"east": {"uv": [0, 0, 0, 1], "texture": "#missing"},
				"south": {"uv": [0, 0, 10, 1], "texture": "#1"},
				"west": {"uv": [0, 0, 0, 1], "texture": "#missing"},
				"up": {"uv": [0, 0, 0, 10], "rotation": 270, "texture": "#missing"},
				"down": {"uv": [0, 0, 0, 10], "rotation": 90, "texture": "#missing"}
			}
		},
		{
			"from": [2.01052, 18, 4.00871],
			"to": [8.01052, 19, 4.00871],
			"rotation": {"angle": -22.5, "axis": "z", "origin": [7.0149, 17.50526, 3.99908]},
			"shade": false, "faces": {
				"north": {"uv": [0, 0, 6, 1], "texture": "#1"},
				"east": {"uv": [0, 0, 0, 1], "texture": "#missing"},
				"south": {"uv": [0, 0, 6, 1], "texture": "#1"},
				"west": {"uv": [0, 0, 0, 1], "texture": "#missing"},
				"up": {"uv": [0, 0, 0, 6], "rotation": 270, "texture": "#missing"},
				"down": {"uv": [0, 0, 0, 6], "rotation": 90, "texture": "#missing"}
			}
		},
		{
			"from": [12.00527, 20, 3.9947],
			"to": [12.00527, 21, 11.9947],
			"rotation": {"angle": -22.5, "axis": "z", "origin": [7.0149, 17.50526, 3.99908]},
			"shade": false, "faces": {
				"north": {"uv": [0, 0, 0, 1], "texture": "#missing"},
				"east": {"uv": [0, 0, 8, 1], "texture": "#1"},
				"south": {"uv": [0, 0, 0, 1], "texture": "#missing"},
				"west": {"uv": [0, 0, 8, 1], "texture": "#1"},
				"up": {"uv": [0, 0, 0, 8], "texture": "#missing"},
				"down": {"uv": [0, 0, 0, 8], "texture": "#missing"}
			}
		},
		{
			"from": [2.01052, 21, 4.00871],
			"to": [12.01052, 22, 4.00871],
			"rotation": {"angle": -22.5, "axis": "z", "origin": [3.00961, 18.49127, 7.9991]},
			"shade": false, "faces": {
				"north": {"uv": [0, 0, 10, 1], "texture": "#1"},
				"east": {"uv": [0, 0, 0, 1], "texture": "#missing"},
				"south": {"uv": [0, 0, 10, 1], "texture": "#1"},
				"west": {"uv": [0, 0, 0, 1], "texture": "#missing"},
				"up": {"uv": [0, 0, 0, 10], "rotation": 270, "texture": "#missing"},
				"down": {"uv": [0, 0, 0, 10], "rotation": 90, "texture": "#missing"}
			}
		},
		{
			"from": [5.01052, 19.57382, 12.11119],
			"to": [11.01052, 19.57382, 13.11119],
			"rotation": {"angle": 22.5, "axis": "x", "origin": [8.02456, 20.5641, 12.60869]},
			"shade": false, "faces": {
				"north": {"uv": [0, 0, 0, 6], "rotation": 90, "texture": "#missing"},
				"east": {"uv": [0, 0, 0, 1], "rotation": 90, "texture": "#missing"},
				"south": {"uv": [0, 0, 0, 6], "rotation": 90, "texture": "#missing"},
				"west": {"uv": [0, 0, 0, 1], "rotation": 270, "texture": "#missing"},
				"up": {"uv": [0, 0, 6, 1], "texture": "#1"},
				"down": {"uv": [0, 0, 6, 1], "rotation": 180, "texture": "#1"}
			}
		},
		{
			"from": [0.79585, 19.64994, 9.67496],
			"to": [4.79585, 19.64994, 10.67496],
			"rotation": {"angle": -45, "axis": "y", "origin": [2.8074, 19.63358, 12.16547]},
			"shade": false, "faces": {
				"north": {"uv": [0, 0, 0, 4], "rotation": 90, "texture": "#missing"},
				"east": {"uv": [0, 0, 0, 1], "rotation": 90, "texture": "#missing"},
				"south": {"uv": [0, 0, 0, 4], "rotation": 90, "texture": "#missing"},
				"west": {"uv": [0, 0, 0, 1], "rotation": 270, "texture": "#missing"},
				"up": {"uv": [0, 0, 4, 1], "texture": "#1"},
				"down": {"uv": [0, 0, 4, 1], "rotation": 180, "texture": "#1"}
			}
		},
		{
			"from": [8.2891, 19.64994, 10.25394],
			"to": [12.2891, 19.64994, 11.25394],
			"rotation": {"angle": 45, "axis": "y", "origin": [11.28844, 20.65088, 10.73823]},
			"shade": false, "faces": {
				"north": {"uv": [0, 0, 0, 4], "rotation": 90, "texture": "#missing"},
				"east": {"uv": [0, 0, 0, 1], "rotation": 90, "texture": "#missing"},
				"south": {"uv": [0, 0, 0, 4], "rotation": 90, "texture": "#missing"},
				"west": {"uv": [0, 0, 0, 1], "rotation": 270, "texture": "#missing"},
				"up": {"uv": [0, 0, 4, 1], "texture": "#1"},
				"down": {"uv": [0, 0, 4, 1], "rotation": 180, "texture": "#1"}
			}
		},
		{
			"from": [8.2891, 20.64994, 0.25394],
			"to": [12.2891, 20.64994, 1.25394],
			"rotation": {"angle": 45, "axis": "y", "origin": [11.28844, 20.65088, 10.73823]},
			"shade": false, "faces": {
				"north": {"uv": [0, 0, 0, 4], "rotation": 90, "texture": "#missing"},
				"east": {"uv": [0, 0, 0, 1], "rotation": 90, "texture": "#missing"},
				"south": {"uv": [0, 0, 0, 4], "rotation": 90, "texture": "#missing"},
				"west": {"uv": [0, 0, 0, 1], "rotation": 270, "texture": "#missing"},
				"up": {"uv": [0, 0, 4, 1], "texture": "#1"},
				"down": {"uv": [0, 0, 4, 1], "rotation": 180, "texture": "#1"}
			}
		},
		{
			"from": [8.56259, 19.64994, 3.86855],
			"to": [12.56259, 19.64994, 4.86855],
			"rotation": {"angle": -45, "axis": "y", "origin": [10.57023, 20.66075, 4.37552]},
			"shade": false, "faces": {
				"north": {"uv": [0, 0, 0, 4], "rotation": 90, "texture": "#missing"},
				"east": {"uv": [0, 0, 0, 1], "rotation": 270, "texture": "#missing"},
				"south": {"uv": [0, 0, 0, 4], "rotation": 90, "texture": "#missing"},
				"west": {"uv": [0, 0, 0, 1], "rotation": 90, "texture": "#missing"},
				"up": {"uv": [0, 0, 4, 1], "rotation": 180, "texture": "#1"},
				"down": {"uv": [0, 0, 4, 1], "texture": "#1"}
			}
		},
		{
			"from": [11.14577, 21.64159, 4.62273],
			"to": [12.14577, 21.64159, 11.62273],
			"rotation": {"angle": -22.5, "axis": "z", "origin": [7.66356, 19.63957, 12.61572]},
			"shade": false, "faces": {
				"north": {"uv": [0, 0, 0, 1], "rotation": 90, "texture": "#missing"},
				"east": {"uv": [0, 0, 0, 7], "rotation": 90, "texture": "#missing"},
				"south": {"uv": [0, 0, 0, 1], "rotation": 270, "texture": "#missing"},
				"west": {"uv": [0, 0, 0, 7], "rotation": 90, "texture": "#missing"},
				"up": {"uv": [0, 0, 7, 1], "rotation": 270, "texture": "#1"},
				"down": {"uv": [0, 0, 7, 1], "rotation": 270, "texture": "#1"}
			}
		},
		{
			"from": [2.06445, 21.25951, 4.62273],
			"to": [3.06445, 21.25951, 10.62273],
			"rotation": {"angle": 22.5, "axis": "z", "origin": [6.56963, 22.25778, 8.62218]},
			"shade": false, "faces": {
				"north": {"uv": [0, 0, 0, 1], "rotation": 90, "texture": "#missing"},
				"east": {"uv": [0, 0, 0, 6], "rotation": 90, "texture": "#missing"},
				"south": {"uv": [0, 0, 0, 1], "rotation": 270, "texture": "#missing"},
				"west": {"uv": [0, 0, 0, 6], "rotation": 90, "texture": "#missing"},
				"up": {"uv": [0, 0, 6, 1], "rotation": 270, "texture": "#1"},
				"down": {"uv": [0, 0, 6, 1], "rotation": 270, "texture": "#1"}
			}
		},
		{
			"from": [4.01052, 20.55881, 3.1185],
			"to": [11.01052, 20.55881, 4.1185],
			"rotation": {"angle": -22.5, "axis": "x", "origin": [8.01237, 19.56132, 4.60905]},
			"shade": false, "faces": {
				"north": {"uv": [0, 0, 0, 7], "rotation": 90, "texture": "#missing"},
				"east": {"uv": [0, 0, 0, 1], "rotation": 90, "texture": "#missing"},
				"south": {"uv": [0, 0, 0, 7], "rotation": 90, "texture": "#missing"},
				"west": {"uv": [0, 0, 0, 1], "rotation": 270, "texture": "#missing"},
				"up": {"uv": [0, 0, 7, 1], "texture": "#1"},
				"down": {"uv": [0, 0, 7, 1], "rotation": 180, "texture": "#1"}
			}
		},
		{
			"from": [8, 17, 9],
			"to": [10, 19, 11],
			"rotation": {"angle": 0, "axis": "y", "origin": [8, 24, 8]},
			"shade": false, "faces": {
				"north": {"uv": [11, 10, 14, 13], "texture": "#0"},
				"east": {"uv": [11, 10, 14, 13], "texture": "#0"},
				"south": {"uv": [11, 10, 14, 13], "texture": "#0"},
				"west": {"uv": [11, 10, 14, 14], "texture": "#0"},
				"up": {"uv": [11, 10, 14, 13], "texture": "#0"},
				"down": {"uv": [0, 0, 2, 2], "texture": "#missing"}
			}
		},
		{
			"from": [5, 17, 7],
			"to": [7, 19, 9],
			"rotation": {"angle": 0, "axis": "y", "origin": [8, 24, 8]},
			"shade": false, "faces": {
				"north": {"uv": [11, 10, 14, 13], "texture": "#0"},
				"east": {"uv": [11, 10, 14, 13], "texture": "#0"},
				"south": {"uv": [11, 10, 14, 13], "texture": "#0"},
				"west": {"uv": [11, 10, 14, 14], "texture": "#0"},
				"up": {"uv": [11, 10, 14, 13], "texture": "#0"},
				"down": {"uv": [0, 0, 2, 2], "texture": "#missing"}
			}
		},
		{
			"from": [8, 17, 5],
			"to": [10, 19, 7],
			"rotation": {"angle": 0, "axis": "y", "origin": [8, 24, 8]},
			"shade": false, "faces": {
				"north": {"uv": [11, 10, 14, 13], "texture": "#0"},
				"east": {"uv": [11, 10, 14, 13], "texture": "#0"},
				"south": {"uv": [11, 10, 14, 13], "texture": "#0"},
				"west": {"uv": [11, 10, 14, 14], "texture": "#0"},
				"up": {"uv": [11, 10, 14, 13], "texture": "#0"},
				"down": {"uv": [0, 0, 2, 2], "texture": "#missing"}
			}
		},
        {   "from": [ 0, 0, 0 ],
            "to": [ 16, 16, 16 ],
			"faces": {
                "down":  { "uv": [ 0, 0, 16, 16 ], "texture": "#bottom", "cullface": "down" },
                "up":    { "uv": [ 0, 0, 16, 16 ], "texture": "#top",    "cullface": "up", "tintindex": 0 },
                "north": { "uv": [ 0, 0, 16, 16 ], "texture": "#side",   "cullface": "north" },
                "south": { "uv": [ 0, 0, 16, 16 ], "texture": "#side",   "cullface": "south" },
                "west":  { "uv": [ 0, 0, 16, 16 ], "texture": "#side",   "cullface": "west" },
                "east":  { "uv": [ 0, 0, 16, 16 ], "texture": "#side",   "cullface": "east" }
            }
        },
        {   "from": [ 0, 0, 0 ],
            "to": [ 16, 16, 16 ],
            "faces": {
                "north": { "uv": [ 0, 0, 16, 16 ], "texture": "#overlay", "tintindex": 0, "cullface": "north" },
                "south": { "uv": [ 0, 0, 16, 16 ], "texture": "#overlay", "tintindex": 0, "cullface": "south" },
                "west":  { "uv": [ 0, 0, 16, 16 ], "texture": "#overlay", "tintindex": 0, "cullface": "west" },
                "east":  { "uv": [ 0, 0, 16, 16 ], "texture": "#overlay", "tintindex": 0, "cullface": "east" }
            }
        }
    ]
}
