{
	"credit": "Made with Blockbench",
	"textures": {
		"1": "block/animals/glowworm",
		"particle": "block/grass/grass_minecraft"
	},
	"elements": [
		{
			"from": [-7, 21, 11],
			"to": [-6.2, 21.4, 11.4],
			"rotation": {"angle": 0, "axis": "y", "origin": [-6.825, 21.2, 11.2]},
			"faces": {
				"north": {"uv": [0, 0, 3.8, 7.4], "rotation": 90, "texture": "#1"},
				"east": {"uv": [0, 0, 3.8, 4.4], "rotation": 90, "texture": "#1"},
				"south": {"uv": [0, 0, 3.8, 7.4], "rotation": 90, "texture": "#1"},
				"west": {"uv": [0, 0, 3.8, 4.4], "rotation": 90, "texture": "#1"},
				"up": {"uv": [0, 0, 3.8, 7.4], "rotation": 90, "texture": "#1"},
				"down": {"uv": [0, 0, 3.8, 7.4], "rotation": 90, "texture": "#1"}
			}
		},
		{
			"from": [-7, 21.4, 10.4],
			"to": [-6.4, 21.4, 12],
			"rotation": {"angle": 0, "axis": "y", "origin": [-6.825, 21.2, 11.2]},
			"faces": {
				"north": {"uv": [0, 13, 8.8, 16], "texture": "#1"},
				"east": {"uv": [0, 0, 3.8, 4.4], "rotation": 90, "texture": "#1"},
				"south": {"uv": [0, 0, 3.8, 7.4], "rotation": 90, "texture": "#1"},
				"west": {"uv": [0, 0, 3.8, 4.4], "rotation": 90, "texture": "#1"},
				"up": {"uv": [0, 13, 8.8, 15.8], "rotation": 90, "texture": "#1"},
				"down": {"uv": [0, 13, 8.8, 15.8], "rotation": 90, "texture": "#1"}
			}
		},
		{
			"from": [-7.3, 20.95, 10.95],
			"to": [-6.8, 21.45, 11.45],
			"rotation": {"angle": 0, "axis": "y", "origin": [-6.825, 21.2, 11.2]},
			"faces": {
				"north": {"uv": [9, 3, 9.5, 3.5], "texture": "#1"},
				"east": {"uv": [9, 3, 9.5, 3.5], "texture": "#1"},
				"south": {"uv": [9, 3, 9.5, 3.5], "texture": "#1"},
				"west": {"uv": [9, 3, 9.5, 3.5], "texture": "#1"},
				"up": {"uv": [9, 3, 9.5, 3.5], "texture": "#1"},
				"down": {"uv": [9, 3, 9.5, 3.5], "texture": "#1"}
			}
		},
		{
			"from": [25.63333, 20, 11],
			"to": [26.43333, 20.4, 11.4],
			"rotation": {"angle": 45, "axis": "y", "origin": [9.21667, 21.26667, 11.2]},
			"faces": {
				"north": {"uv": [0, 0, 3.8, 7.4], "rotation": 90, "texture": "#1"},
				"east": {"uv": [0, 0, 3.8, 4.4], "rotation": 90, "texture": "#1"},
				"south": {"uv": [0, 0, 3.8, 7.4], "rotation": 90, "texture": "#1"},
				"west": {"uv": [0, 0, 3.8, 4.4], "rotation": 90, "texture": "#1"},
				"up": {"uv": [0, 0, 3.8, 7.4], "rotation": 270, "texture": "#1"},
				"down": {"uv": [0, 0, 3.8, 7.4], "rotation": 270, "texture": "#1"}
			}
		},
		{
			"from": [25.83333, 20.4, 10.4],
			"to": [26.43333, 20.4, 12],
			"rotation": {"angle": 45, "axis": "y", "origin": [9.21667, 21.26667, 11.2]},
			"faces": {
				"north": {"uv": [0, 0, 3.8, 7.4], "rotation": 90, "texture": "#1"},
				"east": {"uv": [0, 0, 3.8, 4.4], "rotation": 90, "texture": "#1"},
				"south": {"uv": [0, 13, 8.8, 16], "texture": "#1"},
				"west": {"uv": [0, 0, 3.8, 4.4], "rotation": 90, "texture": "#1"},
				"up": {"uv": [0, 13, 8.8, 15.8], "rotation": 270, "texture": "#1"},
				"down": {"uv": [0, 13, 8.8, 15.8], "rotation": 270, "texture": "#1"}
			}
		},
		{
			"from": [26.23333, 19.95, 10.95],
			"to": [26.73333, 20.45, 11.45],
			"rotation": {"angle": 45, "axis": "y", "origin": [9.21667, 21.26667, 11.2]},
			"faces": {
				"north": {"uv": [9, 3, 9.5, 3.5], "texture": "#1"},
				"east": {"uv": [9, 3, 9.5, 3.5], "texture": "#1"},
				"south": {"uv": [9, 3, 9.5, 3.5], "texture": "#1"},
				"west": {"uv": [9, 3, 9.5, 3.5], "texture": "#1"},
				"up": {"uv": [9, 3, 9.5, 3.5], "rotation": 180, "texture": "#1"},
				"down": {"uv": [9, 3, 9.5, 3.5], "rotation": 180, "texture": "#1"}
			}
		},
		{
			"from": [-6, 22, 2],
			"to": [-5.2, 22.4, 2.4],
			"rotation": {"angle": -22.5, "axis": "y", "origin": [3.175, 21.2, 4.2]},
			"faces": {
				"north": {"uv": [0, 0, 3.8, 7.4], "rotation": 90, "texture": "#1"},
				"east": {"uv": [0, 0, 3.8, 4.4], "rotation": 90, "texture": "#1"},
				"south": {"uv": [0, 0, 3.8, 7.4], "rotation": 90, "texture": "#1"},
				"west": {"uv": [0, 0, 3.8, 4.4], "rotation": 90, "texture": "#1"},
				"up": {"uv": [0, 0, 3.8, 7.4], "rotation": 90, "texture": "#1"},
				"down": {"uv": [0, 0, 3.8, 7.4], "rotation": 90, "texture": "#1"}
			}
		},
		{
			"from": [-6, 22.4, 1.4],
			"to": [-5.4, 22.4, 3],
			"rotation": {"angle": -22.5, "axis": "y", "origin": [3.175, 21.2, 4.2]},
			"faces": {
				"north": {"uv": [0, 13, 8.8, 16], "texture": "#1"},
				"east": {"uv": [0, 0, 3.8, 4.4], "rotation": 90, "texture": "#1"},
				"south": {"uv": [0, 0, 3.8, 7.4], "rotation": 90, "texture": "#1"},
				"west": {"uv": [0, 0, 3.8, 4.4], "rotation": 90, "texture": "#1"},
				"up": {"uv": [0, 13, 8.8, 15.8], "rotation": 90, "texture": "#1"},
				"down": {"uv": [0, 13, 8.8, 15.8], "rotation": 90, "texture": "#1"}
			}
		},
		{
			"from": [-6.3, 21.95, 1.95],
			"to": [-5.8, 22.45, 2.45],
			"rotation": {"angle": -22.5, "axis": "y", "origin": [3.175, 21.2, 4.2]},
			"faces": {
				"north": {"uv": [9, 3, 9.5, 3.5], "texture": "#1"},
				"east": {"uv": [9, 3, 9.5, 3.5], "texture": "#1"},
				"south": {"uv": [9, 3, 9.5, 3.5], "texture": "#1"},
				"west": {"uv": [9, 3, 9.5, 3.5], "texture": "#1"},
				"up": {"uv": [9, 3, 9.5, 3.5], "texture": "#1"},
				"down": {"uv": [9, 3, 9.5, 3.5], "texture": "#1"}
			}
		},
		{
			"from": [8, 24, 18],
			"to": [8.8, 24.4, 18.4],
			"rotation": {"angle": 22.5, "axis": "y", "origin": [8.175, 24.2, 16.2]},
			"faces": {
				"north": {"uv": [0, 0, 3.8, 7.4], "rotation": 90, "texture": "#1"},
				"east": {"uv": [0, 0, 3.8, 4.4], "rotation": 90, "texture": "#1"},
				"south": {"uv": [0, 0, 3.8, 7.4], "rotation": 90, "texture": "#1"},
				"west": {"uv": [0, 0, 3.8, 4.4], "rotation": 90, "texture": "#1"},
				"up": {"uv": [0, 0, 3.8, 7.4], "rotation": 90, "texture": "#1"},
				"down": {"uv": [0, 0, 3.8, 7.4], "rotation": 90, "texture": "#1"}
			}
		},
		{
			"from": [8, 24.4, 17.4],
			"to": [8.6, 24.4, 19],
			"rotation": {"angle": 22.5, "axis": "y", "origin": [8.175, 24.2, 16.2]},
			"faces": {
				"north": {"uv": [0, 13, 8.8, 16], "texture": "#1"},
				"east": {"uv": [0, 0, 3.8, 4.4], "rotation": 90, "texture": "#1"},
				"south": {"uv": [0, 0, 3.8, 7.4], "rotation": 90, "texture": "#1"},
				"west": {"uv": [0, 0, 3.8, 4.4], "rotation": 90, "texture": "#1"},
				"up": {"uv": [0, 13, 8.8, 15.8], "rotation": 90, "texture": "#1"},
				"down": {"uv": [0, 13, 8.8, 15.8], "rotation": 90, "texture": "#1"}
			}
		},
		{
			"from": [7.7, 23.95, 17.95],
			"to": [8.2, 24.45, 18.45],
			"rotation": {"angle": 22.5, "axis": "y", "origin": [8.175, 24.2, 16.2]},
			"faces": {
				"north": {"uv": [9, 3, 9.5, 3.5], "texture": "#1"},
				"east": {"uv": [9, 3, 9.5, 3.5], "texture": "#1"},
				"south": {"uv": [9, 3, 9.5, 3.5], "texture": "#1"},
				"west": {"uv": [9, 3, 9.5, 3.5], "texture": "#1"},
				"up": {"uv": [9, 3, 9.5, 3.5], "texture": "#1"},
				"down": {"uv": [9, 3, 9.5, 3.5], "texture": "#1"}
			}
		},
		{
			"from": [2.55, 20, 5],
			"to": [3.35, 20.4, 5.4],
			"rotation": {"angle": 22.5, "axis": "y", "origin": [17.175, 21.2, 7.2]},
			"faces": {
				"north": {"uv": [0, 0, 3.8, 7.4], "rotation": 90, "texture": "#1"},
				"east": {"uv": [0, 0, 3.8, 4.4], "rotation": 90, "texture": "#1"},
				"south": {"uv": [0, 0, 3.8, 7.4], "rotation": 90, "texture": "#1"},
				"west": {"uv": [0, 0, 3.8, 4.4], "rotation": 90, "texture": "#1"},
				"up": {"uv": [0, 0, 3.8, 7.4], "rotation": 270, "texture": "#1"},
				"down": {"uv": [0, 0, 3.8, 7.4], "rotation": 270, "texture": "#1"}
			}
		},
		{
			"from": [2.75, 20.4, 4.4],
			"to": [3.35, 20.4, 6],
			"rotation": {"angle": 22.5, "axis": "y", "origin": [17.175, 21.2, 7.2]},
			"faces": {
				"north": {"uv": [0, 0, 3.8, 7.4], "rotation": 90, "texture": "#1"},
				"east": {"uv": [0, 0, 3.8, 4.4], "rotation": 90, "texture": "#1"},
				"south": {"uv": [0, 13, 8.8, 16], "texture": "#1"},
				"west": {"uv": [0, 0, 3.8, 4.4], "rotation": 90, "texture": "#1"},
				"up": {"uv": [0, 13, 8.8, 15.8], "rotation": 270, "texture": "#1"},
				"down": {"uv": [0, 13, 8.8, 15.8], "rotation": 270, "texture": "#1"}
			}
		},
		{
			"from": [3.15, 19.95, 4.95],
			"to": [3.65, 20.45, 5.45],
			"rotation": {"angle": 22.5, "axis": "y", "origin": [17.175, 21.2, 7.2]},
			"faces": {
				"north": {"uv": [9, 3, 9.5, 3.5], "texture": "#1"},
				"east": {"uv": [9, 3, 9.5, 3.5], "texture": "#1"},
				"south": {"uv": [9, 3, 9.5, 3.5], "texture": "#1"},
				"west": {"uv": [9, 3, 9.5, 3.5], "texture": "#1"},
				"up": {"uv": [9, 3, 9.5, 3.5], "rotation": 180, "texture": "#1"},
				"down": {"uv": [9, 3, 9.5, 3.5], "rotation": 180, "texture": "#1"}
			}
		},
		{
			"from": [14.01667, 22, 13.61667],
			"to": [14.41667, 22.4, 14.41667],
			"rotation": {"angle": 0, "axis": "y", "origin": [14.21667, 21.76667, 11.2]},
			"faces": {
				"north": {"uv": [0, 0, 3.8, 4.4], "rotation": 90, "texture": "#1"},
				"east": {"uv": [0, 0, 3.8, 7.4], "rotation": 90, "texture": "#1"},
				"south": {"uv": [0, 0, 3.8, 4.4], "rotation": 90, "texture": "#1"},
				"west": {"uv": [0, 0, 3.8, 7.4], "rotation": 90, "texture": "#1"},
				"up": {"uv": [0, 0, 3.8, 7.4], "texture": "#1"},
				"down": {"uv": [0, 0, 3.8, 7.4], "rotation": 180, "texture": "#1"}
			}
		},
		{
			"from": [13.41667, 22.4, 13.81667],
			"to": [15.01667, 22.4, 14.41667],
			"rotation": {"angle": 0, "axis": "y", "origin": [14.21667, 21.76667, 11.2]},
			"faces": {
				"north": {"uv": [0, 0, 3.8, 4.4], "rotation": 90, "texture": "#1"},
				"east": {"uv": [0, 0, 3.8, 7.4], "rotation": 90, "texture": "#1"},
				"south": {"uv": [0, 0, 3.8, 4.4], "rotation": 90, "texture": "#1"},
				"west": {"uv": [0, 13, 8.8, 16], "texture": "#1"},
				"up": {"uv": [0, 13, 8.8, 15.8], "texture": "#1"},
				"down": {"uv": [0, 13, 8.8, 15.8], "rotation": 180, "texture": "#1"}
			}
		},
		{
			"from": [13.96667, 21.95, 14.21667],
			"to": [14.46667, 22.45, 14.71667],
			"rotation": {"angle": 0, "axis": "y", "origin": [14.21667, 21.76667, 11.2]},
			"faces": {
				"north": {"uv": [9, 3, 9.5, 3.5], "texture": "#1"},
				"east": {"uv": [9, 3, 9.5, 3.5], "texture": "#1"},
				"south": {"uv": [9, 3, 9.5, 3.5], "texture": "#1"},
				"west": {"uv": [9, 3, 9.5, 3.5], "texture": "#1"},
				"up": {"uv": [9, 3, 9.5, 3.5], "rotation": 270, "texture": "#1"},
				"down": {"uv": [9, 3, 9.5, 3.5], "rotation": 90, "texture": "#1"}
			}
		},
		{
			"from": [15.13799, 17, 8.86201],
			"to": [15.53799, 17.4, 9.66201],
			"rotation": {"angle": 45, "axis": "y", "origin": [6.21667, 21.76667, 11.2]},
			"faces": {
				"north": {"uv": [0, 0, 3.8, 4.4], "rotation": 90, "texture": "#1"},
				"east": {"uv": [0, 0, 3.8, 7.4], "rotation": 90, "texture": "#1"},
				"south": {"uv": [0, 0, 3.8, 4.4], "rotation": 90, "texture": "#1"},
				"west": {"uv": [0, 0, 3.8, 7.4], "rotation": 90, "texture": "#1"},
				"up": {"uv": [0, 0, 3.8, 7.4], "rotation": 180, "texture": "#1"},
				"down": {"uv": [0, 0, 3.8, 7.4], "texture": "#1"}
			}
		},
		{
			"from": [14.53799, 17.4, 8.86201],
			"to": [16.13799, 17.4, 9.46201],
			"rotation": {"angle": 45, "axis": "y", "origin": [6.21667, 21.76667, 11.2]},
			"faces": {
				"north": {"uv": [0, 0, 3.8, 4.4], "rotation": 90, "texture": "#1"},
				"east": {"uv": [0, 13, 8.8, 16], "texture": "#1"},
				"south": {"uv": [0, 0, 3.8, 4.4], "rotation": 90, "texture": "#1"},
				"west": {"uv": [0, 0, 3.8, 7.4], "rotation": 90, "texture": "#1"},
				"up": {"uv": [0, 13, 8.8, 15.8], "rotation": 180, "texture": "#1"},
				"down": {"uv": [0, 13, 8.8, 15.8], "texture": "#1"}
			}
		},
		{
			"from": [15.08799, 16.95, 8.56201],
			"to": [15.58799, 17.45, 9.06201],
			"rotation": {"angle": 45, "axis": "y", "origin": [6.21667, 21.76667, 11.2]},
			"faces": {
				"north": {"uv": [9, 3, 9.5, 3.5], "texture": "#1"},
				"east": {"uv": [9, 3, 9.5, 3.5], "texture": "#1"},
				"south": {"uv": [9, 3, 9.5, 3.5], "texture": "#1"},
				"west": {"uv": [9, 3, 9.5, 3.5], "texture": "#1"},
				"up": {"uv": [9, 3, 9.5, 3.5], "rotation": 90, "texture": "#1"},
				"down": {"uv": [9, 3, 9.5, 3.5], "rotation": 270, "texture": "#1"}
			}
		}
	],
	"groups": [
		{
			"name": "group",
			"origin": [3.175, 18.2, 8.2],
			"children": [0, 1, 2,
				{
					"name": "group",
					"origin": [3.175, 18.2, 8.2],
					"children": [3, 4, 5]
				}
			]
		},
		{
			"name": "group",
			"origin": [3.175, 18.2, 8.2],
			"children": [6, 7, 8]
		},
		{
			"name": "group",
			"origin": [3.175, 18.2, 8.2],
			"children": [9, 10, 11]
		},
		{
			"name": "group",
			"origin": [3.175, 18.2, 8.2],
			"children": [12, 13, 14]
		},
		{
			"name": "group",
			"origin": [3.175, 18.2, 8.2],
			"children": [15, 16, 17,
				{
					"name": "group",
					"origin": [3.175, 18.2, 8.2],
					"children": [18, 19, 20]
				}
			]
		}
	]
}