{
	"credit": "Made with Blockbench",
	"textures": {
		"1": "block/animals/glowworm",
		"particle": "block/grass/grass_minecraft"
	},
	"elements": [
		{
			"from": [-4, 26, 20],
			"to": [-3.2, 26.4, 20.4],
			"rotation": {"angle": 22.5, "axis": "y", "origin": [8.98557, 25.6, 7.51119]},
			"faces": {
				"north": {"uv": [0, 0, 3.8, 7.4], "rotation": 90, "texture": "#1"},
				"east": {"uv": [0, 0, 3.8, 4.4], "rotation": 90, "texture": "#1"},
				"south": {"uv": [0, 0, 3.8, 7.4], "rotation": 90, "texture": "#1"},
				"west": {"uv": [0, 0, 3.8, 4.4], "rotation": 90, "texture": "#1"},
				"up": {"uv": [0, 0, 3.8, 7.4], "rotation": 90, "texture": "#1"},
				"down": {"uv": [0, 0, 3.8, 7.4], "rotation": 90, "texture": "#1"}
			}
		},
		{
			"from": [-4, 26.4, 19.4],
			"to": [-3.4, 26.4, 21],
			"rotation": {"angle": 22.5, "axis": "y", "origin": [8.98557, 25.6, 7.51119]},
			"faces": {
				"north": {"uv": [0, 13, 8.8, 16], "texture": "#1"},
				"east": {"uv": [0, 0, 3.8, 4.4], "rotation": 90, "texture": "#1"},
				"south": {"uv": [0, 0, 3.8, 7.4], "rotation": 90, "texture": "#1"},
				"west": {"uv": [0, 0, 3.8, 4.4], "rotation": 90, "texture": "#1"},
				"up": {"uv": [0, 13, 8.8, 15.8], "rotation": 90, "texture": "#1"},
				"down": {"uv": [0, 13, 8.8, 15.8], "rotation": 90, "texture": "#1"}
			}
		},
		{
			"from": [-4.3, 25.95, 19.95],
			"to": [-3.8, 26.45, 20.45],
			"rotation": {"angle": 22.5, "axis": "y", "origin": [8.98557, 25.6, 7.51119]},
			"faces": {
				"north": {"uv": [9, 3, 9.5, 3.5], "texture": "#1"},
				"east": {"uv": [9, 3, 9.5, 3.5], "texture": "#1"},
				"south": {"uv": [9, 3, 9.5, 3.5], "texture": "#1"},
				"west": {"uv": [9, 3, 9.5, 3.5], "texture": "#1"},
				"up": {"uv": [9, 3, 9.5, 3.5], "texture": "#1"},
				"down": {"uv": [9, 3, 9.5, 3.5], "texture": "#1"}
			}
		},
		{
			"from": [7.14315, 25, 0.32529],
			"to": [7.54315, 25.4, 1.12529],
			"rotation": {"angle": -22.5, "axis": "y", "origin": [8.98557, 25.6, 7.51119]},
			"faces": {
				"north": {"uv": [0, 0, 3.8, 4.4], "rotation": 90, "texture": "#1"},
				"east": {"uv": [0, 0, 3.8, 7.4], "rotation": 90, "texture": "#1"},
				"south": {"uv": [0, 0, 3.8, 4.4], "rotation": 90, "texture": "#1"},
				"west": {"uv": [0, 0, 3.8, 7.4], "rotation": 90, "texture": "#1"},
				"up": {"uv": [0, 0, 3.8, 7.4], "rotation": 180, "texture": "#1"},
				"down": {"uv": [0, 0, 3.8, 7.4], "texture": "#1"}
			}
		},
		{
			"from": [6.54315, 25.4, 0.32529],
			"to": [8.14315, 25.4, 0.92529],
			"rotation": {"angle": -22.5, "axis": "y", "origin": [8.98557, 25.6, 7.51119]},
			"faces": {
				"north": {"uv": [0, 0, 3.8, 4.4], "rotation": 90, "texture": "#1"},
				"east": {"uv": [0, 13, 8.8, 16], "texture": "#1"},
				"south": {"uv": [0, 0, 3.8, 4.4], "rotation": 90, "texture": "#1"},
				"west": {"uv": [0, 0, 3.8, 7.4], "rotation": 90, "texture": "#1"},
				"up": {"uv": [0, 13, 8.8, 15.8], "rotation": 180, "texture": "#1"},
				"down": {"uv": [0, 13, 8.8, 15.8], "texture": "#1"}
			}
		},
		{
			"from": [7.09315, 24.95, 0.02529],
			"to": [7.59315, 25.45, 0.52529],
			"rotation": {"angle": -22.5, "axis": "y", "origin": [8.98557, 25.6, 7.51119]},
			"faces": {
				"north": {"uv": [9, 3, 9.5, 3.5], "texture": "#1"},
				"east": {"uv": [9, 3, 9.5, 3.5], "texture": "#1"},
				"south": {"uv": [9, 3, 9.5, 3.5], "texture": "#1"},
				"west": {"uv": [9, 3, 9.5, 3.5], "texture": "#1"},
				"up": {"uv": [9, 3, 9.5, 3.5], "rotation": 90, "texture": "#1"},
				"down": {"uv": [9, 3, 9.5, 3.5], "rotation": 270, "texture": "#1"}
			}
		},
		{
			"from": [14.81107, 31, -10.69011],
			"to": [15.61107, 31.4, -10.29011],
			"rotation": {"angle": 45, "axis": "y", "origin": [8.98557, 25.6, 7.51119]},
			"faces": {
				"north": {"uv": [0, 0, 3.8, 7.4], "rotation": 90, "texture": "#1"},
				"east": {"uv": [0, 0, 3.8, 4.4], "rotation": 90, "texture": "#1"},
				"south": {"uv": [0, 0, 3.8, 7.4], "rotation": 90, "texture": "#1"},
				"west": {"uv": [0, 0, 3.8, 4.4], "rotation": 90, "texture": "#1"},
				"up": {"uv": [0, 0, 3.8, 7.4], "rotation": 270, "texture": "#1"},
				"down": {"uv": [0, 0, 3.8, 7.4], "rotation": 270, "texture": "#1"}
			}
		},
		{
			"from": [15.01107, 31.4, -11.29011],
			"to": [15.61107, 31.4, -9.69011],
			"rotation": {"angle": 45, "axis": "y", "origin": [8.98557, 25.6, 7.51119]},
			"faces": {
				"north": {"uv": [0, 0, 3.8, 7.4], "rotation": 90, "texture": "#1"},
				"east": {"uv": [0, 0, 3.8, 4.4], "rotation": 90, "texture": "#1"},
				"south": {"uv": [0, 13, 8.8, 16], "texture": "#1"},
				"west": {"uv": [0, 0, 3.8, 4.4], "rotation": 90, "texture": "#1"},
				"up": {"uv": [0, 13, 8.8, 15.8], "rotation": 270, "texture": "#1"},
				"down": {"uv": [0, 13, 8.8, 15.8], "rotation": 270, "texture": "#1"}
			}
		},
		{
			"from": [15.41107, 30.95, -10.74011],
			"to": [15.91107, 31.45, -10.24011],
			"rotation": {"angle": 45, "axis": "y", "origin": [8.98557, 25.6, 7.51119]},
			"faces": {
				"north": {"uv": [9, 3, 9.5, 3.5], "texture": "#1"},
				"east": {"uv": [9, 3, 9.5, 3.5], "texture": "#1"},
				"south": {"uv": [9, 3, 9.5, 3.5], "texture": "#1"},
				"west": {"uv": [9, 3, 9.5, 3.5], "texture": "#1"},
				"up": {"uv": [9, 3, 9.5, 3.5], "rotation": 180, "texture": "#1"},
				"down": {"uv": [9, 3, 9.5, 3.5], "rotation": 180, "texture": "#1"}
			}
		}
	],
	"groups": [
		{
			"name": "group",
			"origin": [3.175, 18.2, 8.2],
			"children": [0, 1, 2,
				{
					"name": "group",
					"origin": [3.175, 18.2, 8.2],
					"children": [3, 4, 5]
				}
			]
		},
		{
			"name": "group",
			"origin": [3.175, 18.2, 8.2],
			"children": [6, 7, 8]
		}
	]
}