{
	"credit": "Made with Blockbench",
	"textures": {
		"1": "block/animals/glowworm",
		"particle": "block/grass/grass_minecraft"
	},
	"elements": [
		{
			"from": [9, 31, 30],
			"to": [9.8, 31.4, 30.4],
			"rotation": {"angle": 0, "axis": "y", "origin": [9.175, 31.2, 30.2]},
			"faces": {
				"north": {"uv": [0, 0, 3.8, 7.4], "rotation": 90, "texture": "#1"},
				"east": {"uv": [0, 0, 3.8, 4.4], "rotation": 90, "texture": "#1"},
				"south": {"uv": [0, 0, 3.8, 7.4], "rotation": 90, "texture": "#1"},
				"west": {"uv": [0, 0, 3.8, 4.4], "rotation": 90, "texture": "#1"},
				"up": {"uv": [0, 0, 3.8, 7.4], "rotation": 90, "texture": "#1"},
				"down": {"uv": [0, 0, 3.8, 7.4], "rotation": 90, "texture": "#1"}
			}
		},
		{
			"from": [9, 31.4, 29.4],
			"to": [9.6, 31.4, 31],
			"rotation": {"angle": 0, "axis": "y", "origin": [9.175, 31.2, 30.2]},
			"faces": {
				"north": {"uv": [0, 13, 8.8, 16], "texture": "#1"},
				"east": {"uv": [0, 0, 3.8, 4.4], "rotation": 90, "texture": "#1"},
				"south": {"uv": [0, 0, 3.8, 7.4], "rotation": 90, "texture": "#1"},
				"west": {"uv": [0, 0, 3.8, 4.4], "rotation": 90, "texture": "#1"},
				"up": {"uv": [0, 13, 8.8, 15.8], "rotation": 90, "texture": "#1"},
				"down": {"uv": [0, 13, 8.8, 15.8], "rotation": 90, "texture": "#1"}
			}
		},
		{
			"from": [8.7, 30.95, 29.95],
			"to": [9.2, 31.45, 30.45],
			"rotation": {"angle": 0, "axis": "y", "origin": [9.175, 31.2, 30.2]},
			"faces": {
				"north": {"uv": [9, 3, 9.5, 3.5], "texture": "#1"},
				"east": {"uv": [9, 3, 9.5, 3.5], "texture": "#1"},
				"south": {"uv": [9, 3, 9.5, 3.5], "texture": "#1"},
				"west": {"uv": [9, 3, 9.5, 3.5], "texture": "#1"},
				"up": {"uv": [9, 3, 9.5, 3.5], "texture": "#1"},
				"down": {"uv": [9, 3, 9.5, 3.5], "texture": "#1"}
			}
		}
	],
	"groups": [
		{
			"name": "group",
			"origin": [3.175, 18.2, 8.2],
			"children": [0, 1, 2]
		}
	]
}