{
	"credit": "Made with Blockbench",
	"ambientocclusion": false,
	"textures": {
		"0": "block/grass/tall_grass",
		"1": "block/azure/snowy",
		"particle": "block/grass/tall_grass"
	},
	"elements": [
		{
			"from": [0, 0, 8],
			"to": [16, 32, 8],
			"rotation": {"angle": 22.5, "axis": "y", "origin": [8, 16, 8]},
			"faces": {
				"north": {"uv": [0, 0, 8, 16], "texture": "#0", "tintindex": 0},
				"east": {"uv": [0, 0, 0, 16], "texture": "#missing"},
				"south": {"uv": [0, 0, 8, 16], "texture": "#0", "tintindex": 0},
				"west": {"uv": [0, 0, 0, 16], "texture": "#missing"},
				"up": {"uv": [0, 0, 16, 0], "texture": "#missing"},
				"down": {"uv": [0, 0, 16, 0], "texture": "#missing"}
			}
		},
		{
			"from": [8, 0, 0],
			"to": [8, 32, 16],
			"rotation": {"angle": 22.5, "axis": "y", "origin": [8, 16, 8]},
			"faces": {
				"north": {"uv": [0, 0, 0, 16], "texture": "#missing"},
				"east": {"uv": [0, 0, 8, 16], "texture": "#0", "tintindex": 0},
				"south": {"uv": [0, 0, 0, 16], "texture": "#missing"},
				"west": {"uv": [0, 0, 8, 16], "texture": "#0", "tintindex": 0},
				"up": {"uv": [0, 0, 16, 0], "rotation": 270, "texture": "#missing"},
				"down": {"uv": [0, 0, 16, 0], "rotation": 90, "texture": "#missing"}
			}
		},
		{
			"from": [1, -9, 1],
			"to": [1, 23, 17],
			"rotation": {"angle": 0, "axis": "z", "origin": [8, 7, 8]},
			"faces": {
				"north": {"uv": [0, 0, 0, 16], "texture": "#missing"},
				"east": {"uv": [0, 0, 8, 16], "texture": "#0", "tintindex": 0},
				"south": {"uv": [0, 0, 0, 16], "texture": "#missing"},
				"west": {"uv": [0, 0, 8, 16], "texture": "#0", "tintindex": 0},
				"up": {"uv": [0, 0, 16, 0], "rotation": 270, "texture": "#missing"},
				"down": {"uv": [0, 0, 16, 0], "rotation": 90, "texture": "#missing"}
			}
		},
		{
			"from": [14, -9, 0],
			"to": [14, 23, 16],
			"rotation": {"angle": 0, "axis": "z", "origin": [8, 7, 8]},
			"faces": {
				"north": {"uv": [0, 0, 0, 16], "texture": "#missing"},
				"east": {"uv": [0, 0, 8, 16], "texture": "#0", "tintindex": 0},
				"south": {"uv": [0, 0, 0, 16], "texture": "#missing"},
				"west": {"uv": [0, 0, 8, 16], "texture": "#0", "tintindex": 0},
				"up": {"uv": [0, 0, 16, 0], "rotation": 270, "texture": "#missing"},
				"down": {"uv": [0, 0, 16, 0], "rotation": 90, "texture": "#missing"}
			}
		},
		{
			"from": [0, -9, 14],
			"to": [16, 23, 14],
			"rotation": {"angle": 0, "axis": "x", "origin": [8, 7, 8]},
			"faces": {
				"north": {"uv": [0, 0, 8, 16], "texture": "#0", "tintindex": 0},
				"east": {"uv": [0, 0, 0, 16], "texture": "#missing"},
				"south": {"uv": [0, 0, 8, 16], "texture": "#0", "tintindex": 0},
				"west": {"uv": [0, 0, 0, 16], "texture": "#missing"},
				"up": {"uv": [0, 0, 16, 0], "texture": "#missing"},
				"down": {"uv": [0, 0, 16, 0], "texture": "#missing"}
			}
		},
		{
			"from": [0, -9, 1],
			"to": [16, 23, 1],
			"rotation": {"angle": 0, "axis": "x", "origin": [8, 7, 8]},
			"faces": {
				"north": {"uv": [0, 0, 8, 16], "texture": "#0", "tintindex": 0},
				"east": {"uv": [0, 0, 0, 16], "texture": "#missing"},
				"south": {"uv": [0, 0, 8, 16], "texture": "#0", "tintindex": 0},
				"west": {"uv": [0, 0, 0, 16], "texture": "#missing"},
				"up": {"uv": [0, 0, 16, 0], "texture": "#missing"},
				"down": {"uv": [0, 0, 16, 0], "texture": "#missing"}
			}
		},
		{
			"from": [0, 0, 3],
			"to": [4, 18, 3],
			"rotation": {"angle": 22.5, "axis": "y", "origin": [2, 9, 0]},
			"faces": {
				"north": {"uv": [11, 7, 13, 16], "texture": "#0", "tintindex": 0},
				"east": {"uv": [0, 0, 0, 16], "texture": "#missing"},
				"south": {"uv": [11, 7, 13, 16], "texture": "#0", "tintindex": 0},
				"west": {"uv": [0, 0, 0, 16], "texture": "#missing"},
				"up": {"uv": [0, 0, 3, 0], "texture": "#missing"},
				"down": {"uv": [0, 0, 3, 0], "texture": "#missing"}
			}
		},
		{
			"from": [7, 0, 6],
			"to": [11, 18, 6],
			"rotation": {"angle": 22.5, "axis": "y", "origin": [2, 9, 0]},
			"faces": {
				"north": {"uv": [11, 7, 13, 16], "texture": "#0", "tintindex": 0},
				"east": {"uv": [0, 0, 0, 16], "texture": "#missing"},
				"south": {"uv": [11, 7, 13, 16], "texture": "#0", "tintindex": 0},
				"west": {"uv": [0, 0, 0, 16], "texture": "#missing"},
				"up": {"uv": [0, 0, 3, 0], "texture": "#missing"},
				"down": {"uv": [0, 0, 3, 0], "texture": "#missing"}
			}
		},
		{
			"from": [2.35757, 0, 16.93431],
			"to": [6.35757, 18, 16.93431],
			"rotation": {"angle": -45, "axis": "y", "origin": [7.35757, 9, 12.93431]},
			"faces": {
				"north": {"uv": [11, 7, 13, 16], "texture": "#0", "tintindex": 0},
				"east": {"uv": [0, 0, 0, 16], "texture": "#missing"},
				"south": {"uv": [11, 7, 13, 16], "texture": "#0", "tintindex": 0},
				"west": {"uv": [0, 0, 0, 16], "texture": "#missing"},
				"up": {"uv": [0, 0, 3, 0], "texture": "#missing"},
				"down": {"uv": [0, 0, 3, 0], "texture": "#missing"}
			}
		},
		{
			"from": [6, -1, -1],
			"to": [10, 17, -1],
			"rotation": {"angle": -22.5, "axis": "x", "origin": [2, 9, 0]},
			"faces": {
				"north": {"uv": [14, 7, 16, 16], "texture": "#0", "tintindex": 0},
				"east": {"uv": [0, 0, 0, 16], "texture": "#missing"},
				"south": {"uv": [14, 7, 16, 16], "texture": "#0", "tintindex": 0},
				"west": {"uv": [0, 0, 0, 16], "texture": "#missing"},
				"up": {"uv": [0, 0, 3, 0], "texture": "#missing"},
				"down": {"uv": [0, 0, 3, 0], "texture": "#missing"}
			}
		},
		{
			"from": [15, 4, 6],
			"to": [15, 22, 10],
			"rotation": {"angle": -22.5, "axis": "z", "origin": [2, 9, 0]},
			"faces": {
				"north": {"uv": [0, 0, 0, 16], "texture": "#missing"},
				"east": {"uv": [14, 7, 16, 16], "texture": "#0", "tintindex": 0},
				"south": {"uv": [0, 0, 0, 16], "texture": "#missing"},
				"west": {"uv": [14, 7, 16, 16], "texture": "#0", "tintindex": 0},
				"up": {"uv": [0, 0, 3, 0], "rotation": 90, "texture": "#missing"},
				"down": {"uv": [0, 0, 3, 0], "rotation": 270, "texture": "#missing"}
			}
		},
		{
			"from": [8, 5, 15],
			"to": [12, 23, 15],
			"rotation": {"angle": 22.5, "axis": "x", "origin": [2, 9, 0]},
			"faces": {
				"north": {"uv": [14, 7, 16, 16], "texture": "#0", "tintindex": 0},
				"east": {"uv": [0, 0, 0, 16], "texture": "#missing"},
				"south": {"uv": [14, 7, 16, 16], "texture": "#0", "tintindex": 0},
				"west": {"uv": [0, 0, 0, 16], "texture": "#missing"},
				"up": {"uv": [0, 0, 3, 0], "texture": "#missing"},
				"down": {"uv": [0, 0, 3, 0], "texture": "#missing"}
			}
		},
		{
			"from": [8, 19.20182, 6.05374],
			"to": [11, 22.20182, 6.05374],
			"rotation": {"angle": 22.5, "axis": "x", "origin": [9.5, 20.70182, 6.05374]},
			"faces": {
				"north": {"uv": [11, 0, 14, 3], "rotation": 180, "texture": "#1"},
				"east": {"uv": [0, 0, 3, 0], "rotation": 90, "texture": "#missing"},
				"south": {"uv": [11, 0, 14, 3], "texture": "#1"},
				"west": {"uv": [0, 0, 3, 0], "rotation": 270, "texture": "#missing"},
				"up": {"uv": [0, 0, 3, 0], "texture": "#missing"},
				"down": {"uv": [0, 0, 3, 0], "rotation": 180, "texture": "#missing"}
			}
		},
		{
			"from": [8, 6.2675, 0.69617],
			"to": [11, 9.2675, 0.69617],
			"rotation": {"angle": 0, "axis": "x", "origin": [9.5, 7.7675, 0.69617]},
			"faces": {
				"north": {"uv": [11, 0, 14, 3], "rotation": 180, "texture": "#1"},
				"east": {"uv": [0, 0, 3, 0], "rotation": 90, "texture": "#1"},
				"south": {"uv": [11, 0, 14, 3], "texture": "#1"},
				"west": {"uv": [0, 0, 3, 0], "rotation": 270, "texture": "#1"},
				"up": {"uv": [0, 0, 3, 0], "texture": "#1"},
				"down": {"uv": [0, 0, 3, 0], "rotation": 180, "texture": "#1"}
			}
		},
		{
			"from": [3, 17.2675, 0.69617],
			"to": [6, 20.2675, 0.69617],
			"rotation": {"angle": 22.5, "axis": "x", "origin": [3.5, 18.7675, 0.69617]},
			"faces": {
				"north": {"uv": [11, 0, 14, 3], "rotation": 180, "texture": "#1"},
				"east": {"uv": [0, 0, 3, 0], "rotation": 90, "texture": "#1"},
				"south": {"uv": [11, 0, 14, 3], "texture": "#1"},
				"west": {"uv": [0, 0, 3, 0], "rotation": 270, "texture": "#1"},
				"up": {"uv": [0, 0, 3, 0], "texture": "#1"},
				"down": {"uv": [0, 0, 3, 0], "rotation": 180, "texture": "#1"}
			}
		},
		{
			"from": [12.5, 17.2675, 5.19617],
			"to": [12.5, 20.2675, 8.19617],
			"rotation": {"angle": 22.5, "axis": "y", "origin": [3.5, 18.7675, 0.69617]},
			"faces": {
				"north": {"uv": [0, 0, 3, 0], "rotation": 270, "texture": "#1"},
				"east": {"uv": [11, 0, 14, 3], "rotation": 180, "texture": "#1"},
				"south": {"uv": [0, 0, 3, 0], "rotation": 90, "texture": "#1"},
				"west": {"uv": [11, 0, 14, 3], "texture": "#1"},
				"up": {"uv": [0, 0, 3, 0], "rotation": 90, "texture": "#1"},
				"down": {"uv": [0, 0, 3, 0], "rotation": 90, "texture": "#1"}
			}
		},
		{
			"from": [3, 11.52725, 14.55436],
			"to": [6, 14.52725, 14.55436],
			"rotation": {"angle": 0, "axis": "x", "origin": [4.5, 13.02725, 14.55436]},
			"faces": {
				"north": {"uv": [11, 0, 14, 3], "rotation": 180, "texture": "#1"},
				"east": {"uv": [0, 0, 3, 0], "rotation": 90, "texture": "#1"},
				"south": {"uv": [11, 0, 14, 3], "texture": "#1"},
				"west": {"uv": [0, 0, 3, 0], "rotation": 270, "texture": "#1"},
				"up": {"uv": [0, 0, 3, 0], "texture": "#1"},
				"down": {"uv": [0, 0, 3, 0], "rotation": 180, "texture": "#1"}
			}
		},
		{
			"from": [9, 19.52725, 14.55436],
			"to": [12, 22.52725, 14.55436],
			"rotation": {"angle": -22.5, "axis": "x", "origin": [10.5, 21.02725, 14.55436]},
			"faces": {
				"north": {"uv": [11, 0, 14, 3], "rotation": 180, "texture": "#1"},
				"east": {"uv": [0, 0, 3, 0], "rotation": 90, "texture": "#1"},
				"south": {"uv": [11, 0, 14, 3], "texture": "#1"},
				"west": {"uv": [0, 0, 3, 0], "rotation": 270, "texture": "#1"},
				"up": {"uv": [0, 0, 3, 0], "texture": "#1"},
				"down": {"uv": [0, 0, 3, 0], "rotation": 180, "texture": "#1"}
			}
		},
		{
			"from": [0.5, 5.53774, 8.02509],
			"to": [0.5, 8.53774, 11.02509],
			"rotation": {"angle": 0, "axis": "y", "origin": [0.5, 7.03774, 9.52509]},
			"faces": {
				"north": {"uv": [0, 0, 3, 0], "rotation": 270, "texture": "#1"},
				"east": {"uv": [11, 0, 14, 3], "rotation": 180, "texture": "#1"},
				"south": {"uv": [0, 0, 3, 0], "rotation": 90, "texture": "#1"},
				"west": {"uv": [11, 0, 14, 3], "texture": "#1"},
				"up": {"uv": [0, 0, 3, 0], "rotation": 90, "texture": "#1"},
				"down": {"uv": [0, 0, 3, 0], "rotation": 90, "texture": "#1"}
			}
		},
		{
			"from": [4, 23.53774, 8.52509],
			"to": [7, 26.53774, 8.52509],
			"rotation": {"angle": 45, "axis": "y", "origin": [5.5, 25.03774, 9.52509]},
			"faces": {
				"north": {"uv": [11, 0, 14, 3], "texture": "#1"},
				"east": {"uv": [0, 0, 3, 0], "rotation": 270, "texture": "#1"},
				"south": {"uv": [11, 0, 14, 3], "rotation": 180, "texture": "#1"},
				"west": {"uv": [0, 0, 3, 0], "rotation": 90, "texture": "#1"},
				"up": {"uv": [0, 0, 3, 0], "rotation": 180, "texture": "#1"},
				"down": {"uv": [0, 0, 3, 0], "texture": "#1"}
			}
		}
	],
	"groups": [
		{
			"name": "1",
			"origin": [2, 9, 0],
			"children": [0, 1, 2, 3, 4, 5, 6, 7, 8, 9, 10, 11]
		}, 12, 13, 14, 15, 16, 17, 18, 19]
}