{
	"credit": "Made with Blockbench",
	"ambientocclusion": false,
	"textures": {
		"0": "block/grass/tall_grass",
		"1": "block/grass/grass_cyperaceae_flower",
		"particle": "block/grass/tall_grass"
	},
	"elements": [
		{
			"from": [0, 0, 8],
			"to": [16, 32, 8],
			"rotation": {"angle": 22.5, "axis": "y", "origin": [8, 16, 8]},
			"faces": {
				"north": {"uv": [0, 0, 8, 16], "texture": "#0", "tintindex": 0},
				"east": {"uv": [0, 0, 0, 16], "texture": "#missing"},
				"south": {"uv": [0, 0, 8, 16], "texture": "#0", "tintindex": 0},
				"west": {"uv": [0, 0, 0, 16], "texture": "#missing"},
				"up": {"uv": [0, 0, 16, 0], "texture": "#missing"},
				"down": {"uv": [0, 0, 16, 0], "texture": "#missing"}
			}
		},
		{
			"from": [8, 0, 0],
			"to": [8, 32, 16],
			"rotation": {"angle": 22.5, "axis": "y", "origin": [8, 16, 8]},
			"faces": {
				"north": {"uv": [0, 0, 0, 16], "texture": "#missing"},
				"east": {"uv": [0, 0, 8, 16], "texture": "#0", "tintindex": 0},
				"south": {"uv": [0, 0, 0, 16], "texture": "#missing"},
				"west": {"uv": [0, 0, 8, 16], "texture": "#0", "tintindex": 0},
				"up": {"uv": [0, 0, 16, 0], "rotation": 270, "texture": "#missing"},
				"down": {"uv": [0, 0, 16, 0], "rotation": 90, "texture": "#missing"}
			}
		},
		{
			"from": [1, -9, 1],
			"to": [1, 23, 17],
			"rotation": {"angle": 0, "axis": "z", "origin": [8, 7, 8]},
			"faces": {
				"north": {"uv": [0, 0, 0, 16], "texture": "#missing"},
				"east": {"uv": [0, 0, 8, 16], "texture": "#0", "tintindex": 0},
				"south": {"uv": [0, 0, 0, 16], "texture": "#missing"},
				"west": {"uv": [0, 0, 8, 16], "texture": "#0", "tintindex": 0},
				"up": {"uv": [0, 0, 16, 0], "rotation": 270, "texture": "#missing"},
				"down": {"uv": [0, 0, 16, 0], "rotation": 90, "texture": "#missing"}
			}
		},
		{
			"from": [14, -9, 0],
			"to": [14, 23, 16],
			"rotation": {"angle": 0, "axis": "z", "origin": [8, 7, 8]},
			"faces": {
				"north": {"uv": [0, 0, 0, 16], "texture": "#missing"},
				"east": {"uv": [0, 0, 8, 16], "texture": "#0", "tintindex": 0},
				"south": {"uv": [0, 0, 0, 16], "texture": "#missing"},
				"west": {"uv": [0, 0, 8, 16], "texture": "#0", "tintindex": 0},
				"up": {"uv": [0, 0, 16, 0], "rotation": 270, "texture": "#missing"},
				"down": {"uv": [0, 0, 16, 0], "rotation": 90, "texture": "#missing"}
			}
		},
		{
			"from": [0, -9, 14],
			"to": [16, 23, 14],
			"rotation": {"angle": 0, "axis": "x", "origin": [8, 7, 8]},
			"faces": {
				"north": {"uv": [0, 0, 8, 16], "texture": "#0", "tintindex": 0},
				"east": {"uv": [0, 0, 0, 16], "texture": "#missing"},
				"south": {"uv": [0, 0, 8, 16], "texture": "#0", "tintindex": 0},
				"west": {"uv": [0, 0, 0, 16], "texture": "#missing"},
				"up": {"uv": [0, 0, 16, 0], "texture": "#missing"},
				"down": {"uv": [0, 0, 16, 0], "texture": "#missing"}
			}
		},
		{
			"from": [0, -9, 1],
			"to": [16, 23, 1],
			"rotation": {"angle": 0, "axis": "x", "origin": [8, 7, 8]},
			"faces": {
				"north": {"uv": [0, 0, 8, 16], "texture": "#0", "tintindex": 0},
				"east": {"uv": [0, 0, 0, 16], "texture": "#missing"},
				"south": {"uv": [0, 0, 8, 16], "texture": "#0", "tintindex": 0},
				"west": {"uv": [0, 0, 0, 16], "texture": "#missing"},
				"up": {"uv": [0, 0, 16, 0], "texture": "#missing"},
				"down": {"uv": [0, 0, 16, 0], "texture": "#missing"}
			}
		},
		{
			"from": [0, 0, 3],
			"to": [4, 18, 3],
			"rotation": {"angle": 22.5, "axis": "y", "origin": [2, 9, 0]},
			"faces": {
				"north": {"uv": [11, 7, 13, 16], "texture": "#0", "tintindex": 0},
				"east": {"uv": [0, 0, 0, 16], "texture": "#missing"},
				"south": {"uv": [11, 7, 13, 16], "texture": "#0", "tintindex": 0},
				"west": {"uv": [0, 0, 0, 16], "texture": "#missing"},
				"up": {"uv": [0, 0, 3, 0], "texture": "#missing"},
				"down": {"uv": [0, 0, 3, 0], "texture": "#missing"}
			}
		},
		{
			"from": [7, 0, 6],
			"to": [11, 18, 6],
			"rotation": {"angle": 22.5, "axis": "y", "origin": [2, 9, 0]},
			"faces": {
				"north": {"uv": [11, 7, 13, 16], "texture": "#0", "tintindex": 0},
				"east": {"uv": [0, 0, 0, 16], "texture": "#missing"},
				"south": {"uv": [11, 7, 13, 16], "texture": "#0", "tintindex": 0},
				"west": {"uv": [0, 0, 0, 16], "texture": "#missing"},
				"up": {"uv": [0, 0, 3, 0], "texture": "#missing"},
				"down": {"uv": [0, 0, 3, 0], "texture": "#missing"}
			}
		},
		{
			"from": [2.35757, 0, 16.93431],
			"to": [6.35757, 18, 16.93431],
			"rotation": {"angle": -45, "axis": "y", "origin": [7.35757, 9, 12.93431]},
			"faces": {
				"north": {"uv": [11, 7, 13, 16], "texture": "#0", "tintindex": 0},
				"east": {"uv": [0, 0, 0, 16], "texture": "#missing"},
				"south": {"uv": [11, 7, 13, 16], "texture": "#0", "tintindex": 0},
				"west": {"uv": [0, 0, 0, 16], "texture": "#missing"},
				"up": {"uv": [0, 0, 3, 0], "texture": "#missing"},
				"down": {"uv": [0, 0, 3, 0], "texture": "#missing"}
			}
		},
		{
			"from": [6, -1, -1],
			"to": [10, 17, -1],
			"rotation": {"angle": -22.5, "axis": "x", "origin": [2, 9, 0]},
			"faces": {
				"north": {"uv": [14, 7, 16, 16], "texture": "#0", "tintindex": 0},
				"east": {"uv": [0, 0, 0, 16], "texture": "#missing"},
				"south": {"uv": [14, 7, 16, 16], "texture": "#0", "tintindex": 0},
				"west": {"uv": [0, 0, 0, 16], "texture": "#missing"},
				"up": {"uv": [0, 0, 3, 0], "texture": "#missing"},
				"down": {"uv": [0, 0, 3, 0], "texture": "#missing"}
			}
		},
		{
			"from": [15, 4, 6],
			"to": [15, 22, 10],
			"rotation": {"angle": -22.5, "axis": "z", "origin": [2, 9, 0]},
			"faces": {
				"north": {"uv": [0, 0, 0, 16], "texture": "#missing"},
				"east": {"uv": [14, 7, 16, 16], "texture": "#0", "tintindex": 0},
				"south": {"uv": [0, 0, 0, 16], "texture": "#missing"},
				"west": {"uv": [14, 7, 16, 16], "texture": "#0", "tintindex": 0},
				"up": {"uv": [0, 0, 3, 0], "rotation": 90, "texture": "#missing"},
				"down": {"uv": [0, 0, 3, 0], "rotation": 270, "texture": "#missing"}
			}
		},
		{
			"from": [8, 5, 15],
			"to": [12, 23, 15],
			"rotation": {"angle": 22.5, "axis": "x", "origin": [2, 9, 0]},
			"faces": {
				"north": {"uv": [14, 7, 16, 16], "texture": "#0", "tintindex": 0},
				"east": {"uv": [0, 0, 0, 16], "texture": "#missing"},
				"south": {"uv": [14, 7, 16, 16], "texture": "#0", "tintindex": 0},
				"west": {"uv": [0, 0, 0, 16], "texture": "#missing"},
				"up": {"uv": [0, 0, 3, 0], "texture": "#missing"},
				"down": {"uv": [0, 0, 3, 0], "texture": "#missing"}
			}
		},
		{
			"from": [6, 0, 11],
			"to": [7, 28, 12],
			"faces": {
				"north": {"uv": [9, 0, 10, 16], "texture": "#0", "tintindex": 0},
				"east": {"uv": [9, 0, 10, 16], "texture": "#0", "tintindex": 0},
				"south": {"uv": [9, 0, 10, 16], "texture": "#0", "tintindex": 0},
				"west": {"uv": [9, 0, 10, 16], "texture": "#0", "tintindex": 0},
				"up": {"uv": [0, 0, 1, 1], "texture": "#missing"},
				"down": {"uv": [9, 10, 10, 11], "texture": "#0", "tintindex": 0}
			}
		},
		{
			"from": [5, 27, 10],
			"to": [8, 30, 13],
			"rotation": {"angle": 0, "axis": "y", "origin": [8, 35, 18]},
			"faces": {
				"north": {"uv": [8, 1, 11, 4], "texture": "#1"},
				"east": {"uv": [8, 1, 11, 4], "texture": "#1"},
				"south": {"uv": [8, 1, 11, 4], "texture": "#1"},
				"west": {"uv": [8, 1, 11, 4], "texture": "#1"},
				"up": {"uv": [8, 1, 11, 4], "texture": "#1"},
				"down": {"uv": [8, 1, 11, 4], "texture": "#1"}
			}
		},
		{
			"from": [6, 30, 11],
			"to": [7, 31, 12],
			"rotation": {"angle": 0, "axis": "y", "origin": [8, 35, 18]},
			"faces": {
				"north": {"uv": [9, 0, 10, 1], "texture": "#1"},
				"east": {"uv": [9, 0, 10, 1], "texture": "#1"},
				"south": {"uv": [9, 0, 10, 1], "texture": "#1"},
				"west": {"uv": [9, 0, 10, 1], "texture": "#1"},
				"up": {"uv": [9, 0, 10, 1], "texture": "#1"},
				"down": {"uv": [9, 0, 10, 1], "texture": "#1"}
			}
		}
	]
}