{
	"credit": "Made with Blockbench",
	"ambientocclusion": false,
	"textures": {
		"0": "block/azure/adina1",
		"1": "block/azure/adina2",
		"particle": "block/azure/adina1"
	},
	"elements": [
		{
			"from": [8, 10, 8],
			"to": [9, 11, 9],
			"rotation": {"angle": 0, "axis": "y", "origin": [8, 11, 9]},
			"faces": {
				"north": {"uv": [11, 0, 16, 5], "texture": "#0"},
				"east": {"uv": [11, 0, 16, 5], "texture": "#0"},
				"south": {"uv": [11, 0, 16, 5], "texture": "#0"},
				"west": {"uv": [11, 0, 16, 5], "texture": "#0"},
				"up": {"uv": [11, 0, 16, 5], "texture": "#0"},
				"down": {"uv": [11, 0, 16, 5], "texture": "#0"}
			}
		},
		{
			"from": [5, 7, 9],
			"to": [12, 14, 9],
			"rotation": {"angle": 0, "axis": "y", "origin": [8, 11, 9]},
			"faces": {
				"north": {"uv": [0, 0, 16, 16], "texture": "#1"},
				"east": {"uv": [0, 0, 0, 8], "texture": "#missing"},
				"south": {"uv": [0, 0, 16, 16], "texture": "#1"},
				"west": {"uv": [0, 0, 0, 8], "texture": "#missing"},
				"up": {"uv": [0, 0, 8, 0], "texture": "#missing"},
				"down": {"uv": [0, 0, 8, 0], "texture": "#missing"}
			}
		},
		{
			"from": [8, 7, 5],
			"to": [8, 14, 12],
			"rotation": {"angle": 22.5, "axis": "y", "origin": [8, 11, 9]},
			"faces": {
				"north": {"uv": [0, 0, 0, 8], "texture": "#1"},
				"east": {"uv": [0, 0, 16, 16], "texture": "#1"},
				"south": {"uv": [0, 0, 0, 8], "texture": "#1"},
				"west": {"uv": [0, 0, 16, 16], "texture": "#1"},
				"up": {"uv": [0, 0, 8, 0], "rotation": 270, "texture": "#1"},
				"down": {"uv": [0, 0, 8, 0], "rotation": 90, "texture": "#1"}
			}
		},
		{
			"from": [5, 7, 9],
			"to": [12, 14, 9],
			"rotation": {"angle": 22.5, "axis": "y", "origin": [8, 11, 9]},
			"faces": {
				"north": {"uv": [0, 0, 16, 16], "texture": "#1"},
				"east": {"uv": [0, 0, 0, 8], "texture": "#1"},
				"south": {"uv": [0, 0, 16, 16], "texture": "#1"},
				"west": {"uv": [0, 0, 0, 8], "texture": "#1"},
				"up": {"uv": [0, 0, 8, 0], "texture": "#1"},
				"down": {"uv": [0, 0, 8, 0], "texture": "#1"}
			}
		},
		{
			"from": [8, 7, 5],
			"to": [8, 14, 12],
			"rotation": {"angle": 0, "axis": "y", "origin": [8, 11, 9]},
			"faces": {
				"north": {"uv": [0, 0, 0, 8], "texture": "#1"},
				"east": {"uv": [0, 0, 16, 16], "texture": "#1"},
				"south": {"uv": [0, 0, 0, 8], "texture": "#1"},
				"west": {"uv": [0, 0, 16, 16], "texture": "#1"},
				"up": {"uv": [0, 0, 8, 0], "rotation": 270, "texture": "#1"},
				"down": {"uv": [0, 0, 8, 0], "rotation": 90, "texture": "#1"}
			}
		},
		{
			"from": [5, 7, 9],
			"to": [12, 14, 9],
			"rotation": {"angle": 45, "axis": "y", "origin": [8, 11, 9]},
			"faces": {
				"north": {"uv": [0, 0, 16, 16], "texture": "#1"},
				"east": {"uv": [0, 0, 0, 8], "texture": "#1"},
				"south": {"uv": [0, 0, 16, 16], "texture": "#1"},
				"west": {"uv": [0, 0, 0, 8], "texture": "#1"},
				"up": {"uv": [0, 0, 8, 0], "texture": "#1"},
				"down": {"uv": [0, 0, 8, 0], "texture": "#1"}
			}
		},
		{
			"from": [5, 11, 5],
			"to": [12, 11, 12],
			"rotation": {"angle": 0, "axis": "z", "origin": [8, 11, 9]},
			"faces": {
				"north": {"uv": [0, 0, 0, 8], "rotation": 270, "texture": "#1"},
				"east": {"uv": [0, 0, 8, 0], "texture": "#1"},
				"south": {"uv": [0, 0, 0, 8], "rotation": 90, "texture": "#1"},
				"west": {"uv": [0, 0, 8, 0], "rotation": 180, "texture": "#1"},
				"up": {"uv": [0, 0, 16, 16], "rotation": 90, "texture": "#1"},
				"down": {"uv": [0, 0, 16, 16], "rotation": 90, "texture": "#1"}
			}
		},
		{
			"from": [5, 7, 9],
			"to": [12, 14, 9],
			"rotation": {"angle": 0, "axis": "z", "origin": [8, 11, 9]},
			"faces": {
				"north": {"uv": [0, 0, 16, 16], "rotation": 270, "texture": "#1"},
				"east": {"uv": [0, 0, 8, 0], "rotation": 90, "texture": "#1"},
				"south": {"uv": [0, 0, 16, 16], "rotation": 90, "texture": "#1"},
				"west": {"uv": [0, 0, 8, 0], "rotation": 90, "texture": "#1"},
				"up": {"uv": [0, 0, 0, 8], "rotation": 90, "texture": "#1"},
				"down": {"uv": [0, 0, 0, 8], "rotation": 90, "texture": "#1"}
			}
		},
		{
			"from": [5, 11, 5],
			"to": [12, 11, 12],
			"rotation": {"angle": 45, "axis": "z", "origin": [8, 11, 9]},
			"faces": {
				"north": {"uv": [0, 0, 0, 8], "rotation": 270, "texture": "#1"},
				"east": {"uv": [0, 0, 8, 0], "texture": "#1"},
				"south": {"uv": [0, 0, 0, 8], "rotation": 90, "texture": "#1"},
				"west": {"uv": [0, 0, 8, 0], "rotation": 180, "texture": "#1"},
				"up": {"uv": [0, 0, 16, 16], "rotation": 90, "texture": "#1"},
				"down": {"uv": [0, 0, 16, 16], "rotation": 90, "texture": "#1"}
			}
		},
		{
			"from": [5, 7, 9],
			"to": [12, 14, 9],
			"rotation": {"angle": 45, "axis": "z", "origin": [8, 11, 9]},
			"faces": {
				"north": {"uv": [0, 0, 16, 16], "rotation": 270, "texture": "#1"},
				"east": {"uv": [0, 0, 8, 0], "rotation": 90, "texture": "#1"},
				"south": {"uv": [0, 0, 16, 16], "rotation": 90, "texture": "#1"},
				"west": {"uv": [0, 0, 8, 0], "rotation": 90, "texture": "#1"},
				"up": {"uv": [0, 0, 0, 8], "rotation": 90, "texture": "#1"},
				"down": {"uv": [0, 0, 0, 8], "rotation": 90, "texture": "#1"}
			}
		},
		{
			"from": [7, 9, 7],
			"to": [10, 12, 10],
			"rotation": {"angle": 45, "axis": "z", "origin": [8, 11, 9]},
			"faces": {
				"north": {"uv": [11, 0, 16, 5], "rotation": 270, "texture": "#1"},
				"east": {"uv": [11, 0, 16, 5], "rotation": 90, "texture": "#1"},
				"south": {"uv": [11, 0, 16, 5], "rotation": 90, "texture": "#1"},
				"west": {"uv": [11, 0, 16, 5], "rotation": 90, "texture": "#1"},
				"up": {"uv": [11, 0, 16, 5], "rotation": 90, "texture": "#1"},
				"down": {"uv": [11, 0, 16, 5], "rotation": 90, "texture": "#1"}
			}
		},
		{
			"from": [5, 7, 9],
			"to": [12, 14, 9],
			"rotation": {"angle": 45, "axis": "z", "origin": [8, 11, 9]},
			"faces": {
				"north": {"uv": [0, 0, 16, 16], "rotation": 270, "texture": "#1"},
				"east": {"uv": [0, 0, 8, 0], "rotation": 270, "texture": "#1"},
				"south": {"uv": [0, 0, 16, 16], "rotation": 90, "texture": "#1"},
				"west": {"uv": [0, 0, 8, 0], "rotation": 270, "texture": "#1"},
				"up": {"uv": [0, 0, 0, 8], "rotation": 90, "texture": "#1"},
				"down": {"uv": [0, 0, 0, 8], "rotation": 90, "texture": "#1"}
			}
		},
		{
			"from": [5, 11, 5],
			"to": [12, 11, 12],
			"rotation": {"angle": 45, "axis": "z", "origin": [8, 11, 9]},
			"faces": {
				"north": {"uv": [0, 0, 0, 8], "rotation": 270, "texture": "#1"},
				"east": {"uv": [0, 0, 8, 0], "texture": "#1"},
				"south": {"uv": [0, 0, 0, 8], "rotation": 90, "texture": "#1"},
				"west": {"uv": [0, 0, 8, 0], "rotation": 180, "texture": "#1"},
				"up": {"uv": [0, 0, 16, 16], "rotation": 90, "texture": "#1"},
				"down": {"uv": [0, 0, 16, 16], "rotation": 90, "texture": "#1"}
			}
		},
		{
			"from": [5, 11, 5],
			"to": [12, 11, 12],
			"rotation": {"angle": 45, "axis": "z", "origin": [8, 11, 9]},
			"faces": {
				"north": {"uv": [0, 0, 0, 8], "rotation": 270, "texture": "#1"},
				"east": {"uv": [0, 0, 8, 0], "texture": "#1"},
				"south": {"uv": [0, 0, 0, 8], "rotation": 90, "texture": "#1"},
				"west": {"uv": [0, 0, 8, 0], "rotation": 180, "texture": "#1"},
				"up": {"uv": [0, 0, 16, 16], "rotation": 90, "texture": "#1"},
				"down": {"uv": [0, 0, 16, 16], "rotation": 90, "texture": "#1"}
			}
		},
		{
			"from": [5, 7, 9],
			"to": [12, 14, 9],
			"rotation": {"angle": 45, "axis": "z", "origin": [8, 11, 9]},
			"faces": {
				"north": {"uv": [0, 0, 16, 16], "rotation": 270, "texture": "#1"},
				"east": {"uv": [0, 0, 8, 0], "rotation": 90, "texture": "#1"},
				"south": {"uv": [0, 0, 16, 16], "rotation": 90, "texture": "#1"},
				"west": {"uv": [0, 0, 8, 0], "rotation": 90, "texture": "#1"},
				"up": {"uv": [0, 0, 0, 8], "rotation": 90, "texture": "#1"},
				"down": {"uv": [0, 0, 0, 8], "rotation": 90, "texture": "#1"}
			}
		},
		{
			"from": [8, 7, 5],
			"to": [8, 14, 12],
			"rotation": {"angle": 45, "axis": "z", "origin": [8, 11, 9]},
			"faces": {
				"north": {"uv": [0, 0, 0, 8], "texture": "#1"},
				"east": {"uv": [0, 0, 16, 16], "texture": "#1"},
				"south": {"uv": [0, 0, 0, 8], "texture": "#1"},
				"west": {"uv": [0, 0, 16, 16], "texture": "#1"},
				"up": {"uv": [0, 0, 8, 0], "rotation": 270, "texture": "#1"},
				"down": {"uv": [0, 0, 8, 0], "rotation": 90, "texture": "#1"}
			}
		},
		{
			"from": [8, 7, 5],
			"to": [8, 14, 12],
			"rotation": {"angle": 45, "axis": "z", "origin": [8, 11, 9]},
			"faces": {
				"north": {"uv": [0, 0, 0, 8], "texture": "#1"},
				"east": {"uv": [0, 0, 16, 16], "texture": "#1"},
				"south": {"uv": [0, 0, 0, 8], "texture": "#1"},
				"west": {"uv": [0, 0, 16, 16], "texture": "#1"},
				"up": {"uv": [0, 0, 8, 0], "rotation": 270, "texture": "#1"},
				"down": {"uv": [0, 0, 8, 0], "rotation": 90, "texture": "#1"}
			}
		},
		{
			"from": [5, 7, 9],
			"to": [12, 14, 9],
			"rotation": {"angle": 45, "axis": "z", "origin": [8, 11, 9]},
			"faces": {
				"north": {"uv": [0, 0, 16, 16], "texture": "#1"},
				"east": {"uv": [0, 0, 0, 8], "texture": "#1"},
				"south": {"uv": [0, 0, 16, 16], "texture": "#1"},
				"west": {"uv": [0, 0, 0, 8], "texture": "#1"},
				"up": {"uv": [0, 0, 8, 0], "rotation": 180, "texture": "#1"},
				"down": {"uv": [0, 0, 8, 0], "rotation": 180, "texture": "#1"}
			}
		},
		{
			"from": [9, 0, 4],
			"to": [9, 6, 13],
			"rotation": {"angle": 0, "axis": "y", "origin": [11, 8, 10]},
			"faces": {
				"north": {"uv": [0, 0, 0, 6], "texture": "#0"},
				"east": {"uv": [9, 0, 0, 6], "texture": "#0"},
				"south": {"uv": [0, 0, 0, 6], "texture": "#0"},
				"west": {"uv": [0, 0, 9, 6], "texture": "#0"},
				"up": {"uv": [0, 0, 0, 9], "texture": "#0"},
				"down": {"uv": [0, 0, 0, 9], "texture": "#0"}
			}
		},
		{
			"from": [9, 0, 4],
			"to": [9, 6, 13],
			"rotation": {"angle": -45, "axis": "y", "origin": [9, 3, 8.5]},
			"faces": {
				"north": {"uv": [0, 0, 0, 6], "texture": "#0"},
				"east": {"uv": [9, 0, 0, 6], "texture": "#0"},
				"south": {"uv": [0, 0, 0, 6], "texture": "#0"},
				"west": {"uv": [0, 0, 9, 6], "texture": "#0"},
				"up": {"uv": [0, 0, 0, 9], "texture": "#0"},
				"down": {"uv": [0, 0, 0, 9], "texture": "#0"}
			}
		},
		{
			"from": [4.5, 0, 8.5],
			"to": [13.5, 6, 8.5],
			"rotation": {"angle": -22.5, "axis": "y", "origin": [9, 3, 8.5]},
			"faces": {
				"north": {"uv": [9, 0, 0, 6], "texture": "#0"},
				"east": {"uv": [0, 0, 0, 6], "texture": "#0"},
				"south": {"uv": [0, 0, 9, 6], "texture": "#0"},
				"west": {"uv": [0, 0, 0, 6], "texture": "#0"},
				"up": {"uv": [0, 0, 0, 9], "rotation": 90, "texture": "#0"},
				"down": {"uv": [0, 0, 0, 9], "rotation": 270, "texture": "#0"}
			}
		},
		{
			"from": [8.1, 2, 8.3],
			"to": [8.6, 10, 8.8],
			"faces": {
				"north": {"uv": [10, 0, 11, 7], "texture": "#0"},
				"east": {"uv": [10, 0, 11, 7], "texture": "#0"},
				"south": {"uv": [10, 0, 11, 7], "texture": "#0"},
				"west": {"uv": [10, 0, 11, 7], "texture": "#0"},
				"up": {"uv": [10, 0, 11, 1], "texture": "#0"},
				"down": {"uv": [10, 0, 11, 1], "texture": "#0"}
			}
		}
	],
	"groups": [
		{
			"name": "1",
			"origin": [8, 8, 8],
			"children": [0, 1, 2, 3, 4, 5, 6, 7, 8, 9, 10, 11, 12, 13, 14, 15, 16, 17]
		}, 18, 19, 20, 21]
}