{
	"credit": "Made with Blockbench",
	"ambientocclusion": false,
	"textures": {
		"0": "block/azure/gardenia",
		"particle": "block/azure/gardenia"
	},
	"elements": [
		{
			"from": [6, 7, 2],
			"to": [11, 7, 7],
			"rotation": {"angle": 22.5, "axis": "x", "origin": [8.5, 7, 7.5]},
			"faces": {
				"north": {"uv": [0, 0, 5, 0], "texture": "#missing"},
				"east": {"uv": [0, 0, 5, 0], "texture": "#missing"},
				"south": {"uv": [0, 0, 5, 0], "texture": "#missing"},
				"west": {"uv": [0, 0, 5, 0], "texture": "#missing"},
				"up": {"uv": [0, 0, 5, 5], "texture": "#0"},
				"down": {"uv": [5, 5, 0, 0], "texture": "#0"}
			}
		},
		{
			"from": [9, 7, 5],
			"to": [14, 7, 10],
			"rotation": {"angle": 22.5, "axis": "z", "origin": [8.5, 7, 7.5]},
			"faces": {
				"north": {"uv": [0, 0, 5, 0], "texture": "#0"},
				"east": {"uv": [0, 0, 5, 0], "texture": "#0"},
				"south": {"uv": [0, 0, 5, 0], "texture": "#0"},
				"west": {"uv": [0, 0, 5, 0], "texture": "#0"},
				"up": {"uv": [0, 0, 5, 5], "rotation": 90, "texture": "#0"},
				"down": {"uv": [5, 5, 0, 0], "rotation": 270, "texture": "#0"}
			}
		},
		{
			"from": [6, 7, 8],
			"to": [11, 7, 13],
			"rotation": {"angle": -22.5, "axis": "x", "origin": [8.5, 7, 7.5]},
			"faces": {
				"north": {"uv": [0, 0, 5, 0], "texture": "#0"},
				"east": {"uv": [0, 0, 5, 0], "texture": "#0"},
				"south": {"uv": [0, 0, 5, 0], "texture": "#0"},
				"west": {"uv": [0, 0, 5, 0], "texture": "#0"},
				"up": {"uv": [0, 0, 5, 5], "rotation": 180, "texture": "#0"},
				"down": {"uv": [5, 5, 0, 0], "rotation": 180, "texture": "#0"}
			}
		},
		{
			"from": [3, 7, 5],
			"to": [8, 7, 10],
			"rotation": {"angle": -22.5, "axis": "z", "origin": [8.5, 7, 7.5]},
			"faces": {
				"north": {"uv": [0, 0, 5, 0], "texture": "#0"},
				"east": {"uv": [0, 0, 5, 0], "texture": "#0"},
				"south": {"uv": [0, 0, 5, 0], "texture": "#0"},
				"west": {"uv": [0, 0, 5, 0], "texture": "#0"},
				"up": {"uv": [0, 0, 5, 5], "rotation": 270, "texture": "#0"},
				"down": {"uv": [5, 5, 0, 0], "rotation": 90, "texture": "#0"}
			}
		},
		{
			"from": [6, 7, 8],
			"to": [11, 7, 13],
			"rotation": {"angle": 45, "axis": "y", "origin": [8.5, 7, 7.5]},
			"faces": {
				"north": {"uv": [0, 0, 5, 0], "texture": "#0"},
				"east": {"uv": [0, 0, 5, 0], "texture": "#0"},
				"south": {"uv": [0, 0, 5, 0], "texture": "#0"},
				"west": {"uv": [0, 0, 5, 0], "texture": "#0"},
				"up": {"uv": [0, 0, 5, 5], "rotation": 180, "texture": "#0"},
				"down": {"uv": [5, 5, 0, 0], "rotation": 180, "texture": "#0"}
			}
		},
		{
			"from": [9, 7.1, 5],
			"to": [14, 7.1, 10],
			"rotation": {"angle": 45, "axis": "y", "origin": [8.5, 7, 7.5]},
			"faces": {
				"north": {"uv": [0, 0, 5, 0], "texture": "#0"},
				"east": {"uv": [0, 0, 5, 0], "texture": "#0"},
				"south": {"uv": [0, 0, 5, 0], "texture": "#0"},
				"west": {"uv": [0, 0, 5, 0], "texture": "#0"},
				"up": {"uv": [0, 0, 5, 5], "rotation": 90, "texture": "#0"},
				"down": {"uv": [5, 5, 0, 0], "rotation": 270, "texture": "#0"}
			}
		},
		{
			"from": [6, 7, 2],
			"to": [11, 7, 7],
			"rotation": {"angle": 45, "axis": "y", "origin": [8.5, 7, 7.5]},
			"faces": {
				"north": {"uv": [0, 0, 5, 0], "texture": "#0"},
				"east": {"uv": [0, 0, 5, 0], "texture": "#0"},
				"south": {"uv": [0, 0, 5, 0], "texture": "#0"},
				"west": {"uv": [0, 0, 5, 0], "texture": "#0"},
				"up": {"uv": [0, 0, 5, 5], "texture": "#0"},
				"down": {"uv": [5, 5, 0, 0], "texture": "#0"}
			}
		},
		{
			"from": [3, 7.1, 5],
			"to": [8, 7.1, 10],
			"rotation": {"angle": 45, "axis": "y", "origin": [8.5, 7, 7.5]},
			"faces": {
				"north": {"uv": [0, 0, 5, 0], "texture": "#0"},
				"east": {"uv": [0, 0, 5, 0], "texture": "#0"},
				"south": {"uv": [0, 0, 5, 0], "texture": "#0"},
				"west": {"uv": [0, 0, 5, 0], "texture": "#0"},
				"up": {"uv": [0, 0, 5, 5], "rotation": 270, "texture": "#0"},
				"down": {"uv": [5, 5, 0, 0], "rotation": 90, "texture": "#0"}
			}
		},
		{
			"from": [8, 7, 7],
			"to": [9, 8, 8],
			"rotation": {"angle": 0, "axis": "y", "origin": [8.5, 15, 9]},
			"faces": {
				"north": {"uv": [1, 0, 2, 1], "texture": "#0"},
				"east": {"uv": [1, 0, 2, 1], "texture": "#0"},
				"south": {"uv": [1, 0, 2, 1], "texture": "#0"},
				"west": {"uv": [1, 0, 2, 1], "texture": "#0"},
				"up": {"uv": [1, 0, 2, 1], "texture": "#0"},
				"down": {"uv": [1, 0, 2, 1], "texture": "#0"}
			}
		},
		{
			"from": [9, 0, 4],
			"to": [9, 7, 11],
			"rotation": {"angle": 0, "axis": "y", "origin": [9, 3.5, 7.5]},
			"faces": {
				"north": {"uv": [0, 0, 0, 7], "texture": "#missing"},
				"east": {"uv": [12, 0, 5, 7], "texture": "#0"},
				"south": {"uv": [0, 0, 0, 7], "texture": "#missing"},
				"west": {"uv": [5, 0, 12, 7], "texture": "#0"},
				"up": {"uv": [0, 0, 0, 7], "texture": "#missing"},
				"down": {"uv": [0, 0, 0, 7], "texture": "#missing"}
			}
		},
		{
			"from": [9, 0, 4],
			"to": [9, 7, 11],
			"rotation": {"angle": -45, "axis": "y", "origin": [9, 3.5, 7.5]},
			"faces": {
				"north": {"uv": [0, 0, 0, 7], "texture": "#0"},
				"east": {"uv": [12, 0, 5, 7], "texture": "#0"},
				"south": {"uv": [0, 0, 0, 7], "texture": "#0"},
				"west": {"uv": [5, 0, 12, 7], "texture": "#0"},
				"up": {"uv": [0, 0, 0, 7], "texture": "#0"},
				"down": {"uv": [0, 0, 0, 7], "texture": "#0"}
			}
		},
		{
			"from": [5.5, 0, 7.5],
			"to": [12.5, 7, 7.5],
			"rotation": {"angle": -45, "axis": "y", "origin": [9, 3.5, 7.5]},
			"faces": {
				"north": {"uv": [5, 0, 12, 7], "texture": "#0"},
				"east": {"uv": [0, 0, 0, 7], "texture": "#0"},
				"south": {"uv": [12, 0, 5, 7], "texture": "#0"},
				"west": {"uv": [0, 0, 0, 7], "texture": "#0"},
				"up": {"uv": [0, 0, 0, 7], "rotation": 90, "texture": "#0"},
				"down": {"uv": [0, 0, 0, 7], "rotation": 270, "texture": "#0"}
			}
		}
	],
	"groups": [
		{
			"name": "1",
			"origin": [8, 8, 8],
			"children": [0, 1, 2, 3, 4, 5, 6, 7, 8]
		}, 9, 10, 11]
}