{
	"credit": "Made with Blockbench",
	"ambientocclusion": false,
	"textures": {
		"0": "block/azure/wild_syringa",
		"1": "block/animals/butterfly2",
		"particle": "block/azure/wild_syringa"
	},
	"elements": [
		{
			"from": [8, 0, 7],
			"to": [9, 8, 8],
			"rotation": {"angle": 0, "axis": "y", "origin": [8.5, 4, 7.5]},
			"faces": {
				"north": {"uv": [0, 0, 1, 8], "texture": "#0"},
				"east": {"uv": [0, 0, 1, 8], "texture": "#0"},
				"south": {"uv": [0, 0, 1, 8], "texture": "#0"},
				"west": {"uv": [0, 0, 1, 8], "texture": "#0"},
				"up": {"uv": [0, 0, 1, 1], "texture": "#0"},
				"down": {"uv": [0, 0, 1, 1], "texture": "#0"}
			}
		},
		{
			"from": [8.25, 8, 6],
			"to": [8.75, 13, 6.5],
			"rotation": {"angle": -22.5, "axis": "x", "origin": [8.25, 10, 7.25]},
			"faces": {
				"north": {"uv": [0, 0, 0.5, 5], "texture": "#0"},
				"east": {"uv": [0, 0, 0.5, 5], "texture": "#0"},
				"south": {"uv": [0, 0, 0.5, 5], "texture": "#0"},
				"west": {"uv": [0, 0, 0.5, 5], "texture": "#0"},
				"up": {"uv": [0, 0, 0.5, 0.5], "texture": "#0"},
				"down": {"uv": [0, 0, 0.5, 0.5], "texture": "#0"}
			}
		},
		{
			"from": [8.25, 6.82926, 6.63478],
			"to": [8.75, 7.32926, 11.63478],
			"rotation": {"angle": -22.5, "axis": "x", "origin": [8.5, 10.07926, 6.13478]},
			"faces": {
				"north": {"uv": [0, 0, 0.5, 0.5], "rotation": 180, "texture": "#0"},
				"east": {"uv": [0, 0, 0.5, 5], "rotation": 270, "texture": "#0"},
				"south": {"uv": [0, 0, 0.5, 0.5], "texture": "#0"},
				"west": {"uv": [0, 0, 0.5, 5], "rotation": 90, "texture": "#0"},
				"up": {"uv": [0, 0, 0.5, 5], "rotation": 180, "texture": "#0"},
				"down": {"uv": [0, 0, 0.5, 5], "texture": "#0"}
			}
		},
		{
			"from": [9, 3, 6.25],
			"to": [13, 3, 8.75],
			"rotation": {"angle": 22.5, "axis": "z", "origin": [8, 3, 7.5]},
			"faces": {
				"north": {"uv": [0, 0, 4, 0], "texture": "#0"},
				"east": {"uv": [0, 0, 2.5, 0], "texture": "#0"},
				"south": {"uv": [0, 0, 4, 0], "texture": "#0"},
				"west": {"uv": [0, 0, 2.5, 0], "texture": "#0"},
				"up": {"uv": [1, 0, 6, 8], "rotation": 90, "texture": "#0"},
				"down": {"uv": [1, 0, 6, 8], "rotation": 90, "texture": "#0"}
			}
		},
		{
			"from": [8, 2, 6.25],
			"to": [12, 2, 8.75],
			"rotation": {"angle": 0, "axis": "z", "origin": [8, 3, 7.5]},
			"faces": {
				"north": {"uv": [0, 0, 4, 0], "texture": "#0"},
				"east": {"uv": [0, 0, 2.5, 0], "texture": "#0"},
				"south": {"uv": [0, 0, 4, 0], "texture": "#0"},
				"west": {"uv": [0, 0, 2.5, 0], "texture": "#0"},
				"up": {"uv": [1, 0, 6, 8], "rotation": 90, "texture": "#0"},
				"down": {"uv": [1, 0, 6, 8], "rotation": 90, "texture": "#0"}
			}
		},
		{
			"from": [8, 8, 8.25],
			"to": [12, 8, 10.75],
			"rotation": {"angle": 22.5, "axis": "x", "origin": [10, 8, 10.5]},
			"faces": {
				"north": {"uv": [0, 0, 4, 0], "texture": "#0"},
				"east": {"uv": [0, 0, 2.5, 0], "texture": "#0"},
				"south": {"uv": [0, 0, 4, 0], "texture": "#0"},
				"west": {"uv": [0, 0, 2.5, 0], "texture": "#0"},
				"up": {"uv": [1, 0, 6, 8], "rotation": 90, "texture": "#0"},
				"down": {"uv": [1, 0, 6, 8], "rotation": 90, "texture": "#0"}
			}
		},
		{
			"from": [7.2, 2, 7.5],
			"to": [9.7, 2, 11.5],
			"rotation": {"angle": -45, "axis": "x", "origin": [8, 3, 7.5]},
			"faces": {
				"north": {"uv": [0, 0, 2.5, 0], "texture": "#0"},
				"east": {"uv": [0, 0, 4, 0], "texture": "#0"},
				"south": {"uv": [0, 0, 2.5, 0], "texture": "#0"},
				"west": {"uv": [0, 0, 4, 0], "texture": "#0"},
				"up": {"uv": [1, 0, 6, 8], "rotation": 180, "texture": "#0"},
				"down": {"uv": [1, 0, 6, 8], "texture": "#0"}
			}
		},
		{
			"from": [7.2, 3, 3.5],
			"to": [9.7, 3, 7.5],
			"rotation": {"angle": 22.5, "axis": "x", "origin": [8, 3, 7.5]},
			"faces": {
				"north": {"uv": [0, 0, 2.5, 0], "rotation": 180, "texture": "#0"},
				"east": {"uv": [0, 0, 4, 0], "rotation": 180, "texture": "#0"},
				"south": {"uv": [0, 0, 2.5, 0], "rotation": 180, "texture": "#0"},
				"west": {"uv": [0, 0, 4, 0], "rotation": 180, "texture": "#0"},
				"up": {"uv": [1, 0, 6, 8], "rotation": 180, "texture": "#0"},
				"down": {"uv": [1, 0, 6, 8], "rotation": 180, "texture": "#0"}
			}
		},
		{
			"from": [7.2, 7, 1.5],
			"to": [9.7, 7, 5.5],
			"rotation": {"angle": 22.5, "axis": "x", "origin": [8, 3, 7.5]},
			"faces": {
				"north": {"uv": [0, 0, 2.5, 0], "rotation": 180, "texture": "#0"},
				"east": {"uv": [0, 0, 4, 0], "rotation": 180, "texture": "#0"},
				"south": {"uv": [0, 0, 2.5, 0], "rotation": 180, "texture": "#0"},
				"west": {"uv": [0, 0, 4, 0], "rotation": 180, "texture": "#0"},
				"up": {"uv": [1, 0, 6, 8], "rotation": 180, "texture": "#0"},
				"down": {"uv": [1, 0, 6, 8], "rotation": 180, "texture": "#0"}
			}
		},
		{
			"from": [8, 3, 6.25],
			"to": [8, 7, 8.75],
			"rotation": {"angle": 22.5, "axis": "z", "origin": [8, 3, 7.5]},
			"faces": {
				"north": {"uv": [0, 0, 4, 0], "rotation": 90, "texture": "#0"},
				"east": {"uv": [1, 0, 6, 8], "texture": "#0"},
				"south": {"uv": [0, 0, 4, 0], "rotation": 270, "texture": "#0"},
				"west": {"uv": [1, 0, 6, 8], "texture": "#0"},
				"up": {"uv": [0, 0, 2.5, 0], "rotation": 270, "texture": "#0"},
				"down": {"uv": [0, 0, 2.5, 0], "rotation": 270, "texture": "#0"}
			}
		},
		{
			"from": [4, 3, 6.25],
			"to": [8, 3, 8.75],
			"rotation": {"angle": -22.5, "axis": "z", "origin": [8, 3, 7.5]},
			"faces": {
				"north": {"uv": [0, 0, 4, 0], "rotation": 180, "texture": "#0"},
				"east": {"uv": [0, 0, 2.5, 0], "rotation": 180, "texture": "#0"},
				"south": {"uv": [0, 0, 4, 0], "rotation": 180, "texture": "#0"},
				"west": {"uv": [0, 0, 2.5, 0], "rotation": 180, "texture": "#0"},
				"up": {"uv": [1, 0, 6, 8], "rotation": 270, "texture": "#0"},
				"down": {"uv": [1, 0, 6, 8], "rotation": 270, "texture": "#0"}
			}
		},
		{
			"from": [3, 7, 6.25],
			"to": [7, 7, 8.75],
			"rotation": {"angle": -22.5, "axis": "z", "origin": [8, 3, 7.5]},
			"faces": {
				"north": {"uv": [0, 0, 4, 0], "rotation": 180, "texture": "#0"},
				"east": {"uv": [0, 0, 2.5, 0], "rotation": 180, "texture": "#0"},
				"south": {"uv": [0, 0, 4, 0], "rotation": 180, "texture": "#0"},
				"west": {"uv": [0, 0, 2.5, 0], "rotation": 180, "texture": "#0"},
				"up": {"uv": [1, 0, 6, 8], "rotation": 270, "texture": "#0"},
				"down": {"uv": [1, 0, 6, 8], "rotation": 270, "texture": "#0"}
			}
		},
		{
			"from": [7.25, 1, 4],
			"to": [9.75, 1, 8],
			"rotation": {"angle": 22.5, "axis": "x", "origin": [8, 3, 7.5]},
			"faces": {
				"north": {"uv": [0, 0, 2.5, 0], "rotation": 180, "texture": "#0"},
				"east": {"uv": [0, 0, 4, 0], "rotation": 180, "texture": "#0"},
				"south": {"uv": [0, 0, 2.5, 0], "rotation": 180, "texture": "#0"},
				"west": {"uv": [0, 0, 4, 0], "rotation": 180, "texture": "#0"},
				"up": {"uv": [1, 0, 6, 8], "texture": "#0"},
				"down": {"uv": [1, 0, 6, 8], "rotation": 180, "texture": "#0"}
			}
		},
		{
			"from": [6, 9, 8],
			"to": [10, 9, 13],
			"faces": {
				"north": {"uv": [0, 0, 4, 0], "rotation": 180, "texture": "#missing"},
				"east": {"uv": [0, 0, 0, 6], "rotation": 90, "texture": "#missing"},
				"south": {"uv": [0, 0, 4, 0], "texture": "#missing"},
				"west": {"uv": [0, 0, 0, 6], "rotation": 270, "texture": "#missing"},
				"up": {"uv": [15, 0, 6, 11], "texture": "#0"},
				"down": {"uv": [6, 0, 15, 11], "rotation": 180, "texture": "#0"}
			}
		},
		{
			"from": [7, 9, 8],
			"to": [10, 9, 12],
			"rotation": {"angle": -45, "axis": "z", "origin": [8, 9, 9.5]},
			"faces": {
				"north": {"uv": [0, 0, 4, 0], "rotation": 180, "texture": "#0"},
				"east": {"uv": [0, 0, 0, 6], "rotation": 90, "texture": "#0"},
				"south": {"uv": [0, 0, 4, 0], "texture": "#0"},
				"west": {"uv": [0, 0, 0, 6], "rotation": 270, "texture": "#0"},
				"up": {"uv": [15, 0, 6, 11], "texture": "#0"},
				"down": {"uv": [6, 0, 15, 11], "rotation": 180, "texture": "#0"}
			}
		},
		{
			"from": [8.5, 7, 8],
			"to": [8.5, 11, 13],
			"rotation": {"angle": -22.5, "axis": "x", "origin": [8.5, 9, 10.5]},
			"faces": {
				"north": {"uv": [0, 0, 4, 0], "rotation": 90, "texture": "#0"},
				"east": {"uv": [15, 0, 6, 11], "rotation": 90, "texture": "#0"},
				"south": {"uv": [0, 0, 4, 0], "rotation": 90, "texture": "#0"},
				"west": {"uv": [6, 0, 15, 11], "rotation": 270, "texture": "#0"},
				"up": {"uv": [0, 0, 0, 6], "texture": "#0"},
				"down": {"uv": [0, 0, 0, 6], "rotation": 180, "texture": "#0"}
			}
		},
		{
			"from": [8, 7, 8],
			"to": [8, 11, 13],
			"rotation": {"angle": -45, "axis": "z", "origin": [8, 9, 10.5]},
			"faces": {
				"north": {"uv": [0, 0, 4, 0], "rotation": 270, "texture": "#0"},
				"east": {"uv": [6, 0, 15, 11], "rotation": 90, "texture": "#0"},
				"south": {"uv": [0, 0, 4, 0], "rotation": 270, "texture": "#0"},
				"west": {"uv": [15, 0, 6, 11], "rotation": 270, "texture": "#0"},
				"up": {"uv": [0, 0, 0, 6], "texture": "#0"},
				"down": {"uv": [0, 0, 0, 6], "rotation": 180, "texture": "#0"}
			}
		},
		{
			"from": [8.5, 10, 3],
			"to": [8.5, 13, 7],
			"rotation": {"angle": 22.5, "axis": "x", "origin": [8, 10, 5.5]},
			"faces": {
				"north": {"uv": [0, 0, 4, 0], "rotation": 270, "texture": "#0"},
				"east": {"uv": [15, 0, 6, 11], "rotation": 270, "texture": "#0"},
				"south": {"uv": [0, 0, 4, 0], "rotation": 270, "texture": "#0"},
				"west": {"uv": [6, 0, 15, 11], "rotation": 90, "texture": "#0"},
				"up": {"uv": [0, 0, 0, 6], "rotation": 180, "texture": "#0"},
				"down": {"uv": [0, 0, 0, 6], "texture": "#0"}
			}
		},
		{
			"from": [6, 10, 3],
			"to": [10, 10, 7],
			"rotation": {"angle": 45, "axis": "x", "origin": [8, 10, 5.5]},
			"faces": {
				"north": {"uv": [0, 0, 4, 0], "rotation": 180, "texture": "#0"},
				"east": {"uv": [0, 0, 0, 6], "rotation": 270, "texture": "#0"},
				"south": {"uv": [0, 0, 4, 0], "texture": "#0"},
				"west": {"uv": [0, 0, 0, 6], "rotation": 90, "texture": "#0"},
				"up": {"uv": [6, 0, 15, 11], "rotation": 180, "texture": "#0"},
				"down": {"uv": [15, 0, 6, 11], "texture": "#0"}
			}
		},
		{
			"from": [7, 11, 3],
			"to": [11, 11, 7],
			"rotation": {"angle": 45, "axis": "x", "origin": [8, 10, 5.5]},
			"faces": {
				"north": {"uv": [0, 0, 4, 0], "rotation": 180, "texture": "#0"},
				"east": {"uv": [0, 0, 0, 6], "rotation": 270, "texture": "#0"},
				"south": {"uv": [0, 0, 4, 0], "texture": "#0"},
				"west": {"uv": [0, 0, 0, 6], "rotation": 90, "texture": "#0"},
				"up": {"uv": [6, 0, 15, 11], "rotation": 180, "texture": "#0"},
				"down": {"uv": [15, 0, 6, 11], "texture": "#0"}
			}
		},
		{
			"from": [8, 10, 3],
			"to": [8, 13, 7],
			"rotation": {"angle": 45, "axis": "x", "origin": [8, 10, 5.5]},
			"faces": {
				"north": {"uv": [0, 0, 4, 0], "rotation": 90, "texture": "#0"},
				"east": {"uv": [6, 0, 15, 11], "rotation": 270, "texture": "#0"},
				"south": {"uv": [0, 0, 4, 0], "rotation": 90, "texture": "#0"},
				"west": {"uv": [15, 0, 6, 11], "rotation": 90, "texture": "#0"},
				"up": {"uv": [0, 0, 0, 6], "rotation": 180, "texture": "#0"},
				"down": {"uv": [0, 0, 0, 6], "texture": "#0"}
			}
		},
		{
			"from": [6, 9.1, 7.5],
			"to": [7, 9.1, 8.1],
			"rotation": {"angle": 0, "axis": "y", "origin": [11, 17, 12]},
			"faces": {
				"north": {"uv": [13, 4, 15.5, 11.6], "rotation": 90, "texture": "#1"},
				"east": {"uv": [13, 0, 15.5, 4.1], "rotation": 90, "texture": "#1"},
				"south": {"uv": [13, 4, 15.5, 11.6], "rotation": 90, "texture": "#1"},
				"west": {"uv": [13, 4, 15.5, 11.6], "rotation": 90, "texture": "#1"},
				"up": {"uv": [13, 0, 15.5, 4.1], "rotation": 90, "texture": "#1"},
				"down": {"uv": [13, 0, 15.5, 4.1], "rotation": 90, "texture": "#1"}
			}
		},
		{
			"from": [3, 9, 4],
			"to": [7.5, 9, 7.5],
			"rotation": {"angle": 22.5, "axis": "x", "origin": [5.25, 9, 7.75]},
			"faces": {
				"north": {"uv": [0, 0, 4.5, 0], "texture": "#1"},
				"east": {"uv": [0, 0, 3.5, 0], "texture": "#1"},
				"south": {"uv": [0, 0, 4.5, 0], "texture": "#1"},
				"west": {"uv": [0, 0, 3.5, 0], "texture": "#1"},
				"up": {"uv": [0, 0, 10.5, 14], "rotation": 90, "texture": "#1"},
				"down": {"uv": [10.5, 0, 0, 14], "rotation": 90, "texture": "#1"}
			}
		},
		{
			"from": [3, 9, 8],
			"to": [7.5, 9, 11.5],
			"rotation": {"angle": -22.5, "axis": "x", "origin": [5.25, 9, 7.75]},
			"faces": {
				"north": {"uv": [0, 0, 4.5, 0], "rotation": 180, "texture": "#1"},
				"east": {"uv": [0, 0, 3.5, 0], "rotation": 180, "texture": "#1"},
				"south": {"uv": [0, 0, 4.5, 0], "rotation": 180, "texture": "#1"},
				"west": {"uv": [0, 0, 3.5, 0], "rotation": 180, "texture": "#1"},
				"up": {"uv": [10.5, 0, 0, 14], "rotation": 90, "texture": "#1"},
				"down": {"uv": [0, 0, 10.5, 14], "rotation": 90, "texture": "#1"}
			}
		},
		{
			"from": [4, 8.9, 7.5],
			"to": [6, 9.25, 8.1],
			"rotation": {"angle": 0, "axis": "y", "origin": [11, 17, 12]},
			"faces": {
				"north": {"uv": [13, 4, 15.5, 11.6], "rotation": 90, "texture": "#1"},
				"east": {"uv": [13, 4, 15.5, 11.6], "rotation": 90, "texture": "#1"},
				"south": {"uv": [13, 4, 15.5, 11.6], "rotation": 90, "texture": "#1"},
				"west": {"uv": [13, 4, 15.5, 11.6], "rotation": 90, "texture": "#1"},
				"up": {"uv": [13, 4, 15.5, 11.6], "rotation": 90, "texture": "#1"},
				"down": {"uv": [13, 4, 15.5, 11.6], "rotation": 90, "texture": "#1"}
			}
		}
	]
}