{
    "variants": {
        "normal": [
		{ "model": "block/acacia_leaves", "weight": 100, "y": 90 },
		{ "model": "block/acacia_leaves", "weight": 100, "y": 180 },
		{ "model": "block/acacia_leaves", "weight": 100, "y": 270 },
		{ "model": "block/acacia_leaves", "weight": 100 },
		{ "model": "block/acacia_leaves1", "weight": 100, "y": 90 },
		{ "model": "block/acacia_leaves1", "weight": 100, "y": 180 },
		{ "model": "block/acacia_leaves1", "weight": 100, "y": 270 },
		{ "model": "block/acacia_leaves1", "weight": 100 }
		]
    }
}
