{
    "variants": {
        "normal": [
		{ "model": "block/birch_leaves1", "weight": 100, "y": 90 },
		{ "model": "block/birch_leaves1", "weight": 100, "y": 180 },
		{ "model": "block/birch_leaves1", "weight": 100, "y": 270 },
		{ "model": "block/birch_leaves1", "weight": 100 },
		{ "model": "block/birch_leaves", "weight": 100, "y": 90 },
		{ "model": "block/birch_leaves", "weight": 100, "y": 180 },
		{ "model": "block/birch_leaves", "weight": 100, "y": 270 },
		{ "model": "block/birch_leaves", "weight": 100 },
		{ "model": "block/birch_leaves_cherry", "weight": 11, "y": 90 },
		{ "model": "block/birch_leaves_cherry", "weight": 11, "y": 180 },
		{ "model": "block/birch_leaves_cherry", "weight": 11, "y": 270 },
		{ "model": "block/birch_leaves_cherry", "weight": 11 },
		{ "model": "block/birch_leaves_cherry2", "weight": 25, "y": 90 },
		{ "model": "block/birch_leaves_cherry2", "weight": 25, "y": 180 },
		{ "model": "block/birch_leaves_cherry2", "weight": 25, "y": 270 },
		{ "model": "block/birch_leaves_cherry2", "weight": 25 },
		{ "model": "block/birch_leaves_gw", "weight": 15 },
		{ "model": "block/birch_leaves_gw", "weight": 15, "y": 90  },
		{ "model": "block/birch_leaves_gw", "weight": 15, "y": 180  },
		{ "model": "block/birch_leaves_gw", "weight": 15, "y": 270  }
		]
    }
}
