{
    "variants": {
        "normal": [
		{ "model": "block/orchid/butterfly_orchid" },
		{ "model": "block/orchid/butterfly_orchid", "y": 90 },
		{ "model": "block/orchid/butterfly_orchid", "y": 180 },
		{ "model": "block/orchid/butterfly_orchid", "y": 270 },
		{ "model": "block/orchid/paphiopedilum" },
		{ "model": "block/orchid/paphiopedilum", "y": 90 },
		{ "model": "block/orchid/paphiopedilum", "y": 180 },
		{ "model": "block/orchid/paphiopedilum", "y": 270 },
		{ "model": "block/orchid/lily_of_the_valley" },
		{ "model": "block/orchid/lily_of_the_valley", "y": 90 },
		{ "model": "block/orchid/lily_of_the_valley", "y": 180 },
		{ "model": "block/orchid/lily_of_the_valley", "y": 270 },
		{ "model": "block/orchid/lily_of_the_valley" },
		{ "model": "block/orchid/lily_of_the_valley", "y": 90 },
		{ "model": "block/orchid/lily_of_the_valley", "y": 180 },
		{ "model": "block/orchid/lily_of_the_valley", "y": 270 }
        ]
    }
}
