{
    "variants": {
        "normal": [ 		
		{ "model": "block/cactus/cactus", "weight": 100 },
		{ "model": "block/cactus/cactus", "y": 90, "weight": 100 },
		{ "model": "block/cactus/cactus", "y": 180, "weight": 100 },
		{ "model": "block/cactus/cactus", "y": 270, "weight": 100 },
		{ "model": "block/cactus/cactusf", "y": 90, "weight": 50 },
		{ "model": "block/cactus/cactusf", "y": 180, "weight": 50 },
		{ "model": "block/cactus/cactusf", "y": 270, "weight": 50 },
		{ "model": "block/cactus/cactusf", "weight": 50 },
		{ "model": "block/cactus/cactus1", "y": 90, "weight": 20 },
		{ "model": "block/cactus/cactus1", "y": 180, "weight": 20 },
		{ "model": "block/cactus/cactus1", "y": 270, "weight": 20 },
		{ "model": "block/cactus/cactus1", "weight": 20 },
		{ "model": "block/cactus/cactus2", "y": 90, "weight": 20 },
		{ "model": "block/cactus/cactus2", "y": 180, "weight": 20 },
		{ "model": "block/cactus/cactus2", "y": 270, "weight": 20 },
		{ "model": "block/cactus/cactus2", "weight": 20 },
		{ "model": "block/cactus/cactus3", "y": 90, "weight": 20 },
		{ "model": "block/cactus/cactus3", "y": 180, "weight": 20 },
		{ "model": "block/cactus/cactus3", "y": 270, "weight": 20 },
		{ "model": "block/cactus/cactus3", "weight": 20 }
		]
    }
}
