{
    "variants": {
        "half=lower": [
		{ "model": "block/tall_grass/tall_grass", "weight": 12 }, 
		{ "model": "block/tall_grass/tall_grass1", "weight": 1 },
		{ "model": "block/tall_grass/tall_grass2", "weight": 7 }
	],
        "half=upper":   [
			{ "model": "block/blank", "weight": 100 },
			{ "model": "block/tall_grass/gw", "weight": 7 },
			{ "model": "block/tall_grass/gw", "weight": 7, "y": 90 },
			{ "model": "block/tall_grass/gw", "weight": 7, "y": 180 },
			{ "model": "block/tall_grass/gw", "weight": 7, "y": 270 },
			{ "model": "block/tall_grass/gw1", "weight": 7 },
			{ "model": "block/tall_grass/gw1", "weight": 7, "y": 90 },
			{ "model": "block/tall_grass/gw1", "weight": 7, "y": 180 },
			{ "model": "block/tall_grass/gw1", "weight": 7, "y": 270 },
			{ "model": "block/tall_grass/gw2", "weight": 7 },
			{ "model": "block/tall_grass/gw2", "weight": 7, "y": 90 },
			{ "model": "block/tall_grass/gw2", "weight": 7, "y": 180 },
			{ "model": "block/tall_grass/gw2", "weight": 7, "y": 270 }
		]
    }
}
