{
    "variants": {
        "normal": [
		{ "model": "block/azure/snowy_azure", "y": 0, "weight": 30 },
		{ "model": "block/azure/snowy_azure", "y": 90, "weight": 30 },
		{ "model": "block/azure/snowy_azure", "y": 180, "weight": 30 },
		{ "model": "block/azure/snowy_azure", "y": 270, "weight": 30 },
		{ "model": "block/azure/adina", "y": 0, "weight": 30 },
		{ "model": "block/azure/adina", "y": 90, "weight": 30 },
		{ "model": "block/azure/adina", "y": 180, "weight": 30 },
		{ "model": "block/azure/adina", "y": 270, "weight": 30 },
		{ "model": "block/azure/luculia", "y": 0, "weight": 30 },
		{ "model": "block/azure/luculia", "y": 90, "weight": 30 },
		{ "model": "block/azure/luculia", "y": 180, "weight": 30 },
		{ "model": "block/azure/luculia", "y": 270, "weight": 30 },
		{ "model": "block/azure/gardenia", "y": 0, "weight": 30 },
		{ "model": "block/azure/gardenia", "y": 90, "weight": 30 },
		{ "model": "block/azure/gardenia", "y": 180, "weight": 30 },
		{ "model": "block/azure/gardenia", "y": 270, "weight": 30 },
		{ "model": "block/azure/wild_syringa", "y": 0, "weight": 30 },
		{ "model": "block/azure/wild_syringa", "y": 90, "weight": 30 },
		{ "model": "block/azure/wild_syringa", "y": 180, "weight": 30 },
		{ "model": "block/azure/wild_syringa", "y": 270, "weight": 30 },
		{ "model": "block/azure/luculia_b", "y": 0, "weight": 7 },
		{ "model": "block/azure/luculia_b", "y": 90, "weight": 7 },
		{ "model": "block/azure/luculia_b", "y": 180, "weight": 7 },
		{ "model": "block/azure/luculia_b", "y": 270, "weight": 7 },
		{ "model": "block/azure/snowy_azure_b", "y": 0, "weight": 7 },
		{ "model": "block/azure/snowy_azure_b", "y": 90, "weight": 7 },
		{ "model": "block/azure/snowy_azure_b", "y": 180, "weight": 7 },
		{ "model": "block/azure/snowy_azure_b", "y": 270, "weight": 7 },
		{ "model": "block/azure/wild_syringa_b", "y": 0, "weight": 7 },
		{ "model": "block/azure/wild_syringa_b", "y": 90, "weight": 7 },
		{ "model": "block/azure/wild_syringa_b", "y": 180, "weight": 7 },
		{ "model": "block/azure/wild_syringa_b", "y": 270, "weight": 7 }
		]
    }
}
