{
    "variants": {
        "normal": [
		{ "model": "block/jungle_leaves", "weight": 100, "y": 90 },
		{ "model": "block/jungle_leaves", "weight": 100, "y": 180 },
		{ "model": "block/jungle_leaves", "weight": 100, "y": 270 },
		{ "model": "block/jungle_leaves", "weight": 100 },
		{ "model": "block/jungle_leaves1", "weight": 100, "y": 90 },
		{ "model": "block/jungle_leaves1", "weight": 100, "y": 180 },
		{ "model": "block/jungle_leaves1", "weight": 100, "y": 270 },
		{ "model": "block/jungle_leaves1", "weight": 100 },
		{ "model": "block/jungle_leaves_mango", "weight": 7, "y": 90 },
		{ "model": "block/jungle_leaves_mango", "weight": 7, "y": 180 },
		{ "model": "block/jungle_leaves_mango", "weight": 7, "y": 270 },
		{ "model": "block/jungle_leaves_mango", "weight": 7 }
		]
    }
}
