{
  "variants": {
    "normal": [
	{ "model": "minecraft:block/netherrack/netherrack0", "weight": 3500 },
	{ "model": "minecraft:block/netherrack/netherrack1", "weight": 4500 },
	{ "model": "minecraft:block/netherrack/netherrack2", "weight": 1500 },
	{ "model": "block/netherrack/netherrack_skull", "y": 0, "weight": 3 },
	{ "model": "block/netherrack/netherrack_skull", "y": 90, "weight": 3 },
	{ "model": "block/netherrack/netherrack_skull", "y": 180, "weight": 3 },
	{ "model": "block/netherrack/netherrack_skull", "y": 270, "weight": 3 }
	]
  }
}