{
    "variants": {
        "normal": [
			{ "model": "block/oak_leaves/oak_leaves_beehive", "weight": 28 },
			{ "model": "block/oak_leaves/oak_leaves_bird_nest", "weight": 65 },
			{ "model": "block/oak_leaves/oak_leaves_flower1", "weight": 258 },
			{ "model": "block/oak_leaves/oak_leaves_flower1", "weight": 258, "y": 90  },
			{ "model": "block/oak_leaves/oak_leaves_flower1", "weight": 258, "y": 180  },
			{ "model": "block/oak_leaves/oak_leaves_flower1", "weight": 258, "y": 270  },
			{ "model": "block/oak_leaves/oak_leaves_flower4", "weight": 258 },
			{ "model": "block/oak_leaves/oak_leaves_flower4", "weight": 258, "y": 90  },
			{ "model": "block/oak_leaves/oak_leaves_flower4", "weight": 258, "y": 180  },
			{ "model": "block/oak_leaves/oak_leaves_flower4", "weight": 258, "y": 270  },
			{ "model": "block/oak_leaves/oak_leaves_flower2", "weight": 533 },
			{ "model": "block/oak_leaves/oak_leaves_flower2", "weight": 533, "y": 90  },
			{ "model": "block/oak_leaves/oak_leaves_flower2", "weight": 533, "y": 180  },
			{ "model": "block/oak_leaves/oak_leaves_flower2", "weight": 533, "y": 270  },
			{ "model": "block/oak_leaves/oak_leaves_flower3", "weight": 133 },
			{ "model": "block/oak_leaves/oak_leaves_flower3", "weight": 133, "y": 90  },
			{ "model": "block/oak_leaves/oak_leaves_flower3", "weight": 133, "y": 180  },
			{ "model": "block/oak_leaves/oak_leaves_flower3", "weight": 133, "y": 270  },
			{ "model": "block/oak_leaves/oak_leaves_flower4", "weight": 273 },
			{ "model": "block/oak_leaves/oak_leaves_flower4", "weight": 273, "y": 90  },
			{ "model": "block/oak_leaves/oak_leaves_flower4", "weight": 273, "y": 180  },
			{ "model": "block/oak_leaves/oak_leaves_flower4", "weight": 273, "y": 270  },
			{ "model": "block/oak_leaves/oak_leaves_flower5", "weight": 466 },
			{ "model": "block/oak_leaves/oak_leaves_flower5", "weight": 466, "y": 90  },
			{ "model": "block/oak_leaves/oak_leaves_flower5", "weight": 466, "y": 180  },
			{ "model": "block/oak_leaves/oak_leaves_flower5", "weight": 466, "y": 270  },
			{ "model": "block/oak_leaves/oak_leaves_flower6", "weight": 380 },
			{ "model": "block/oak_leaves/oak_leaves_flower6", "weight": 380, "y": 90  },
			{ "model": "block/oak_leaves/oak_leaves_flower6", "weight": 380, "y": 180  },
			{ "model": "block/oak_leaves/oak_leaves_flower6", "weight": 380, "y": 270  },
			{ "model": "block/oak_leaves/oak_leaves_apple", "weight": 211 },
			{ "model": "block/oak_leaves/oak_leaves_apple", "weight": 211, "y": 90  },
			{ "model": "block/oak_leaves/oak_leaves_apple", "weight": 211, "y": 180  },
			{ "model": "block/oak_leaves/oak_leaves_apple", "weight": 211, "y": 270  },
			{ "model": "block/oak_leaves/oak_leaves_green_apple", "weight": 84 },
			{ "model": "block/oak_leaves/oak_leaves_green_apple", "weight": 84, "y": 90  },
			{ "model": "block/oak_leaves/oak_leaves_green_apple", "weight": 84, "y": 180  },
			{ "model": "block/oak_leaves/oak_leaves_green_apple", "weight": 84, "y": 270  },
			{ "model": "block/oak_leaves/oak_leaves_lime_apple", "weight": 74 },
			{ "model": "block/oak_leaves/oak_leaves_lime_apple", "weight": 74, "y": 90  },
			{ "model": "block/oak_leaves/oak_leaves_lime_apple", "weight": 74, "y": 180  },
			{ "model": "block/oak_leaves/oak_leaves_lime_apple", "weight": 74, "y": 270  },
			{ "model": "block/oak_leaves/oak_leaves1", "weight": 957 },
			{ "model": "block/oak_leaves/oak_leaves1", "weight": 957, "y": 90  },
			{ "model": "block/oak_leaves/oak_leaves1", "weight": 957, "y": 180  },
			{ "model": "block/oak_leaves/oak_leaves1", "weight": 957, "y": 270  },
			{ "model": "block/oak_leaves/oak_leaves1_vine", "weight": 444 },
			{ "model": "block/oak_leaves/oak_leaves1_vine", "weight": 444, "y": 90  },
			{ "model": "block/oak_leaves/oak_leaves1_vine", "weight": 444, "y": 180  },
			{ "model": "block/oak_leaves/oak_leaves1_vine", "weight": 444, "y": 270  },
			{ "model": "block/oak_leaves/oak_leaves", "weight": 1000 },
			{ "model": "block/oak_leaves/oak_leaves", "weight": 1000, "y": 90  },
			{ "model": "block/oak_leaves/oak_leaves", "weight": 1000, "y": 180  },
			{ "model": "block/oak_leaves/oak_leaves", "weight": 1000, "y": 270  },
			{ "model": "block/oak_leaves/oak_leaves_gw", "weight": 34 },
			{ "model": "block/oak_leaves/oak_leaves_gw", "weight": 34, "y": 90  },
			{ "model": "block/oak_leaves/oak_leaves_gw", "weight": 34, "y": 180  },
			{ "model": "block/oak_leaves/oak_leaves_gw", "weight": 34, "y": 270  }
        ]
    }
}