{
    "variants": {
        "normal": [
		{ "model": "block/lavender", "weight": 1, "y": 0 },
		{ "model": "block/lavender", "weight": 1, "y": 90 },
		{ "model": "block/lavender", "weight": 1, "y": 180 },
		{ "model": "block/lavender", "weight": 1, "y": 270 },
		{ "model": "block/epiphyllum", "weight": 1, "y": 0 },
		{ "model": "block/epiphyllum", "weight": 1, "y": 90 },
		{ "model": "block/epiphyllum", "weight": 1, "y": 180 },
		{ "model": "block/epiphyllum", "weight": 1, "y": 270 },
		{ "model": "block/yucca", "weight": 1, "y": 0 },
		{ "model": "block/yucca", "weight": 1, "y": 90 },
		{ "model": "block/yucca", "weight": 1, "y": 180 },
		{ "model": "block/yucca", "weight": 1, "y": 270 }
		]
    }
}