{
    "variants": {
        "normal": [
		{ "model": "block/daisy/daisy", "y": 0, "weight": 30 },
		{ "model": "block/daisy/daisy", "y": 90, "weight": 30 },
		{ "model": "block/daisy/daisy", "y": 180, "weight": 30 },
		{ "model": "block/daisy/daisy", "y": 270, "weight": 30 },
		{ "model": "block/daisy/white_chrysanthemum", "y": 0, "weight": 30 },
		{ "model": "block/daisy/white_chrysanthemum", "y": 90, "weight": 30 },
		{ "model": "block/daisy/white_chrysanthemum", "y": 180, "weight": 30 },
		{ "model": "block/daisy/white_chrysanthemum", "y": 270, "weight": 30 },
		{ "model": "block/daisy/marigold", "y": 0, "weight": 30 },
		{ "model": "block/daisy/marigold", "y": 90, "weight": 30 },
		{ "model": "block/daisy/marigold", "y": 180, "weight": 30 },
		{ "model": "block/daisy/marigold", "y": 270, "weight": 30 },
		{ "model": "block/daisy/daisy_butterfly", "y": 0, "weight": 7 },
		{ "model": "block/daisy/daisy_butterfly", "y": 90, "weight": 7 },
		{ "model": "block/daisy/daisy_butterfly", "y": 180, "weight": 7 },
		{ "model": "block/daisy/daisy_butterfly", "y": 270, "weight": 7 },
		{ "model": "block/daisy/white_chrysanthemum_butterfly", "y": 0, "weight": 7 },
		{ "model": "block/daisy/white_chrysanthemum_butterfly", "y": 90, "weight": 7 },
		{ "model": "block/daisy/white_chrysanthemum_butterfly", "y": 180, "weight": 7 },
		{ "model": "block/daisy/white_chrysanthemum_butterfly", "y": 270, "weight": 7 }
		]
    }
}
