{
    "variants": {
				"facing=north": [
		{ "model": "block/pumpkin", "weight": 1 },
		{ "model": "block/pumpkin/pumpkin", "weight": 10000 }
		],
		        "facing=south": [
		{ "model": "block/pumpkin", "weight": 1 },
		{ "model": "block/pumpkin/pumpkin", "weight": 10000 }
		],
		        "facing=west": [
		{ "model": "block/pumpkin", "weight": 1 },
		{ "model": "block/pumpkin/pumpkin", "weight": 10000 }
		],
		        "facing=east": [
		{ "model": "block/pumpkin", "weight": 1 },
		{ "model": "block/pumpkin/pumpkin", "weight": 10000 }
		]
    }
}
