{
    "variants": {
        "normal": [
            { "model": "block/sand/sandori", "weight": 1300 },
            { "model": "block/sand/sandori", "y": 90, "weight": 1300 },
            { "model": "block/sand/sandori", "y": 180, "weight": 1300 },
            { "model": "block/sand/sandori", "y": 270, "weight": 1300 },
			{ "model": "block/sand/sandori2", "weight": 1000 },
            { "model": "block/sand/sandori2", "y": 90, "weight": 1000 },
            { "model": "block/sand/sandori2", "y": 180, "weight": 1000 },
            { "model": "block/sand/sandori2", "y": 270, "weight": 1000 },
			{ "model": "block/sand/sandori1", "weight": 500 },
            { "model": "block/sand/sandori1", "y": 90, "weight": 500 },
            { "model": "block/sand/sandori1", "y": 180, "weight": 500 },
            { "model": "block/sand/sandori1", "y": 270, "weight": 500 },
			{ "model": "block/sand/sandori3", "weight": 80 },
            { "model": "block/sand/sandori3", "y": 90, "weight": 80 },
            { "model": "block/sand/sandori3", "y": 180, "weight": 80 },
            { "model": "block/sand/sandori3", "y": 270, "weight": 80 },
			{ "model": "block/sand/sandcactus", "weight": 4 },
            { "model": "block/sand/sandcactus", "y": 90, "weight": 4 },
            { "model": "block/sand/sandcactus", "y": 180, "weight": 4 },
            { "model": "block/sand/sandcactus", "y": 270, "weight": 4 },
			{ "model": "block/sand/bone1", "weight": 2 },
            { "model": "block/sand/bone1", "y": 90, "weight": 2 },
            { "model": "block/sand/bone1", "y": 180, "weight": 2 },
            { "model": "block/sand/bone1", "y": 270, "weight": 2 },
			{ "model": "block/sand/bone2", "weight": 2 },
            { "model": "block/sand/bone2", "y": 90, "weight": 2 },
            { "model": "block/sand/bone2", "y": 180, "weight": 2 },
            { "model": "block/sand/bone2", "y": 270, "weight": 2 },
			{ "model": "block/sand/sand_nautilus", "weight": 2 }
        ]
    }
}
