{
  "variants": {
    "normal": [
	{ "model": "minecraft:block/soul_sand/soul_sand0", "weight": 3500 },
	{ "model": "minecraft:block/soul_sand/soul_sand1", "weight": 4500 },
	{ "model": "minecraft:block/soul_sand/soul_sand2", "weight": 4500 },
	{ "model": "minecraft:block/soul_sand/soul_sand3", "weight": 4500 },
	{ "model": "minecraft:block/soul_sand/soul_sand4", "weight": 500 },
	{ "model": "minecraft:block/soul_sand/soul_sand5", "weight": 1840 },
	{ "model": "block/soul_sand/soul_sand_skull", "y": 0, "weight": 5 },
	{ "model": "block/soul_sand/soul_sand_skull", "y": 90, "weight": 5 },
	{ "model": "block/soul_sand/soul_sand_skull", "y": 180, "weight": 5 },
	{ "model": "block/soul_sand/soul_sand_skull", "y": 270, "weight": 5 }
	]
  }
}