{
    "variants": {
        "normal": [  
		{ "model": "block/spruce_leaves", "weight": 4000 },
		{ "model": "block/spruce_leaves1", "weight": 1000 },
		{ "model": "block/spruce_leaves1", "weight": 1000, "y": 90 },
		{ "model": "block/spruce_leaves1", "weight": 1000, "y": 180 },
		{ "model": "block/spruce_leaves1", "weight": 1000, "y": 270 },
		{ "model": "block/spruce_leaves_pinecone1", "weight": 240 },
		{ "model": "block/spruce_leaves_pinecone1", "weight": 240, "y": 90 },
		{ "model": "block/spruce_leaves_pinecone1", "weight": 240, "y": 180 },
		{ "model": "block/spruce_leaves_pinecone1", "weight": 240, "y": 270 },
		{ "model": "block/spruce_leaves_beehive", "weight": 2 },
		{ "model": "block/spruce_leaves_beehive", "weight": 2, "y": 90 },
		{ "model": "block/spruce_leaves_beehive", "weight": 2, "y": 180 },
		{ "model": "block/spruce_leaves_beehive", "weight": 2, "y": 270 }
		]
    }
}
