{
    "variants": {
        "normal": [
            { "model": "block/grass/grass_minecraft", "weight": 1000 },
			{ "model": "block/grass/grass_cyperaceae_flower", "weight": 120 },
			{ "model": "block/grass/grass_cyperaceae_2flower", "weight": 40 },
			{ "model": "block/grass/grass_setaria_viridis", "weight": 80 },
			{ "model": "block/grass/grass_setaria_viridis_flower", "weight": 100 },
			{ "model": "block/grass/grass_setaria_viridis_flower2", "weight": 20 },
			{ "model": "block/grass/grass_pterocypsela_laciniata", "weight": 50 },
			{ "model": "block/grass/wild_carrot", "weight": 4 },
            { "model": "block/grass/grass_cyperaceae", "weight": 577 },
			{ "model": "block/grass/flower/aster", "weight": 5 },
			{ "model": "block/grass/flower/butterfly_orchid", "weight": 5 },
			{ "model": "block/grass/flower/daisy", "weight": 5 },
			{ "model": "block/grass/flower/dandelion", "weight": 5 },
			{ "model": "block/grass/flower/gardenia", "weight": 5 },
			{ "model": "block/grass/flower/lavender", "weight": 5 },
			{ "model": "block/grass/flower/lily", "weight": 5 },
			{ "model": "block/grass/flower/lily_of_the_valley", "weight": 5 },
			{ "model": "block/grass/flower/luculia", "weight": 5 },
			{ "model": "block/grass/flower/marigold", "weight": 5 },
			{ "model": "block/grass/flower/snowy_azure", "weight": 5 },
			{ "model": "block/grass/flower/white_chrysanthemum", "weight": 5 },
			{ "model": "block/grass/flower/wild_daisy", "weight": 5 },
			{ "model": "block/grass/flower/wild_syringa", "weight": 5 },
			{ "model": "block/grass/flower/yucca", "weight": 5 },
			{ "model": "block/grass/grass_butterfly1", "weight": 2 },
			{ "model": "block/grass/grass_butterfly1", "weight": 2, "y": 90 },
			{ "model": "block/grass/grass_butterfly1", "weight": 2, "y": 180 },
			{ "model": "block/grass/grass_butterfly1", "weight": 2, "y": 270 },
			{ "model": "block/grass/grass_butterfly2", "weight": 2 },
			{ "model": "block/grass/grass_butterfly2", "weight": 2, "y": 90 },
			{ "model": "block/grass/grass_butterfly2", "weight": 2, "y": 180 },
			{ "model": "block/grass/grass_butterfly2", "weight": 2, "y": 270 },
			{ "model": "block/grass/grass_dragonfly", "weight": 3 },
			{ "model": "block/grass/grass_dragonfly", "weight": 3, "y": 90 },
			{ "model": "block/grass/grass_dragonfly", "weight": 3, "y": 180 },
			{ "model": "block/grass/grass_dragonfly", "weight": 3, "y": 270 },
			{ "model": "block/grass/grass_minecraft_glowworm", "weight": 7 },
			{ "model": "block/grass/grass_minecraft_glowworm", "weight": 7, "y": 90 },
			{ "model": "block/grass/grass_minecraft_glowworm", "weight": 7, "y": 180 },
			{ "model": "block/grass/grass_minecraft_glowworm", "weight": 7, "y": 270 },
			{ "model": "block/grass/grass_minecraft_glowworm1", "weight": 11 },
			{ "model": "block/grass/grass_minecraft_glowworm1", "weight": 11, "y": 90 },
			{ "model": "block/grass/grass_minecraft_glowworm1", "weight": 11, "y": 180 },
			{ "model": "block/grass/grass_minecraft_glowworm1", "weight": 11, "y": 270 },
			{ "model": "block/grass/grass_minecraft_glowworm2", "weight": 17 },
			{ "model": "block/grass/grass_minecraft_glowworm2", "weight": 17, "y": 90 },
			{ "model": "block/grass/grass_minecraft_glowworm2", "weight": 17, "y": 180 },
			{ "model": "block/grass/grass_minecraft_glowworm2", "weight": 17, "y": 270 }
        ]
    }
}