{
	"credit": "Made with Blockbench",
	"textures": {
		"1": "block/animals/soul_skeleton",
		"2": "block/soul_sand/soul_sand2",
		"particle": "block/animals/soul_skeleton"
	},
	"elements": [
		{
			"from": [1, 16, 3],
			"to": [9, 24, 11],
			"shade": false,
			"rotation": {"angle": -45, "axis": "y", "origin": [8, 24, 12]},
			"faces": {
				"north": {"uv": [4, 4, 8, 8], "texture": "#1"},
				"east": {"uv": [0, 4, 4, 8], "texture": "#1"},
				"south": {"uv": [12, 4, 16, 8], "texture": "#1"},
				"west": {"uv": [8, 4, 12, 8], "texture": "#1"},
				"up": {"uv": [4, 0, 8, 4], "texture": "#1"},
				"down": {"uv": [4, 0, 8, 4], "texture": "#1"}
			}
		},
		{
			"from": [2, 16, 10],
			"to": [7, 21, 15],
			"shade": false,
			"rotation": {"angle": 0, "axis": "y", "origin": [8, 24, 12]},
			"faces": {
				"north": {"uv": [12, 4, 16, 8], "texture": "#1"},
				"east": {"uv": [8, 4, 12, 8], "texture": "#1"},
				"south": {"uv": [4, 4, 8, 8], "texture": "#1"},
				"west": {"uv": [0, 4, 4, 8], "texture": "#1"},
				"up": {"uv": [4, 0, 8, 4], "rotation": 180, "texture": "#1"},
				"down": {"uv": [4, 0, 8, 4], "rotation": 180, "texture": "#1"}
			}
		},
		{
			"from": [0, 0, 0],
			"to": [16, 16, 16],
			"faces": {
				"north": {"uv": [0, 0, 16, 16], "texture": "#2"},
				"east": {"uv": [0, 0, 16, 16], "texture": "#2"},
				"south": {"uv": [0, 0, 16, 16], "texture": "#2"},
				"west": {"uv": [0, 0, 16, 16], "texture": "#2"},
				"up": {"uv": [0, 0, 16, 16], "texture": "#2"},
				"down": {"uv": [0, 0, 16, 16], "texture": "#2"}
			}
		}
	]
}