{
	"credit": "Pterocypsela laciniata 多裂翅果 菊",
	"textures": {
		"0": "block/grass/grass_pterocypsela_laciniata",
		"particle": "block/grass/grass_pterocypsela_laciniata"
	},
	"elements": [
		{
			"name": "1",
			"from": [7, 1, -1],
			"to": [10, 1, 8],
			"rotation": {"angle": 0, "axis": "y", "origin": [8, 8, 3]},
			"faces": {
				"north": {"uv": [0, 0, 3, 0], "texture": "#missing"},
				"east": {"uv": [0, 0, 10, 0], "texture": "#missing"},
				"south": {"uv": [0, 0, 3, 0], "texture": "#missing"},
				"west": {"uv": [0, 0, 10, 0], "texture": "#missing"},
				"up": {"uv": [3, 1, 6, 10], "texture": "#0", "tintindex": 0 },
				"down": {"uv": [7, 0, 10, 10], "texture": "#0", "tintindex": 0 }
			}
		},
		{
			"from": [7, 2, 1],
			"to": [10, 2, 10],
			"rotation": {"angle": 22.5, "axis": "x", "origin": [8, 8, 3]},
			"faces": {
				"north": {"uv": [0, 0, 3, 0], "texture": "#missing"},
				"east": {"uv": [0, 0, 10, 0], "texture": "#missing"},
				"south": {"uv": [0, 0, 3, 0], "texture": "#missing"},
				"west": {"uv": [0, 0, 10, 0], "texture": "#missing"},
				"up": {"uv": [3, 1, 6, 10], "texture": "#0", "tintindex": 0 },
				"down": {"uv": [7, 0, 10, 10], "texture": "#0", "tintindex": 0 }
			}
		},
		{
			"name": "1",
			"from": [8, 1, 7],
			"to": [17, 1, 10],
			"rotation": {"angle": 0, "axis": "y", "origin": [9, 8, 15]},
			"faces": {
				"north": {"uv": [0, 0, 10, 0], "texture": "#missing"},
				"east": {"uv": [0, 0, 3, 0], "texture": "#missing"},
				"south": {"uv": [0, 0, 10, 0], "texture": "#missing"},
				"west": {"uv": [0, 0, 3, 0], "texture": "#missing"},
				"up": {"uv": [3, 1, 6, 10], "rotation": 90, "texture": "#0", "tintindex": 0 },
				"down": {"uv": [7, 0, 10, 10], "rotation": 270, "texture": "#0", "tintindex": 0 }
			}
		},
		{
			"from": [7, 0, 7],
			"to": [16, 0, 10],
			"rotation": {"angle": 22.5, "axis": "z", "origin": [9, 8, 15]},
			"faces": {
				"north": {"uv": [0, 0, 10, 0], "texture": "#missing"},
				"east": {"uv": [0, 0, 3, 0], "texture": "#missing"},
				"south": {"uv": [0, 0, 10, 0], "texture": "#missing"},
				"west": {"uv": [0, 0, 3, 0], "texture": "#missing"},
				"up": {"uv": [3, 1, 6, 10], "rotation": 90, "texture": "#0", "tintindex": 0 },
				"down": {"uv": [7, 0, 10, 10], "rotation": 270, "texture": "#0", "tintindex": 0 }
			}
		},
		{
			"name": "1",
			"from": [7, 1, 8],
			"to": [10, 1, 17],
			"rotation": {"angle": 0, "axis": "y", "origin": [9, 8, 15]},
			"faces": {
				"north": {"uv": [0, 0, 3, 0], "texture": "#missing"},
				"east": {"uv": [0, 0, 10, 0], "texture": "#missing"},
				"south": {"uv": [0, 0, 3, 0], "texture": "#missing"},
				"west": {"uv": [0, 0, 10, 0], "texture": "#missing"},
				"up": {"uv": [3, 1, 6, 10], "rotation": 180, "texture": "#0", "tintindex": 0 },
				"down": {"uv": [7, 0, 10, 10], "rotation": 180, "texture": "#0", "tintindex": 0 }
			}
		},
		{
			"name": "1",
			"from": [6, 1, -2],
			"to": [9, 1, 7],
			"rotation": {"angle": -45, "axis": "y", "origin": [7, 8, 9]},
			"faces": {
				"north": {"uv": [0, 0, 3, 0], "texture": "#missing"},
				"east": {"uv": [0, 0, 10, 0], "texture": "#missing"},
				"south": {"uv": [0, 0, 3, 0], "texture": "#missing"},
				"west": {"uv": [0, 0, 10, 0], "texture": "#missing"},
				"up": {"uv": [3, 1, 6, 10], "texture": "#0", "tintindex": 0 },
				"down": {"uv": [7, 0, 10, 10], "texture": "#0", "tintindex": 0 }
			}
		},
		{
			"name": "1",
			"from": [7, 1, 6],
			"to": [16, 1, 9],
			"rotation": {"angle": -45, "axis": "y", "origin": [7, 8, 9]},
			"faces": {
				"north": {"uv": [0, 0, 10, 0], "texture": "#missing"},
				"east": {"uv": [0, 0, 3, 0], "texture": "#missing"},
				"south": {"uv": [0, 0, 10, 0], "texture": "#missing"},
				"west": {"uv": [0, 0, 3, 0], "texture": "#missing"},
				"up": {"uv": [3, 1, 6, 10], "rotation": 90, "texture": "#0", "tintindex": 0 },
				"down": {"uv": [7, 0, 10, 10], "rotation": 270, "texture": "#0", "tintindex": 0 }
			}
		},
		{
			"name": "1",
			"from": [-2, 1, 6],
			"to": [7, 1, 9],
			"rotation": {"angle": -45, "axis": "y", "origin": [7, 8, 9]},
			"faces": {
				"north": {"uv": [0, 0, 10, 0], "texture": "#missing"},
				"east": {"uv": [0, 0, 3, 0], "texture": "#missing"},
				"south": {"uv": [0, 0, 10, 0], "texture": "#missing"},
				"west": {"uv": [0, 0, 3, 0], "texture": "#missing"},
				"up": {"uv": [3, 1, 6, 10], "rotation": 270, "texture": "#0", "tintindex": 0 },
				"down": {"uv": [7, 0, 10, 10], "rotation": 90, "texture": "#0", "tintindex": 0 }
			}
		},
		{
			"name": "1",
			"from": [6, 1, 7],
			"to": [9, 1, 16],
			"rotation": {"angle": -45, "axis": "y", "origin": [7, 8, 9]},
			"faces": {
				"north": {"uv": [0, 0, 3, 0], "texture": "#missing"},
				"east": {"uv": [0, 0, 10, 0], "texture": "#missing"},
				"south": {"uv": [0, 0, 3, 0], "texture": "#missing"},
				"west": {"uv": [0, 0, 10, 0], "texture": "#missing"},
				"up": {"uv": [3, 1, 6, 10], "rotation": 180, "texture": "#0", "tintindex": 0 },
				"down": {"uv": [7, 0, 10, 10], "rotation": 180, "texture": "#0", "tintindex": 0 }
			}
		},
		{
			"from": [7, 0, 8],
			"to": [10, 0, 17],
			"rotation": {"angle": -22.5, "axis": "x", "origin": [8, 1, 9]},
			"faces": {
				"north": {"uv": [0, 0, 3, 0], "texture": "#missing"},
				"east": {"uv": [0, 0, 10, 0], "texture": "#missing"},
				"south": {"uv": [0, 0, 3, 0], "texture": "#missing"},
				"west": {"uv": [0, 0, 10, 0], "texture": "#missing"},
				"up": {"uv": [3, 1, 6, 10], "rotation": 180, "texture": "#0", "tintindex": 0 },
				"down": {"uv": [7, 0, 10, 10], "rotation": 180, "texture": "#0", "tintindex": 0 }
			}
		},
		{
			"name": "1",
			"from": [-1, 1, 7],
			"to": [8, 1, 10],
			"rotation": {"angle": 0, "axis": "y", "origin": [8, 8, 3]},
			"faces": {
				"north": {"uv": [0, 0, 10, 0], "texture": "#missing"},
				"east": {"uv": [0, 0, 3, 0], "texture": "#missing"},
				"south": {"uv": [0, 0, 10, 0], "texture": "#missing"},
				"west": {"uv": [0, 0, 3, 0], "texture": "#missing"},
				"up": {"uv": [3, 1, 6, 10], "rotation": 270, "texture": "#0", "tintindex": 0 },
				"down": {"uv": [7, 0, 10, 10], "rotation": 90, "texture": "#0", "tintindex": 0 }
			}
		},
		{
			"from": [2, 0, 7],
			"to": [11, 0, 10],
			"rotation": {"angle": -22.5, "axis": "z", "origin": [8, 8, 3]},
			"faces": {
				"north": {"uv": [0, 0, 10, 0], "texture": "#missing"},
				"east": {"uv": [0, 0, 3, 0], "texture": "#missing"},
				"south": {"uv": [0, 0, 10, 0], "texture": "#missing"},
				"west": {"uv": [0, 0, 3, 0], "texture": "#missing"},
				"up": {"uv": [3, 1, 6, 10], "rotation": 270, "texture": "#0", "tintindex": 0 },
				"down": {"uv": [7, 0, 10, 10], "rotation": 90, "texture": "#0", "tintindex": 0 }
			}
		},
		{
			"name": "1",
			"from": [-1, 6, 7],
			"to": [8, 6, 10],
			"rotation": {"angle": 0, "axis": "y", "origin": [8, 13, 3]},
			"faces": {
				"north": {"uv": [0, 0, 10, 0], "texture": "#missing"},
				"east": {"uv": [0, 0, 3, 0], "texture": "#missing"},
				"south": {"uv": [0, 0, 10, 0], "texture": "#missing"},
				"west": {"uv": [0, 0, 3, 0], "texture": "#missing"},
				"up": {"uv": [3, 1, 6, 10], "rotation": 270, "texture": "#0", "tintindex": 0 },
				"down": {"uv": [7, 0, 10, 10], "rotation": 90, "texture": "#0", "tintindex": 0 }
			}
		},
		{
			"name": "1",
			"from": [9, 4, 8],
			"to": [18, 4, 11],
			"rotation": {"angle": 45, "axis": "y", "origin": [8, 12, 9]},
			"faces": {
				"north": {"uv": [0, 0, 10, 0], "texture": "#missing"},
				"east": {"uv": [0, 0, 3, 0], "texture": "#missing"},
				"south": {"uv": [0, 0, 10, 0], "texture": "#missing"},
				"west": {"uv": [0, 0, 3, 0], "texture": "#missing"},
				"up": {"uv": [2, 10, 11, 13], "texture": "#0", "tintindex": 0 },
				"down": {"uv": [7, 0, 10, 10], "rotation": 270, "texture": "#0", "tintindex": 0 }
			}
		},
		{
			"name": "1",
			"from": [8, 4, 7],
			"to": [17, 4, 10],
			"rotation": {"angle": -45, "axis": "y", "origin": [8, 12, 9]},
			"faces": {
				"north": {"uv": [0, 0, 10, 0], "texture": "#missing"},
				"east": {"uv": [0, 0, 3, 0], "texture": "#missing"},
				"south": {"uv": [0, 0, 10, 0], "texture": "#missing"},
				"west": {"uv": [0, 0, 3, 0], "texture": "#missing"},
				"up": {"uv": [7, 1, 10, 10], "rotation": 270, "texture": "#0", "tintindex": 0 },
				"down": {"uv": [7, 0, 10, 10], "rotation": 270, "texture": "#0", "tintindex": 0 }
			}
		},
		{
			"name": "1",
			"from": [7, 4, 8],
			"to": [10, 4, 17],
			"rotation": {"angle": -45, "axis": "y", "origin": [8, 12, 9]},
			"faces": {
				"north": {"uv": [0, 0, 3, 0], "texture": "#missing"},
				"east": {"uv": [0, 0, 10, 0], "texture": "#missing"},
				"south": {"uv": [0, 0, 3, 0], "texture": "#missing"},
				"west": {"uv": [0, 0, 10, 0], "texture": "#missing"},
				"up": {"uv": [2, 13, 11, 16], "rotation": 270, "texture": "#0", "tintindex": 0 },
				"down": {"uv": [7, 0, 10, 10], "rotation": 180, "texture": "#0", "tintindex": 0 }
			}
		},
		{
			"name": "1",
			"from": [-1, 4, 7],
			"to": [8, 4, 10],
			"rotation": {"angle": -45, "axis": "y", "origin": [8, 12, 9]},
			"faces": {
				"north": {"uv": [0, 0, 10, 0], "texture": "#missing"},
				"east": {"uv": [0, 0, 3, 0], "texture": "#missing"},
				"south": {"uv": [0, 0, 10, 0], "texture": "#missing"},
				"west": {"uv": [0, 0, 3, 0], "texture": "#missing"},
				"up": {"uv": [3, 1, 6, 10], "rotation": 270, "texture": "#0", "tintindex": 0 },
				"down": {"uv": [7, 0, 10, 10], "rotation": 90, "texture": "#0", "tintindex": 0 }
			}
		},
		{
			"name": "1",
			"from": [9, 9, 8],
			"to": [16, 9, 11],
			"rotation": {"angle": 45, "axis": "y", "origin": [8, 17, 9]},
			"faces": {
				"north": {"uv": [0, 0, 10, 0], "texture": "#missing"},
				"east": {"uv": [0, 0, 3, 0], "texture": "#missing"},
				"south": {"uv": [0, 0, 10, 0], "texture": "#missing"},
				"west": {"uv": [0, 0, 3, 0], "texture": "#missing"},
				"up": {"uv": [4, 10, 11, 13], "texture": "#0", "tintindex": 0 },
				"down": {"uv": [7, 0, 10, 10], "rotation": 270, "texture": "#0", "tintindex": 0 }
			}
		},
		{
			"name": "1",
			"from": [8, 9, 7],
			"to": [15, 9, 10],
			"rotation": {"angle": -45, "axis": "y", "origin": [8, 17, 9]},
			"faces": {
				"north": {"uv": [0, 0, 10, 0], "texture": "#missing"},
				"east": {"uv": [0, 0, 3, 0], "texture": "#missing"},
				"south": {"uv": [0, 0, 10, 0], "texture": "#missing"},
				"west": {"uv": [0, 0, 3, 0], "texture": "#missing"},
				"up": {"uv": [7, 3, 10, 10], "rotation": 270, "texture": "#0", "tintindex": 0 },
				"down": {"uv": [7, 0, 10, 10], "rotation": 270, "texture": "#0", "tintindex": 0 }
			}
		},
		{
			"name": "1",
			"from": [7, 9, 8],
			"to": [10, 9, 15],
			"rotation": {"angle": -45, "axis": "y", "origin": [8, 17, 9]},
			"faces": {
				"north": {"uv": [0, 0, 3, 0], "texture": "#missing"},
				"east": {"uv": [0, 0, 10, 0], "texture": "#missing"},
				"south": {"uv": [0, 0, 3, 0], "texture": "#missing"},
				"west": {"uv": [0, 0, 10, 0], "texture": "#missing"},
				"up": {"uv": [2, 13, 9, 16], "rotation": 270, "texture": "#0", "tintindex": 0 },
				"down": {"uv": [7, 0, 10, 10], "rotation": 180, "texture": "#0", "tintindex": 0 }
			}
		},
		{
			"name": "1",
			"from": [1, 9, 7],
			"to": [8, 9, 10],
			"rotation": {"angle": -45, "axis": "y", "origin": [8, 17, 9]},
			"faces": {
				"north": {"uv": [0, 0, 10, 0], "texture": "#missing"},
				"east": {"uv": [0, 0, 3, 0], "texture": "#missing"},
				"south": {"uv": [0, 0, 10, 0], "texture": "#missing"},
				"west": {"uv": [0, 0, 3, 0], "texture": "#missing"},
				"up": {"uv": [3, 1, 6, 8], "rotation": 270, "texture": "#0", "tintindex": 0 },
				"down": {"uv": [7, 0, 10, 10], "rotation": 90, "texture": "#0", "tintindex": 0 }
			}
		},
		{
			"name": "1",
			"from": [7, 13, 8],
			"to": [10, 13, 15],
			"rotation": {"angle": -22.5, "axis": "y", "origin": [8, 20, 9]},
			"faces": {
				"north": {"uv": [0, 0, 3, 0], "texture": "#missing"},
				"east": {"uv": [0, 0, 10, 0], "texture": "#missing"},
				"south": {"uv": [0, 0, 3, 0], "texture": "#missing"},
				"west": {"uv": [0, 0, 10, 0], "texture": "#missing"},
				"up": {"uv": [2, 13, 9, 16], "rotation": 270, "texture": "#0", "tintindex": 0 },
				"down": {"uv": [7, 0, 10, 10], "rotation": 180, "texture": "#0", "tintindex": 0 }
			}
		},
		{
			"name": "1",
			"from": [8, 13, 7],
			"to": [15, 13, 10],
			"rotation": {"angle": -22.5, "axis": "y", "origin": [8, 20, 9]},
			"faces": {
				"north": {"uv": [0, 0, 10, 0], "texture": "#missing"},
				"east": {"uv": [0, 0, 3, 0], "texture": "#missing"},
				"south": {"uv": [0, 0, 10, 0], "texture": "#missing"},
				"west": {"uv": [0, 0, 3, 0], "texture": "#missing"},
				"up": {"uv": [7, 3, 10, 10], "rotation": 270, "texture": "#0", "tintindex": 0 },
				"down": {"uv": [7, 0, 10, 10], "rotation": 270, "texture": "#0", "tintindex": 0 }
			}
		},
		{
			"name": "1",
			"from": [7, 13, 1],
			"to": [10, 13, 8],
			"rotation": {"angle": -22.5, "axis": "y", "origin": [8, 20, 9]},
			"faces": {
				"north": {"uv": [0, 0, 3, 0], "texture": "#missing"},
				"east": {"uv": [0, 0, 10, 0], "texture": "#missing"},
				"south": {"uv": [0, 0, 3, 0], "texture": "#missing"},
				"west": {"uv": [0, 0, 10, 0], "texture": "#missing"},
				"up": {"uv": [4, 10, 11, 13], "rotation": 270, "texture": "#0", "tintindex": 0 },
				"down": {"uv": [7, 0, 10, 10], "texture": "#0", "tintindex": 0 }
			}
		},
		{
			"name": "1",
			"from": [1, 13, 7],
			"to": [8, 13, 10],
			"rotation": {"angle": -22.5, "axis": "y", "origin": [8, 20, 9]},
			"faces": {
				"north": {"uv": [0, 0, 10, 0], "texture": "#missing"},
				"east": {"uv": [0, 0, 3, 0], "texture": "#missing"},
				"south": {"uv": [0, 0, 10, 0], "texture": "#missing"},
				"west": {"uv": [0, 0, 3, 0], "texture": "#missing"},
				"up": {"uv": [3, 1, 6, 8], "rotation": 270, "texture": "#0", "tintindex": 0 },
				"down": {"uv": [7, 0, 10, 10], "rotation": 90, "texture": "#0", "tintindex": 0 }
			}
		},
		{
			"from": [7, 5, 8],
			"to": [10, 5, 17],
			"rotation": {"angle": -22.5, "axis": "x", "origin": [8, 6, 9]},
			"faces": {
				"north": {"uv": [0, 0, 3, 0], "texture": "#missing"},
				"east": {"uv": [0, 0, 10, 0], "texture": "#missing"},
				"south": {"uv": [0, 0, 3, 0], "texture": "#missing"},
				"west": {"uv": [0, 0, 10, 0], "texture": "#missing"},
				"up": {"uv": [3, 1, 6, 10], "rotation": 180, "texture": "#0", "tintindex": 0 },
				"down": {"uv": [7, 0, 10, 10], "rotation": 180, "texture": "#0", "tintindex": 0 }
			}
		},
		{
			"from": [4, 9, 7],
			"to": [11, 9, 10],
			"rotation": {"angle": -22.5, "axis": "z", "origin": [8, 17, 3]},
			"faces": {
				"north": {"uv": [0, 0, 10, 0], "texture": "#missing"},
				"east": {"uv": [0, 0, 3, 0], "texture": "#missing"},
				"south": {"uv": [0, 0, 10, 0], "texture": "#missing"},
				"west": {"uv": [0, 0, 3, 0], "texture": "#missing"},
				"up": {"uv": [3, 1, 6, 8], "rotation": 270, "texture": "#0", "tintindex": 0 },
				"down": {"uv": [7, 0, 10, 10], "rotation": 90, "texture": "#0", "tintindex": 0 }
			}
		},
		{
			"from": [7, 15, 8],
			"to": [10, 15, 15],
			"rotation": {"angle": -22.5, "axis": "x", "origin": [8, 16, 9]},
			"faces": {
				"north": {"uv": [0, 0, 3, 0], "texture": "#missing"},
				"east": {"uv": [0, 0, 10, 0], "texture": "#missing"},
				"south": {"uv": [0, 0, 3, 0], "texture": "#missing"},
				"west": {"uv": [0, 0, 10, 0], "texture": "#missing"},
				"up": {"uv": [3, 1, 6, 6], "rotation": 180, "texture": "#0", "tintindex": 0 },
				"down": {"uv": [7, 0, 10, 10], "rotation": 180, "texture": "#0", "tintindex": 0 }
			}
		},
		{
			"from": [6, 15, 7],
			"to": [13, 15, 10],
			"rotation": {"angle": 22.5, "axis": "z", "origin": [9, 23, 15]},
			"faces": {
				"north": {"uv": [0, 0, 10, 0], "texture": "#missing"},
				"east": {"uv": [0, 0, 3, 0], "texture": "#missing"},
				"south": {"uv": [0, 0, 10, 0], "texture": "#missing"},
				"west": {"uv": [0, 0, 3, 0], "texture": "#missing"},
				"up": {"uv": [3, 1, 6, 6], "rotation": 90, "texture": "#0", "tintindex": 0 },
				"down": {"uv": [7, 0, 10, 10], "rotation": 270, "texture": "#0", "tintindex": 0 }
			}
		},
		{
			"from": [7, 17, 5],
			"to": [10, 17, 11],
			"rotation": {"angle": 22.5, "axis": "x", "origin": [8, 23, 3]},
			"faces": {
				"north": {"uv": [0, 0, 3, 0], "texture": "#missing"},
				"east": {"uv": [0, 0, 10, 0], "texture": "#missing"},
				"south": {"uv": [0, 0, 3, 0], "texture": "#missing"},
				"west": {"uv": [0, 0, 10, 0], "texture": "#missing"},
				"up": {"uv": [3, 1, 6, 6], "texture": "#0", "tintindex": 0 },
				"down": {"uv": [7, 0, 10, 10], "texture": "#0", "tintindex": 0 }
			}
		},
		{
			"from": [6, 15, 7],
			"to": [11, 15, 10],
			"rotation": {"angle": -22.5, "axis": "z", "origin": [8, 23, 3]},
			"faces": {
				"north": {"uv": [0, 0, 10, 0], "texture": "#missing"},
				"east": {"uv": [0, 0, 3, 0], "texture": "#missing"},
				"south": {"uv": [0, 0, 10, 0], "texture": "#missing"},
				"west": {"uv": [0, 0, 3, 0], "texture": "#missing"},
				"up": {"uv": [3, 1, 6, 6], "rotation": 270, "texture": "#0", "tintindex": 0 },
				"down": {"uv": [7, 0, 10, 10], "rotation": 90, "texture": "#0", "tintindex": 0 }
			}
		},
		{
			"from": [7, 19, 8],
			"to": [10, 19, 11],
			"rotation": {"angle": 22.5, "axis": "x", "origin": [8, 25, 3]},
			"faces": {
				"north": {"uv": [0, 0, 3, 0], "texture": "#missing"},
				"east": {"uv": [0, 0, 10, 0], "texture": "#missing"},
				"south": {"uv": [0, 0, 3, 0], "texture": "#missing"},
				"west": {"uv": [0, 0, 10, 0], "texture": "#missing"},
				"up": {"uv": [3, 1, 6, 4], "texture": "#0", "tintindex": 0 },
				"down": {"uv": [7, 0, 10, 10], "texture": "#0", "tintindex": 0 }
			}
		},
		{
			"from": [6, 17, 7],
			"to": [9, 17, 10],
			"rotation": {"angle": 22.5, "axis": "z", "origin": [9, 25, 15]},
			"faces": {
				"north": {"uv": [0, 0, 10, 0], "texture": "#missing"},
				"east": {"uv": [0, 0, 3, 0], "texture": "#missing"},
				"south": {"uv": [0, 0, 10, 0], "texture": "#missing"},
				"west": {"uv": [0, 0, 3, 0], "texture": "#missing"},
				"up": {"uv": [3, 1, 6, 4], "rotation": 90, "texture": "#0", "tintindex": 0 },
				"down": {"uv": [7, 0, 10, 10], "rotation": 270, "texture": "#0", "tintindex": 0 }
			}
		},
		{
			"from": [7, 17, 8],
			"to": [10, 17, 11],
			"rotation": {"angle": -22.5, "axis": "x", "origin": [8, 18, 9]},
			"faces": {
				"north": {"uv": [0, 0, 3, 0], "texture": "#missing"},
				"east": {"uv": [0, 0, 10, 0], "texture": "#missing"},
				"south": {"uv": [0, 0, 3, 0], "texture": "#missing"},
				"west": {"uv": [0, 0, 10, 0], "texture": "#missing"},
				"up": {"uv": [3, 1, 6, 4], "rotation": 180, "texture": "#0", "tintindex": 0 },
				"down": {"uv": [7, 0, 10, 10], "rotation": 180, "texture": "#0", "tintindex": 0 }
			}
		},
		{
			"from": [8, 17, 7],
			"to": [11, 17, 10],
			"rotation": {"angle": -22.5, "axis": "z", "origin": [8, 25, 3]},
			"faces": {
				"north": {"uv": [0, 0, 10, 0], "texture": "#missing"},
				"east": {"uv": [0, 0, 3, 0], "texture": "#missing"},
				"south": {"uv": [0, 0, 10, 0], "texture": "#missing"},
				"west": {"uv": [0, 0, 3, 0], "texture": "#missing"},
				"up": {"uv": [3, 1, 6, 4], "rotation": 270, "texture": "#0", "tintindex": 0 },
				"down": {"uv": [7, 0, 10, 10], "rotation": 90, "texture": "#0", "tintindex": 0 }
			}
		},
		{
			"from": [7, 11, 3],
			"to": [10, 11, 10],
			"rotation": {"angle": 22.5, "axis": "x", "origin": [8, 17, 3]},
			"faces": {
				"north": {"uv": [0, 0, 3, 0], "texture": "#missing"},
				"east": {"uv": [0, 0, 10, 0], "texture": "#missing"},
				"south": {"uv": [0, 0, 3, 0], "texture": "#missing"},
				"west": {"uv": [0, 0, 10, 0], "texture": "#missing"},
				"up": {"uv": [3, 1, 6, 8], "texture": "#0", "tintindex": 0 },
				"down": {"uv": [7, 0, 10, 10], "texture": "#0", "tintindex": 0 }
			}
		},
		{
			"from": [7, 9, 7],
			"to": [14, 9, 10],
			"rotation": {"angle": 22.5, "axis": "z", "origin": [9, 17, 15]},
			"faces": {
				"north": {"uv": [0, 0, 10, 0], "texture": "#missing"},
				"east": {"uv": [0, 0, 3, 0], "texture": "#missing"},
				"south": {"uv": [0, 0, 10, 0], "texture": "#missing"},
				"west": {"uv": [0, 0, 3, 0], "texture": "#missing"},
				"up": {"uv": [3, 1, 6, 8], "rotation": 90, "texture": "#0", "tintindex": 0 },
				"down": {"uv": [7, 0, 10, 10], "rotation": 270, "texture": "#0", "tintindex": 0 }
			}
		},
		{
			"from": [7, 9, 8],
			"to": [10, 9, 15],
			"rotation": {"angle": -22.5, "axis": "x", "origin": [8, 10, 9]},
			"faces": {
				"north": {"uv": [0, 0, 3, 0], "texture": "#missing"},
				"east": {"uv": [0, 0, 10, 0], "texture": "#missing"},
				"south": {"uv": [0, 0, 3, 0], "texture": "#missing"},
				"west": {"uv": [0, 0, 10, 0], "texture": "#missing"},
				"up": {"uv": [3, 1, 6, 8], "rotation": 180, "texture": "#0", "tintindex": 0 },
				"down": {"uv": [7, 0, 10, 10], "rotation": 180, "texture": "#0", "tintindex": 0 }
			}
		},
		{
			"name": "1",
			"from": [7, 6, 8],
			"to": [10, 6, 17],
			"rotation": {"angle": 0, "axis": "y", "origin": [9, 13, 15]},
			"faces": {
				"north": {"uv": [0, 0, 3, 0], "texture": "#missing"},
				"east": {"uv": [0, 0, 10, 0], "texture": "#missing"},
				"south": {"uv": [0, 0, 3, 0], "texture": "#missing"},
				"west": {"uv": [0, 0, 10, 0], "texture": "#missing"},
				"up": {"uv": [2, 13, 11, 16], "rotation": 270, "texture": "#0", "tintindex": 0 },
				"down": {"uv": [7, 0, 10, 10], "rotation": 180, "texture": "#0", "tintindex": 0 }
			}
		},
		{
			"from": [7, 5, 7],
			"to": [16, 5, 10],
			"rotation": {"angle": 22.5, "axis": "z", "origin": [9, 13, 15]},
			"faces": {
				"north": {"uv": [0, 0, 10, 0], "texture": "#missing"},
				"east": {"uv": [0, 0, 3, 0], "texture": "#missing"},
				"south": {"uv": [0, 0, 10, 0], "texture": "#missing"},
				"west": {"uv": [0, 0, 3, 0], "texture": "#missing"},
				"up": {"uv": [3, 1, 6, 10], "rotation": 90, "texture": "#0", "tintindex": 0 },
				"down": {"uv": [7, 0, 10, 10], "rotation": 270, "texture": "#0", "tintindex": 0 }
			}
		},
		{
			"name": "1",
			"from": [8, 6, 7],
			"to": [17, 6, 10],
			"rotation": {"angle": 0, "axis": "y", "origin": [9, 13, 15]},
			"faces": {
				"north": {"uv": [0, 0, 10, 0], "texture": "#missing"},
				"east": {"uv": [0, 0, 3, 0], "texture": "#missing"},
				"south": {"uv": [0, 0, 10, 0], "texture": "#missing"},
				"west": {"uv": [0, 0, 3, 0], "texture": "#missing"},
				"up": {"uv": [3, 1, 6, 10], "rotation": 270, "texture": "#0", "tintindex": 0 },
				"down": {"uv": [7, 0, 10, 10], "rotation": 270, "texture": "#0", "tintindex": 0 }
			}
		},
		{
			"from": [7, 7, 1],
			"to": [10, 7, 10],
			"rotation": {"angle": 22.5, "axis": "x", "origin": [8, 13, 3]},
			"faces": {
				"north": {"uv": [0, 0, 3, 0], "texture": "#missing"},
				"east": {"uv": [0, 0, 10, 0], "texture": "#missing"},
				"south": {"uv": [0, 0, 3, 0], "texture": "#missing"},
				"west": {"uv": [0, 0, 10, 0], "texture": "#missing"},
				"up": {"uv": [3, 1, 6, 10], "texture": "#0", "tintindex": 0 },
				"down": {"uv": [7, 0, 10, 10], "texture": "#0", "tintindex": 0 }
			}
		},
		{
			"name": "1",
			"from": [7, 6, -1],
			"to": [10, 6, 8],
			"rotation": {"angle": 0, "axis": "y", "origin": [8, 13, 3]},
			"faces": {
				"north": {"uv": [0, 0, 3, 0], "texture": "#missing"},
				"east": {"uv": [0, 0, 10, 0], "texture": "#missing"},
				"south": {"uv": [0, 0, 3, 0], "texture": "#missing"},
				"west": {"uv": [0, 0, 10, 0], "texture": "#missing"},
				"up": {"uv": [2, 10, 11, 13], "rotation": 270, "texture": "#0", "tintindex": 0 },
				"down": {"uv": [7, 0, 10, 10], "texture": "#0", "tintindex": 0 }
			}
		},
		{
			"from": [2, 5, 7],
			"to": [11, 5, 10],
			"rotation": {"angle": -22.5, "axis": "z", "origin": [8, 13, 3]},
			"faces": {
				"north": {"uv": [0, 0, 10, 0], "texture": "#missing"},
				"east": {"uv": [0, 0, 3, 0], "texture": "#missing"},
				"south": {"uv": [0, 0, 10, 0], "texture": "#missing"},
				"west": {"uv": [0, 0, 3, 0], "texture": "#missing"},
				"up": {"uv": [3, 1, 6, 10], "rotation": 270, "texture": "#0", "tintindex": 0 },
				"down": {"uv": [7, 0, 10, 10], "rotation": 90, "texture": "#0", "tintindex": 0 }
			}
		},
		{
			"from": [8, 0, 8],
			"to": [9, 18, 9],
			"faces": {
				"north": {"uv": [0, 0, 1, 16], "texture": "#0", "tintindex": 0 },
				"east": {"uv": [0, 0, 1, 16], "texture": "#0", "tintindex": 0 },
				"south": {"uv": [0, 0, 1, 16], "texture": "#0", "tintindex": 0 },
				"west": {"uv": [0, 0, 1, 16], "texture": "#0", "tintindex": 0 },
				"up": {"uv": [0, 0, 1, 1], "texture": "#0", "tintindex": 0 },
				"down": {"uv": [0, 0, 1, 1], "texture": "#missing"}
			}
		},
		{
			"name": "1",
			"from": [7, 14, 2],
			"to": [10, 14, 9],
			"rotation": {"angle": 22.5, "axis": "y", "origin": [8, 22, 9]},
			"faces": {
				"north": {"uv": [0, 0, 3, 0], "texture": "#missing"},
				"east": {"uv": [0, 0, 10, 0], "texture": "#missing"},
				"south": {"uv": [0, 0, 3, 0], "texture": "#missing"},
				"west": {"uv": [0, 0, 10, 0], "texture": "#missing"},
				"up": {"uv": [3, 1, 6, 8], "texture": "#0", "tintindex": 0 },
				"down": {"uv": [7, 0, 10, 10], "texture": "#0", "tintindex": 0 }
			}
		},
		{
			"name": "1",
			"from": [9, 14, 8],
			"to": [16, 14, 11],
			"rotation": {"angle": 22.5, "axis": "y", "origin": [8, 22, 9]},
			"faces": {
				"north": {"uv": [0, 0, 10, 0], "texture": "#missing"},
				"east": {"uv": [0, 0, 3, 0], "texture": "#missing"},
				"south": {"uv": [0, 0, 10, 0], "texture": "#missing"},
				"west": {"uv": [0, 0, 3, 0], "texture": "#missing"},
				"up": {"uv": [4, 10, 11, 13], "texture": "#0", "tintindex": 0 },
				"down": {"uv": [7, 0, 10, 10], "rotation": 270, "texture": "#0", "tintindex": 0 }
			}
		},
		{
			"name": "1",
			"from": [7, 14, 9],
			"to": [10, 14, 16],
			"rotation": {"angle": 22.5, "axis": "y", "origin": [8, 22, 9]},
			"faces": {
				"north": {"uv": [0, 0, 3, 0], "texture": "#missing"},
				"east": {"uv": [0, 0, 10, 0], "texture": "#missing"},
				"south": {"uv": [0, 0, 3, 0], "texture": "#missing"},
				"west": {"uv": [0, 0, 10, 0], "texture": "#missing"},
				"up": {"uv": [7, 3, 10, 10], "texture": "#0", "tintindex": 0 },
				"down": {"uv": [7, 0, 10, 10], "rotation": 180, "texture": "#0", "tintindex": 0 }
			}
		},
		{
			"name": "1",
			"from": [2, 14, 8],
			"to": [9, 14, 11],
			"rotation": {"angle": 22.5, "axis": "y", "origin": [8, 22, 9]},
			"faces": {
				"north": {"uv": [0, 0, 10, 0], "texture": "#missing"},
				"east": {"uv": [0, 0, 3, 0], "texture": "#missing"},
				"south": {"uv": [0, 0, 10, 0], "texture": "#missing"},
				"west": {"uv": [0, 0, 3, 0], "texture": "#missing"},
				"up": {"uv": [2, 13, 9, 16], "texture": "#0", "tintindex": 0 },
				"down": {"uv": [7, 0, 10, 10], "rotation": 90, "texture": "#0", "tintindex": 0 }
			}
		}
	]
}