{
	"credit": "Cyperaceae Flower2  莎草 花 2",
	"textures": {
		"0": "block/grass/grass_cyperaceae",
		"1": "block/grass/grass_cyperaceae_flower",
		"particle": "block/grass_cyperaceae"
	},
	"elements": [
		{
			"from": [0, 0, 13],
			"to": [16, 14, 13],
			"rotation": {"angle": 22.5, "axis": "x", "origin": [8, 8, 8]},
			"faces": {
				"north": {"uv": [0, 0, 16, 16], "texture": "#0", "tintindex": 0 },
				"east": {"uv": [0, 0, 0, 16], "texture": "#missing"},
				"south": {"uv": [0, 0, 16, 14], "texture": "#0", "tintindex": 0 },
				"west": {"uv": [0, 0, 0, 16], "texture": "#missing"},
				"up": {"uv": [0, 0, 16, 0], "texture": "#missing"},
				"down": {"uv": [0, 0, 16, 0], "texture": "#missing"}
			}
		},
		{
			"from": [1, 2, 0],
			"to": [17, 2, 16],
			"rotation": {"angle": 22.5, "axis": "z", "origin": [8, 8, 8]},
			"faces": {
				"north": {"uv": [0, 0, 0, 16], "rotation": 270, "texture": "#missing"},
				"east": {"uv": [0, 0, 16, 0], "texture": "#missing"},
				"south": {"uv": [0, 0, 0, 16], "rotation": 90, "texture": "#missing"},
				"west": {"uv": [0, 0, 16, 0], "rotation": 180, "texture": "#missing"},
				"up": {"uv": [0, 0, 16, 16], "rotation": 90, "texture": "#0", "tintindex": 0 },
				"down": {"uv": [0, 0, 16, 16], "rotation": 90, "texture": "#0", "tintindex": 0 }
			}
		},
		{
			"from": [2, 2, 0],
			"to": [2, 18, 16],
			"rotation": {"angle": 45, "axis": "z", "origin": [8, 8, 8]},
			"faces": {
				"north": {"uv": [0, 0, 0, 16], "texture": "#missing"},
				"east": {"uv": [0, 0, 16, 16], "texture": "#0", "tintindex": 0 },
				"south": {"uv": [0, 0, 0, 16], "texture": "#missing"},
				"west": {"uv": [0, 0, 16, 16], "texture": "#0", "tintindex": 0 },
				"up": {"uv": [0, 0, 16, 0], "rotation": 270, "texture": "#missing"},
				"down": {"uv": [0, 0, 16, 0], "rotation": 90, "texture": "#missing"}
			}
		},
		{
			"from": [8, -1, 0],
			"to": [8, 12, 16],
			"rotation": {"angle": 22.5, "axis": "y", "origin": [8, 8, 8]},
			"faces": {
				"north": {"uv": [0, 0, 0, 16], "texture": "#missing"},
				"east": {"uv": [0, 0, 16, 13], "texture": "#0", "tintindex": 0 },
				"south": {"uv": [0, 0, 0, 16], "texture": "#missing"},
				"west": {"uv": [0, 0, 16, 16], "texture": "#0", "tintindex": 0 },
				"up": {"uv": [0, 0, 16, 0], "rotation": 90, "texture": "#missing"},
				"down": {"uv": [0, 0, 16, 0], "rotation": 270, "texture": "#missing"}
			}
		},
		{
			"from": [0, 0, 8],
			"to": [15, 12, 8],
			"rotation": {"angle": 22.5, "axis": "y", "origin": [8, 8, 8]},
			"faces": {
				"north": {"uv": [0, 0, 15, 12], "texture": "#0", "tintindex": 0 },
				"east": {"uv": [0, 0, 0, 16], "texture": "#missing"},
				"south": {"uv": [0, 0, 16, 16], "texture": "#0", "tintindex": 0 },
				"west": {"uv": [0, 0, 0, 16], "texture": "#missing"},
				"up": {"uv": [0, 0, 16, 0], "rotation": 180, "texture": "#missing"},
				"down": {"uv": [0, 0, 16, 0], "rotation": 180, "texture": "#missing"}
			}
		},
		{
			"from": [0, 0, 3],
			"to": [16, 16, 3],
			"rotation": {"angle": -45, "axis": "x", "origin": [8, 8, 8]},
			"faces": {
				"north": {"uv": [0, 0, 16, 16], "texture": "#0", "tintindex": 0 },
				"east": {"uv": [0, 0, 0, 16], "texture": "#missing"},
				"south": {"uv": [0, 0, 16, 16], "texture": "#0", "tintindex": 0 },
				"west": {"uv": [0, 0, 0, 16], "texture": "#missing"},
				"up": {"uv": [0, 0, 16, 0], "texture": "#missing"},
				"down": {"uv": [0, 0, 16, 0], "texture": "#missing"}
			}
		},
		{
			"from": [7, 0, 5],
			"to": [7, 18, 6],
			"rotation": {"angle": 0, "axis": "y", "origin": [7, 8, 6]},
			"faces": {
				"north": {"uv": [0, 0, 0, 16], "texture": "#missing"},
				"east": {"uv": [0, 0, 1, 16], "texture": "#1"},
				"south": {"uv": [0, 0, 3, 16], "texture": "#missing"},
				"west": {"uv": [0, 0, 1, 16], "texture": "#1"},
				"up": {"uv": [0, 0, 0, 1], "texture": "#missing"},
				"down": {"uv": [0, 0, 0, 1], "texture": "#missing"}
			}
		},
		{
			"from": [9, 13, 5],
			"to": [12, 13, 6],
			"rotation": {"angle": 22.5, "axis": "z", "origin": [5, 8, 6]},
			"faces": {
				"north": {"uv": [0, 0, 0, 3], "rotation": 90, "texture": "#missing"},
				"east": {"uv": [0, 0, 0, 1], "rotation": 270, "texture": "#missing"},
				"south": {"uv": [0, 0, 0, 3], "rotation": 270, "texture": "#missing"},
				"west": {"uv": [0, 0, 0, 1], "rotation": 270, "texture": "#missing"},
				"up": {"uv": [0, 6, 1, 9], "rotation": 270, "texture": "#1"},
				"down": {"uv": [0, 0, 1, 3], "rotation": 270, "texture": "#1"}
			}
		},
		{
			"from": [-1, 13, 5],
			"to": [2, 13, 6],
			"rotation": {"angle": -45, "axis": "z", "origin": [5, 8, 6]},
			"faces": {
				"north": {"uv": [0, 0, 0, 3], "rotation": 90, "texture": "#missing"},
				"east": {"uv": [0, 0, 0, 1], "rotation": 270, "texture": "#missing"},
				"south": {"uv": [0, 0, 0, 3], "rotation": 270, "texture": "#missing"},
				"west": {"uv": [0, 0, 0, 1], "rotation": 270, "texture": "#missing"},
				"up": {"uv": [0, 6, 1, 9], "rotation": 270, "texture": "#1"},
				"down": {"uv": [0, 0, 1, 3], "rotation": 270, "texture": "#1"}
			}
		},
		{
			"from": [6, 0, 6],
			"to": [7, 18, 6],
			"rotation": {"angle": -22.5, "axis": "y", "origin": [7, 8, 6]},
			"faces": {
				"north": {"uv": [0, 0, 1, 16], "texture": "#1"},
				"east": {"uv": [0, 0, 3, 16], "texture": "#missing"},
				"south": {"uv": [0, 0, 1, 16], "texture": "#1"},
				"west": {"uv": [0, 0, 0, 16], "texture": "#missing"},
				"up": {"uv": [0, 0, 0, 1], "rotation": 270, "texture": "#missing"},
				"down": {"uv": [0, 0, 0, 1], "rotation": 90, "texture": "#missing"}
			}
		},
		{
			"from": [3, 14, 5],
			"to": [7, 14, 6],
			"rotation": {"angle": -22.5, "axis": "y", "origin": [7, 8, 6]},
			"faces": {
				"north": {"uv": [0, 0, 0, 3], "rotation": 90, "texture": "#missing"},
				"east": {"uv": [0, 0, 0, 1], "rotation": 270, "texture": "#missing"},
				"south": {"uv": [0, 0, 0, 3], "rotation": 270, "texture": "#missing"},
				"west": {"uv": [0, 0, 0, 1], "rotation": 270, "texture": "#missing"},
				"up": {"uv": [0, 6, 1, 9], "rotation": 270, "texture": "#1"},
				"down": {"uv": [0, 0, 1, 3], "rotation": 270, "texture": "#1"}
			}
		},
		{
			"from": [6, 14, 2],
			"to": [7, 14, 6],
			"rotation": {"angle": -22.5, "axis": "y", "origin": [7, 8, 6]},
			"faces": {
				"north": {"uv": [0, 0, 0, 1], "rotation": 270, "texture": "#missing"},
				"east": {"uv": [0, 0, 0, 3], "rotation": 270, "texture": "#missing"},
				"south": {"uv": [0, 0, 0, 1], "rotation": 270, "texture": "#missing"},
				"west": {"uv": [0, 0, 0, 3], "rotation": 90, "texture": "#missing"},
				"up": {"uv": [0, 6, 1, 9], "rotation": 180, "texture": "#1"},
				"down": {"uv": [0, 0, 1, 3], "texture": "#1"}
			}
		},
		{
			"from": [6, 14, 5],
			"to": [7, 14, 9],
			"rotation": {"angle": 22.5, "axis": "y", "origin": [7, 8, 6]},
			"faces": {
				"north": {"uv": [0, 0, 0, 1], "rotation": 270, "texture": "#missing"},
				"east": {"uv": [0, 0, 0, 3], "rotation": 90, "texture": "#missing"},
				"south": {"uv": [0, 0, 0, 1], "rotation": 270, "texture": "#missing"},
				"west": {"uv": [0, 0, 0, 3], "rotation": 270, "texture": "#missing"},
				"up": {"uv": [0, 6, 1, 9], "texture": "#1"},
				"down": {"uv": [0, 0, 1, 3], "rotation": 180, "texture": "#1"}
			}
		},
		{
			"from": [9, 14, 5],
			"to": [11, 14, 6],
			"rotation": {"angle": 22.5, "axis": "z", "origin": [5, 8, 6]},
			"faces": {
				"north": {"uv": [0, 0, 0, 3], "rotation": 90, "texture": "#missing"},
				"east": {"uv": [0, 0, 0, 1], "rotation": 270, "texture": "#missing"},
				"south": {"uv": [0, 0, 0, 3], "rotation": 270, "texture": "#missing"},
				"west": {"uv": [0, 0, 0, 1], "rotation": 270, "texture": "#missing"},
				"up": {"uv": [0, 6, 1, 9], "rotation": 270, "texture": "#1"},
				"down": {"uv": [0, 0, 1, 3], "rotation": 270, "texture": "#1"}
			}
		},
		{
			"from": [11, 12, 5],
			"to": [11, 14, 6],
			"rotation": {"angle": 45, "axis": "z", "origin": [5, 8, 6]},
			"faces": {
				"north": {"uv": [0, 0, 0, 3], "rotation": 180, "texture": "#missing"},
				"east": {"uv": [0, 0, 1, 3], "rotation": 180, "texture": "#1"},
				"south": {"uv": [0, 0, 0, 3], "rotation": 180, "texture": "#missing"},
				"west": {"uv": [0, 6, 1, 9], "rotation": 180, "texture": "#1"},
				"up": {"uv": [0, 0, 0, 1], "rotation": 180, "texture": "#missing"},
				"down": {"uv": [0, 0, 0, 1], "rotation": 180, "texture": "#missing"}
			}
		},
		{
			"from": [6, 13, 1],
			"to": [7, 15, 1],
			"rotation": {"angle": 45, "axis": "x", "origin": [6, 8, 6]},
			"faces": {
				"north": {"uv": [0, 6, 1, 9], "rotation": 180, "texture": "#1"},
				"east": {"uv": [0, 0, 0, 3], "rotation": 180, "texture": "#missing"},
				"south": {"uv": [0, 0, 1, 3], "rotation": 180, "texture": "#1"},
				"west": {"uv": [0, 0, 0, 3], "rotation": 180, "texture": "#missing"},
				"up": {"uv": [0, 0, 0, 1], "rotation": 270, "texture": "#missing"},
				"down": {"uv": [0, 0, 0, 1], "rotation": 90, "texture": "#missing"}
			}
		},
		{
			"from": [6, 13, 10],
			"to": [7, 16, 10],
			"rotation": {"angle": -45, "axis": "x", "origin": [6, 8, 6]},
			"faces": {
				"north": {"uv": [0, 6, 1, 9], "rotation": 180, "texture": "#1"},
				"east": {"uv": [0, 0, 0, 3], "rotation": 180, "texture": "#missing"},
				"south": {"uv": [0, 0, 1, 3], "rotation": 180, "texture": "#1"},
				"west": {"uv": [0, 0, 0, 3], "rotation": 180, "texture": "#missing"},
				"up": {"uv": [0, 0, 0, 1], "rotation": 270, "texture": "#missing"},
				"down": {"uv": [0, 0, 0, 1], "rotation": 90, "texture": "#missing"}
			}
		},
		{
			"from": [5, 17, 5],
			"to": [8, 17, 6],
			"rotation": {"angle": 0, "axis": "z", "origin": [5, 8, 6]},
			"faces": {
				"north": {"uv": [0, 0, 0, 3], "rotation": 90, "texture": "#missing"},
				"east": {"uv": [0, 0, 0, 1], "rotation": 270, "texture": "#missing"},
				"south": {"uv": [0, 0, 0, 3], "rotation": 270, "texture": "#missing"},
				"west": {"uv": [0, 0, 0, 1], "rotation": 270, "texture": "#missing"},
				"up": {"uv": [0, 6, 1, 9], "rotation": 270, "texture": "#1"},
				"down": {"uv": [0, 0, 1, 3], "rotation": 270, "texture": "#1"}
			}
		},
		{
			"from": [5, 16, 5],
			"to": [8, 20, 5],
			"rotation": {"angle": 0, "axis": "y", "origin": [7, 8, 6]},
			"faces": {
				"north": {"uv": [2, 0, 5, 4], "texture": "#1"},
				"east": {"uv": [0, 0, 0, 4], "texture": "#missing"},
				"south": {"uv": [2, 0, 5, 4], "texture": "#1"},
				"west": {"uv": [0, 0, 0, 4], "texture": "#missing"},
				"up": {"uv": [0, 0, 3, 0], "texture": "#missing"},
				"down": {"uv": [0, 0, 3, 0], "texture": "#missing"}
			}
		},
		{
			"from": [5, 16, 6],
			"to": [8, 20, 6],
			"rotation": {"angle": 0, "axis": "y", "origin": [7, 8, 6]},
			"faces": {
				"north": {"uv": [2, 0, 5, 4], "texture": "#1"},
				"east": {"uv": [0, 0, 0, 4], "texture": "#missing"},
				"south": {"uv": [2, 0, 5, 4], "texture": "#1"},
				"west": {"uv": [0, 0, 0, 4], "texture": "#missing"},
				"up": {"uv": [0, 0, 3, 0], "texture": "#missing"},
				"down": {"uv": [0, 0, 3, 0], "texture": "#missing"}
			}
		},
		{
			"from": [6, 17, 4],
			"to": [6, 20, 7],
			"rotation": {"angle": 0, "axis": "y", "origin": [7, 8, 6]},
			"faces": {
				"north": {"uv": [0, 0, 0, 3], "texture": "#missing"},
				"east": {"uv": [2, 0, 5, 4], "texture": "#1"},
				"south": {"uv": [0, 0, 0, 3], "texture": "#missing"},
				"west": {"uv": [2, 0, 5, 4], "texture": "#1"},
				"up": {"uv": [0, 0, 0, 3], "texture": "#missing"},
				"down": {"uv": [0, 0, 0, 3], "texture": "#missing"}
			}
		},
		{
			"from": [7, 17, 4],
			"to": [7, 20, 7],
			"rotation": {"angle": 0, "axis": "y", "origin": [7, 8, 6]},
			"faces": {
				"north": {"uv": [0, 0, 0, 3], "texture": "#missing"},
				"east": {"uv": [2, 0, 5, 4], "texture": "#1"},
				"south": {"uv": [0, 0, 0, 3], "texture": "#missing"},
				"west": {"uv": [2, 0, 5, 4], "texture": "#1"},
				"up": {"uv": [0, 0, 0, 3], "texture": "#missing"},
				"down": {"uv": [0, 0, 0, 3], "texture": "#missing"}
			}
		},
		{
			"from": [5, 0, 5],
			"to": [5, 16, 6],
			"rotation": {"angle": 22.5, "axis": "z", "origin": [7, 8, 6]},
			"faces": {
				"north": {"uv": [0, 0, 0, 16], "texture": "#missing"},
				"east": {"uv": [0, 0, 1, 13], "texture": "#1"},
				"south": {"uv": [0, 0, 3, 16], "texture": "#missing"},
				"west": {"uv": [0, 0, 1, 16], "texture": "#1"},
				"up": {"uv": [0, 0, 0, 1], "texture": "#missing"},
				"down": {"uv": [0, 0, 0, 1], "texture": "#missing"}
			}
		},
		{
			"from": [9, 0, 5],
			"to": [9, 16, 6],
			"rotation": {"angle": -22.5, "axis": "z", "origin": [7, 8, 6]},
			"faces": {
				"north": {"uv": [0, 0, 0, 16], "texture": "#missing"},
				"east": {"uv": [0, 0, 1, 13], "texture": "#1"},
				"south": {"uv": [0, 0, 3, 16], "texture": "#missing"},
				"west": {"uv": [0, 0, 1, 16], "texture": "#1"},
				"up": {"uv": [0, 0, 0, 1], "texture": "#missing"},
				"down": {"uv": [0, 0, 0, 1], "texture": "#missing"}
			}
		},
		{
			"from": [6, 4, 8],
			"to": [7, 16, 8],
			"rotation": {"angle": 45, "axis": "x", "origin": [7, 8, 6]},
			"faces": {
				"north": {"uv": [0, 3, 1, 13], "texture": "#1"},
				"east": {"uv": [0, 0, 3, 16], "texture": "#missing"},
				"south": {"uv": [0, 0, 1, 16], "texture": "#1"},
				"west": {"uv": [0, 0, 0, 16], "texture": "#missing"},
				"up": {"uv": [0, 0, 0, 1], "rotation": 270, "texture": "#missing"},
				"down": {"uv": [0, 0, 0, 1], "rotation": 90, "texture": "#missing"}
			}
		},
		{
			"name": "1",
			"from": [6, 4, 4],
			"to": [7, 16, 4],
			"rotation": {"angle": -45, "axis": "x", "origin": [7, 8, 6]},
			"faces": {
				"north": {"uv": [0, 3, 1, 13], "texture": "#1"},
				"east": {"uv": [0, 0, 3, 16], "texture": "#missing"},
				"south": {"uv": [0, 0, 1, 16], "texture": "#1"},
				"west": {"uv": [0, 0, 0, 16], "texture": "#missing"},
				"up": {"uv": [0, 0, 0, 1], "rotation": 270, "texture": "#missing"},
				"down": {"uv": [0, 0, 0, 1], "rotation": 90, "texture": "#missing"}
			}
		},
		{
			"from": [10, -3, 8],
			"to": [10, 15, 9],
			"rotation": {"angle": 0, "axis": "y", "origin": [10, 5, 9]},
			"faces": {
				"north": {"uv": [0, 0, 0, 16], "texture": "#1"},
				"east": {"uv": [0, 0, 1, 16], "texture": "#1"},
				"south": {"uv": [0, 0, 3, 16], "texture": "#1"},
				"west": {"uv": [0, 0, 1, 16], "texture": "#1"},
				"up": {"uv": [0, 0, 0, 1], "texture": "#missing"},
				"down": {"uv": [0, 0, 0, 1], "texture": "#missing"}
			}
		},
		{
			"from": [12, 10, 8],
			"to": [15, 10, 9],
			"rotation": {"angle": 22.5, "axis": "z", "origin": [8, 5, 9]},
			"faces": {
				"north": {"uv": [0, 0, 0, 3], "rotation": 90, "texture": "#1"},
				"east": {"uv": [0, 0, 0, 1], "rotation": 270, "texture": "#1"},
				"south": {"uv": [0, 0, 3, 16], "rotation": 270, "texture": "#1"},
				"west": {"uv": [0, 0, 0, 1], "rotation": 270, "texture": "#1"},
				"up": {"uv": [0, 6, 1, 9], "rotation": 270, "texture": "#1"},
				"down": {"uv": [0, 0, 1, 3], "rotation": 270, "texture": "#1"}
			}
		},
		{
			"from": [2, 10, 8],
			"to": [5, 10, 9],
			"rotation": {"angle": -45, "axis": "z", "origin": [8, 5, 9]},
			"faces": {
				"north": {"uv": [0, 0, 0, 3], "rotation": 90, "texture": "#1"},
				"east": {"uv": [0, 0, 0, 1], "rotation": 270, "texture": "#1"},
				"south": {"uv": [0, 0, 3, 16], "rotation": 270, "texture": "#1"},
				"west": {"uv": [0, 0, 0, 1], "rotation": 270, "texture": "#1"},
				"up": {"uv": [0, 6, 1, 9], "rotation": 270, "texture": "#1"},
				"down": {"uv": [0, 0, 1, 3], "rotation": 270, "texture": "#1"}
			}
		},
		{
			"from": [9, -3, 9],
			"to": [10, 15, 9],
			"rotation": {"angle": -22.5, "axis": "y", "origin": [10, 5, 9]},
			"faces": {
				"north": {"uv": [0, 0, 1, 16], "texture": "#1"},
				"east": {"uv": [0, 0, 3, 16], "texture": "#1"},
				"south": {"uv": [0, 0, 1, 16], "texture": "#1"},
				"west": {"uv": [0, 0, 0, 16], "texture": "#1"},
				"up": {"uv": [0, 0, 0, 1], "rotation": 270, "texture": "#missing"},
				"down": {"uv": [0, 0, 0, 1], "rotation": 90, "texture": "#missing"}
			}
		},
		{
			"from": [6, 11, 8],
			"to": [10, 11, 9],
			"rotation": {"angle": -22.5, "axis": "y", "origin": [10, 5, 9]},
			"faces": {
				"north": {"uv": [0, 0, 0, 3], "rotation": 90, "texture": "#1"},
				"east": {"uv": [0, 0, 0, 1], "rotation": 270, "texture": "#1"},
				"south": {"uv": [0, 0, 3, 16], "rotation": 270, "texture": "#1"},
				"west": {"uv": [0, 0, 0, 1], "rotation": 270, "texture": "#1"},
				"up": {"uv": [0, 6, 1, 9], "rotation": 270, "texture": "#1"},
				"down": {"uv": [0, 0, 1, 3], "rotation": 270, "texture": "#1"}
			}
		},
		{
			"from": [9, 11, 5],
			"to": [10, 11, 9],
			"rotation": {"angle": -22.5, "axis": "y", "origin": [10, 5, 9]},
			"faces": {
				"north": {"uv": [0, 0, 0, 1], "rotation": 270, "texture": "#1"},
				"east": {"uv": [0, 0, 0, 3], "rotation": 270, "texture": "#1"},
				"south": {"uv": [0, 0, 3, 16], "rotation": 270, "texture": "#1"},
				"west": {"uv": [0, 0, 0, 3], "rotation": 90, "texture": "#1"},
				"up": {"uv": [0, 6, 1, 9], "rotation": 180, "texture": "#1"},
				"down": {"uv": [0, 0, 1, 3], "texture": "#1"}
			}
		},
		{
			"from": [9, 11, 8],
			"to": [10, 11, 12],
			"rotation": {"angle": 22.5, "axis": "y", "origin": [10, 5, 9]},
			"faces": {
				"north": {"uv": [0, 0, 0, 1], "rotation": 270, "texture": "#1"},
				"east": {"uv": [0, 0, 0, 3], "rotation": 90, "texture": "#1"},
				"south": {"uv": [0, 0, 3, 16], "rotation": 270, "texture": "#1"},
				"west": {"uv": [0, 0, 0, 3], "rotation": 270, "texture": "#1"},
				"up": {"uv": [0, 6, 1, 9], "texture": "#1"},
				"down": {"uv": [0, 0, 1, 3], "rotation": 180, "texture": "#1"}
			}
		},
		{
			"from": [12, 11, 8],
			"to": [14, 11, 9],
			"rotation": {"angle": 22.5, "axis": "z", "origin": [8, 5, 9]},
			"faces": {
				"north": {"uv": [0, 0, 0, 3], "rotation": 90, "texture": "#1"},
				"east": {"uv": [0, 0, 0, 1], "rotation": 270, "texture": "#1"},
				"south": {"uv": [0, 0, 3, 16], "rotation": 270, "texture": "#1"},
				"west": {"uv": [0, 0, 0, 1], "rotation": 270, "texture": "#1"},
				"up": {"uv": [0, 6, 1, 9], "rotation": 270, "texture": "#1"},
				"down": {"uv": [0, 0, 1, 3], "rotation": 270, "texture": "#1"}
			}
		},
		{
			"from": [14, 9, 8],
			"to": [14, 11, 9],
			"rotation": {"angle": 45, "axis": "z", "origin": [8, 5, 9]},
			"faces": {
				"north": {"uv": [0, 0, 0, 3], "rotation": 180, "texture": "#1"},
				"east": {"uv": [0, 0, 1, 3], "rotation": 180, "texture": "#1"},
				"south": {"uv": [0, 0, 3, 16], "rotation": 180, "texture": "#1"},
				"west": {"uv": [0, 6, 1, 9], "rotation": 180, "texture": "#1"},
				"up": {"uv": [0, 0, 0, 1], "rotation": 180, "texture": "#missing"},
				"down": {"uv": [0, 0, 0, 1], "rotation": 180, "texture": "#missing"}
			}
		},
		{
			"from": [9, 10, 4],
			"to": [10, 12, 4],
			"rotation": {"angle": 45, "axis": "x", "origin": [9, 5, 9]},
			"faces": {
				"north": {"uv": [0, 6, 1, 9], "rotation": 180, "texture": "#1"},
				"east": {"uv": [0, 0, 0, 3], "rotation": 180, "texture": "#1"},
				"south": {"uv": [0, 3, 1, 6], "rotation": 180, "texture": "#1"},
				"west": {"uv": [0, 0, 0, 3], "rotation": 180, "texture": "#1"},
				"up": {"uv": [0, 0, 0, 1], "rotation": 270, "texture": "#missing"},
				"down": {"uv": [0, 0, 0, 1], "rotation": 90, "texture": "#missing"}
			}
		},
		{
			"from": [9, 10, 13],
			"to": [10, 13, 13],
			"rotation": {"angle": -45, "axis": "x", "origin": [9, 5, 9]},
			"faces": {
				"north": {"uv": [0, 6, 1, 9], "rotation": 180, "texture": "#1"},
				"east": {"uv": [0, 0, 0, 3], "rotation": 180, "texture": "#1"},
				"south": {"uv": [0, 2, 1, 7], "rotation": 180, "texture": "#1"},
				"west": {"uv": [0, 0, 0, 3], "rotation": 180, "texture": "#1"},
				"up": {"uv": [0, 0, 0, 1], "rotation": 270, "texture": "#missing"},
				"down": {"uv": [0, 0, 0, 1], "rotation": 90, "texture": "#missing"}
			}
		},
		{
			"from": [8, 14, 8],
			"to": [11, 14, 9],
			"rotation": {"angle": 0, "axis": "y", "origin": [8, 5, 9]},
			"faces": {
				"north": {"uv": [0, 0, 0, 3], "rotation": 90, "texture": "#1"},
				"east": {"uv": [0, 0, 0, 1], "rotation": 270, "texture": "#1"},
				"south": {"uv": [0, 0, 3, 16], "rotation": 270, "texture": "#1"},
				"west": {"uv": [0, 0, 0, 1], "rotation": 270, "texture": "#1"},
				"up": {"uv": [0, 6, 1, 9], "rotation": 270, "texture": "#1"},
				"down": {"uv": [0, 0, 1, 3], "rotation": 270, "texture": "#1"}
			}
		},
		{
			"from": [8, 13, 8],
			"to": [11, 17, 8],
			"rotation": {"angle": 0, "axis": "y", "origin": [10, 5, 9]},
			"faces": {
				"north": {"uv": [2, 0, 5, 4], "texture": "#1"},
				"east": {"uv": [0, 0, 0, 4], "texture": "#1"},
				"south": {"uv": [2, 0, 5, 16], "texture": "#1"},
				"west": {"uv": [0, 0, 0, 4], "texture": "#1"},
				"up": {"uv": [0, 0, 3, 0], "texture": "#missing"},
				"down": {"uv": [0, 0, 3, 0], "texture": "#missing"}
			}
		},
		{
			"from": [8, 13, 9],
			"to": [11, 17, 9],
			"rotation": {"angle": 0, "axis": "y", "origin": [10, 5, 9]},
			"faces": {
				"north": {"uv": [2, 0, 5, 4], "texture": "#1"},
				"east": {"uv": [0, 0, 0, 4], "texture": "#1"},
				"south": {"uv": [2, 0, 5, 4], "texture": "#1"},
				"west": {"uv": [0, 0, 0, 4], "texture": "#1"},
				"up": {"uv": [0, 0, 3, 0], "texture": "#missing"},
				"down": {"uv": [0, 0, 3, 0], "texture": "#missing"}
			}
		},
		{
			"from": [9, 14, 7],
			"to": [9, 17, 10],
			"rotation": {"angle": 0, "axis": "y", "origin": [10, 5, 9]},
			"faces": {
				"north": {"uv": [0, 0, 0, 3], "texture": "#1"},
				"east": {"uv": [2, 0, 5, 4], "texture": "#1"},
				"south": {"uv": [0, 0, 3, 16], "texture": "#1"},
				"west": {"uv": [2, 0, 5, 4], "texture": "#1"},
				"up": {"uv": [0, 0, 0, 3], "texture": "#missing"},
				"down": {"uv": [0, 0, 0, 3], "texture": "#missing"}
			}
		},
		{
			"from": [10, 14, 7],
			"to": [10, 17, 10],
			"rotation": {"angle": 0, "axis": "y", "origin": [10, 5, 9]},
			"faces": {
				"north": {"uv": [0, 0, 0, 3], "texture": "#1"},
				"east": {"uv": [2, 0, 5, 4], "texture": "#1"},
				"south": {"uv": [0, 0, 3, 16], "texture": "#1"},
				"west": {"uv": [2, 0, 5, 4], "texture": "#1"},
				"up": {"uv": [0, 0, 0, 3], "texture": "#missing"},
				"down": {"uv": [0, 0, 0, 3], "texture": "#missing"}
			}
		},
		{
			"from": [8, -3, 8],
			"to": [8, 13, 9],
			"rotation": {"angle": 22.5, "axis": "z", "origin": [10, 5, 9]},
			"faces": {
				"north": {"uv": [0, 0, 0, 16], "texture": "#1"},
				"east": {"uv": [0, 0, 1, 13], "texture": "#1"},
				"south": {"uv": [0, 0, 3, 16], "texture": "#1"},
				"west": {"uv": [0, 0, 1, 16], "texture": "#1"},
				"up": {"uv": [0, 0, 0, 1], "texture": "#missing"},
				"down": {"uv": [0, 0, 0, 1], "texture": "#missing"}
			}
		},
		{
			"from": [12, -3, 8],
			"to": [12, 13, 9],
			"rotation": {"angle": -22.5, "axis": "z", "origin": [10, 5, 9]},
			"faces": {
				"north": {"uv": [0, 0, 0, 16], "texture": "#1"},
				"east": {"uv": [0, 0, 1, 13], "texture": "#1"},
				"south": {"uv": [0, 0, 3, 16], "texture": "#1"},
				"west": {"uv": [0, 0, 1, 16], "texture": "#1"},
				"up": {"uv": [0, 0, 0, 1], "texture": "#missing"},
				"down": {"uv": [0, 0, 0, 1], "texture": "#missing"}
			}
		},
		{
			"from": [9, 1, 11],
			"to": [10, 13, 11],
			"rotation": {"angle": 45, "axis": "x", "origin": [10, 5, 9]},
			"faces": {
				"north": {"uv": [0, 3, 1, 13], "texture": "#1"},
				"east": {"uv": [0, 0, 3, 16], "texture": "#1"},
				"south": {"uv": [0, 0, 3, 16], "texture": "#1"},
				"west": {"uv": [0, 0, 0, 16], "texture": "#1"},
				"up": {"uv": [0, 0, 0, 1], "rotation": 270, "texture": "#missing"},
				"down": {"uv": [0, 0, 0, 1], "rotation": 90, "texture": "#missing"}
			}
		},
		{
			"from": [9, 1, 7],
			"to": [10, 13, 7],
			"rotation": {"angle": -45, "axis": "x", "origin": [10, 5, 9]},
			"faces": {
				"north": {"uv": [0, 3, 1, 13], "texture": "#1"},
				"east": {"uv": [0, 0, 3, 16], "texture": "#1"},
				"south": {"uv": [0, 0, 3, 16], "texture": "#1"},
				"west": {"uv": [0, 0, 0, 16], "texture": "#1"},
				"up": {"uv": [0, 0, 0, 1], "rotation": 270, "texture": "#missing"},
				"down": {"uv": [0, 0, 0, 1], "rotation": 90, "texture": "#missing"}
			}
		}
	]
}