{
	"credit": "Made with Blockbench",
	"textures": {
		"0": "block/grass/grass_minecraft",
		"1": "block/animals/glowworm",
		"particle": "block/grass/grass_minecraft"
	},
	"elements": [
		{
			"from": [0, 1, 15],
			"to": [16, 17, 15],
			"rotation": {"angle": 22.5, "axis": "x", "origin": [8, 8, 8]},
			"faces": {
				"north": {"uv": [0, 0, 16, 16], "texture": "#0", "tintindex": 0},
				"east": {"uv": [0, 0, 0, 16], "texture": "#missing"},
				"south": {"uv": [0, 0, 16, 16], "texture": "#0", "tintindex": 0},
				"west": {"uv": [0, 0, 0, 16], "texture": "#missing"},
				"up": {"uv": [0, 0, 16, 0], "texture": "#missing"},
				"down": {"uv": [0, 0, 16, 0], "texture": "#missing"}
			}
		},
		{
			"from": [14, 1, 0],
			"to": [14, 17, 16],
			"rotation": {"angle": -22.5, "axis": "z", "origin": [8, 8, 8]},
			"faces": {
				"north": {"uv": [0, 0, 0, 16], "texture": "#missing"},
				"east": {"uv": [0, 0, 16, 16], "texture": "#0", "tintindex": 0},
				"south": {"uv": [0, 0, 0, 16], "texture": "#missing"},
				"west": {"uv": [0, 0, 16, 16], "texture": "#0", "tintindex": 0},
				"up": {"uv": [0, 0, 16, 0], "rotation": 270, "texture": "#missing"},
				"down": {"uv": [0, 0, 16, 0], "rotation": 90, "texture": "#missing"}
			}
		},
		{
			"from": [2, 2, 0],
			"to": [2, 18, 16],
			"rotation": {"angle": 45, "axis": "z", "origin": [8, 8, 8]},
			"faces": {
				"north": {"uv": [0, 0, 0, 16], "texture": "#missing"},
				"east": {"uv": [0, 0, 16, 16], "texture": "#0", "tintindex": 0},
				"south": {"uv": [0, 0, 0, 16], "texture": "#missing"},
				"west": {"uv": [0, 0, 16, 16], "texture": "#0", "tintindex": 0},
				"up": {"uv": [0, 0, 16, 0], "rotation": 270, "texture": "#missing"},
				"down": {"uv": [0, 0, 16, 0], "rotation": 90, "texture": "#missing"}
			}
		},
		{
			"from": [8, 0, 0],
			"to": [8, 16, 16],
			"rotation": {"angle": 22.5, "axis": "y", "origin": [8, 8, 8]},
			"faces": {
				"north": {"uv": [0, 0, 0, 16], "texture": "#missing"},
				"east": {"uv": [0, 0, 16, 16], "texture": "#0", "tintindex": 0},
				"south": {"uv": [0, 0, 0, 16], "texture": "#missing"},
				"west": {"uv": [0, 0, 16, 16], "texture": "#0", "tintindex": 0},
				"up": {"uv": [0, 0, 16, 0], "rotation": 90, "texture": "#missing"},
				"down": {"uv": [0, 0, 16, 0], "rotation": 270, "texture": "#missing"}
			}
		},
		{
			"from": [0, 0, 8],
			"to": [16, 16, 8],
			"rotation": {"angle": 22.5, "axis": "y", "origin": [8, 8, 8]},
			"faces": {
				"north": {"uv": [0, 0, 16, 16], "texture": "#0", "tintindex": 0},
				"east": {"uv": [0, 0, 0, 16], "texture": "#missing"},
				"south": {"uv": [0, 0, 16, 16], "texture": "#0", "tintindex": 0},
				"west": {"uv": [0, 0, 0, 16], "texture": "#missing"},
				"up": {"uv": [0, 0, 16, 0], "rotation": 180, "texture": "#missing"},
				"down": {"uv": [0, 0, 16, 0], "rotation": 180, "texture": "#missing"}
			}
		},
		{
			"from": [0, 1, 1],
			"to": [16, 17, 1],
			"rotation": {"angle": -45, "axis": "x", "origin": [8, 8, 8]},
			"faces": {
				"north": {"uv": [0, 0, 16, 16], "texture": "#0", "tintindex": 0},
				"east": {"uv": [0, 0, 0, 16], "texture": "#missing"},
				"south": {"uv": [0, 0, 16, 16], "texture": "#0", "tintindex": 0},
				"west": {"uv": [0, 0, 0, 16], "texture": "#missing"},
				"up": {"uv": [0, 0, 16, 0], "texture": "#missing"},
				"down": {"uv": [0, 0, 16, 0], "texture": "#missing"}
			}
		},
		{
			"from": [3, 16, 9],
			"to": [3.8, 16.4, 9.4],
			"rotation": {"angle": 22.5, "axis": "y", "origin": [8.98557, 15.6, 7.51119]},
			"faces": {
				"north": {"uv": [0, 0, 3.8, 7.4], "rotation": 90, "texture": "#1"},
				"east": {"uv": [0, 0, 3.8, 4.4], "rotation": 90, "texture": "#1"},
				"south": {"uv": [0, 0, 3.8, 7.4], "rotation": 90, "texture": "#1"},
				"west": {"uv": [0, 0, 3.8, 4.4], "rotation": 90, "texture": "#1"},
				"up": {"uv": [0, 0, 3.8, 7.4], "rotation": 90, "texture": "#1"},
				"down": {"uv": [0, 0, 3.8, 7.4], "rotation": 90, "texture": "#1"}
			}
		},
		{
			"from": [3, 16.4, 8.4],
			"to": [3.6, 16.4, 10],
			"rotation": {"angle": 22.5, "axis": "y", "origin": [8.98557, 15.6, 7.51119]},
			"faces": {
				"north": {"uv": [0, 13, 8.8, 16], "texture": "#1"},
				"east": {"uv": [0, 0, 3.8, 4.4], "rotation": 90, "texture": "#1"},
				"south": {"uv": [0, 0, 3.8, 7.4], "rotation": 90, "texture": "#1"},
				"west": {"uv": [0, 0, 3.8, 4.4], "rotation": 90, "texture": "#1"},
				"up": {"uv": [0, 13, 8.8, 15.8], "rotation": 90, "texture": "#1"},
				"down": {"uv": [0, 13, 8.8, 15.8], "rotation": 90, "texture": "#1"}
			}
		},
		{
			"from": [2.7, 15.95, 8.95],
			"to": [3.2, 16.45, 9.45],
			"rotation": {"angle": 22.5, "axis": "y", "origin": [8.98557, 15.6, 7.51119]},
			"faces": {
				"north": {"uv": [9, 3, 9.5, 3.5], "texture": "#1"},
				"east": {"uv": [9, 3, 9.5, 3.5], "texture": "#1"},
				"south": {"uv": [9, 3, 9.5, 3.5], "texture": "#1"},
				"west": {"uv": [9, 3, 9.5, 3.5], "texture": "#1"},
				"up": {"uv": [9, 3, 9.5, 3.5], "texture": "#1"},
				"down": {"uv": [9, 3, 9.5, 3.5], "texture": "#1"}
			}
		},
		{
			"from": [10.14315, 15, 8.32529],
			"to": [10.54315, 15.4, 9.12529],
			"rotation": {"angle": -22.5, "axis": "y", "origin": [8.98557, 15.6, 7.51119]},
			"faces": {
				"north": {"uv": [0, 0, 3.8, 4.4], "rotation": 90, "texture": "#1"},
				"east": {"uv": [0, 0, 3.8, 7.4], "rotation": 90, "texture": "#1"},
				"south": {"uv": [0, 0, 3.8, 4.4], "rotation": 90, "texture": "#1"},
				"west": {"uv": [0, 0, 3.8, 7.4], "rotation": 90, "texture": "#1"},
				"up": {"uv": [0, 0, 3.8, 7.4], "rotation": 180, "texture": "#1"},
				"down": {"uv": [0, 0, 3.8, 7.4], "texture": "#1"}
			}
		},
		{
			"from": [9.54315, 15.4, 8.32529],
			"to": [11.14315, 15.4, 8.92529],
			"rotation": {"angle": -22.5, "axis": "y", "origin": [8.98557, 15.6, 7.51119]},
			"faces": {
				"north": {"uv": [0, 0, 3.8, 4.4], "rotation": 90, "texture": "#1"},
				"east": {"uv": [0, 13, 8.8, 16], "texture": "#1"},
				"south": {"uv": [0, 0, 3.8, 4.4], "rotation": 90, "texture": "#1"},
				"west": {"uv": [0, 0, 3.8, 7.4], "rotation": 90, "texture": "#1"},
				"up": {"uv": [0, 13, 8.8, 15.8], "rotation": 180, "texture": "#1"},
				"down": {"uv": [0, 13, 8.8, 15.8], "texture": "#1"}
			}
		},
		{
			"from": [10.09315, 14.95, 8.02529],
			"to": [10.59315, 15.45, 8.52529],
			"rotation": {"angle": -22.5, "axis": "y", "origin": [8.98557, 15.6, 7.51119]},
			"faces": {
				"north": {"uv": [9, 3, 9.5, 3.5], "texture": "#1"},
				"east": {"uv": [9, 3, 9.5, 3.5], "texture": "#1"},
				"south": {"uv": [9, 3, 9.5, 3.5], "texture": "#1"},
				"west": {"uv": [9, 3, 9.5, 3.5], "texture": "#1"},
				"up": {"uv": [9, 3, 9.5, 3.5], "rotation": 90, "texture": "#1"},
				"down": {"uv": [9, 3, 9.5, 3.5], "rotation": 270, "texture": "#1"}
			}
		},
		{
			"from": [14.81107, 21, 6.30989],
			"to": [15.61107, 21.4, 6.70989],
			"rotation": {"angle": 45, "axis": "y", "origin": [8.98557, 15.6, 7.51119]},
			"faces": {
				"north": {"uv": [0, 0, 3.8, 7.4], "rotation": 90, "texture": "#1"},
				"east": {"uv": [0, 0, 3.8, 4.4], "rotation": 90, "texture": "#1"},
				"south": {"uv": [0, 0, 3.8, 7.4], "rotation": 90, "texture": "#1"},
				"west": {"uv": [0, 0, 3.8, 4.4], "rotation": 90, "texture": "#1"},
				"up": {"uv": [0, 0, 3.8, 7.4], "rotation": 270, "texture": "#1"},
				"down": {"uv": [0, 0, 3.8, 7.4], "rotation": 270, "texture": "#1"}
			}
		},
		{
			"from": [15.01107, 21.4, 5.70989],
			"to": [15.61107, 21.4, 7.30989],
			"rotation": {"angle": 45, "axis": "y", "origin": [8.98557, 15.6, 7.51119]},
			"faces": {
				"north": {"uv": [0, 0, 3.8, 7.4], "rotation": 90, "texture": "#1"},
				"east": {"uv": [0, 0, 3.8, 4.4], "rotation": 90, "texture": "#1"},
				"south": {"uv": [0, 13, 8.8, 16], "texture": "#1"},
				"west": {"uv": [0, 0, 3.8, 4.4], "rotation": 90, "texture": "#1"},
				"up": {"uv": [0, 13, 8.8, 15.8], "rotation": 270, "texture": "#1"},
				"down": {"uv": [0, 13, 8.8, 15.8], "rotation": 270, "texture": "#1"}
			}
		},
		{
			"from": [15.41107, 20.95, 6.25989],
			"to": [15.91107, 21.45, 6.75989],
			"rotation": {"angle": 45, "axis": "y", "origin": [8.98557, 15.6, 7.51119]},
			"faces": {
				"north": {"uv": [9, 3, 9.5, 3.5], "texture": "#1"},
				"east": {"uv": [9, 3, 9.5, 3.5], "texture": "#1"},
				"south": {"uv": [9, 3, 9.5, 3.5], "texture": "#1"},
				"west": {"uv": [9, 3, 9.5, 3.5], "texture": "#1"},
				"up": {"uv": [9, 3, 9.5, 3.5], "rotation": 180, "texture": "#1"},
				"down": {"uv": [9, 3, 9.5, 3.5], "rotation": 180, "texture": "#1"}
			}
		}
	],
	"groups": [
		{
			"name": "group",
			"origin": [8, 8, 8],
			"children": [0, 1, 2, 3, 4, 5]
		},
		{
			"name": "group",
			"origin": [3.175, 18.2, 8.2],
			"children": [6, 7, 8,
				{
					"name": "group",
					"origin": [3.175, 18.2, 8.2],
					"children": [9, 10, 11]
				}
			]
		},
		{
			"name": "group",
			"origin": [3.175, 18.2, 8.2],
			"children": [12, 13, 14]
		}
	]
}