{
	"credit": "Made with Blockbench",
	"textures": {
		"0": "block/grass/grass_minecraft",
		"1": "block/animals/dragonfly",
		"particle": "block/grass/grass_minecraft"
	},
	"elements": [
		{
			"from": [0, 0, 15],
			"to": [16, 16, 15],
			"rotation": {"angle": 22.5, "axis": "x", "origin": [8, 7, 8]},
			"faces": {
				"north": {"uv": [0, 0, 16, 16], "texture": "#0", "tintindex": 0},
				"east": {"uv": [0, 0, 0, 16], "texture": "#missing"},
				"south": {"uv": [0, 0, 16, 16], "texture": "#0", "tintindex": 0},
				"west": {"uv": [0, 0, 0, 16], "texture": "#missing"},
				"up": {"uv": [0, 0, 16, 0], "texture": "#missing"},
				"down": {"uv": [0, 0, 16, 0], "texture": "#missing"}
			}
		},
		{
			"from": [14, 0, 0],
			"to": [14, 16, 16],
			"rotation": {"angle": -22.5, "axis": "z", "origin": [8, 7, 8]},
			"faces": {
				"north": {"uv": [0, 0, 0, 16], "texture": "#missing"},
				"east": {"uv": [0, 0, 16, 16], "texture": "#0", "tintindex": 0},
				"south": {"uv": [0, 0, 0, 16], "texture": "#missing"},
				"west": {"uv": [0, 0, 16, 16], "texture": "#0", "tintindex": 0},
				"up": {"uv": [0, 0, 16, 0], "rotation": 270, "texture": "#missing"},
				"down": {"uv": [0, 0, 16, 0], "rotation": 90, "texture": "#missing"}
			}
		},
		{
			"from": [2, 1, 0],
			"to": [2, 17, 16],
			"rotation": {"angle": 45, "axis": "z", "origin": [8, 7, 8]},
			"faces": {
				"north": {"uv": [0, 0, 0, 16], "texture": "#missing"},
				"east": {"uv": [0, 0, 16, 16], "texture": "#0", "tintindex": 0},
				"south": {"uv": [0, 0, 0, 16], "texture": "#missing"},
				"west": {"uv": [0, 0, 16, 16], "texture": "#0", "tintindex": 0},
				"up": {"uv": [0, 0, 16, 0], "rotation": 270, "texture": "#missing"},
				"down": {"uv": [0, 0, 16, 0], "rotation": 90, "texture": "#missing"}
			}
		},
		{
			"from": [8, -1, 0],
			"to": [8, 15, 16],
			"rotation": {"angle": 22.5, "axis": "y", "origin": [8, 7, 8]},
			"faces": {
				"north": {"uv": [0, 0, 0, 16], "texture": "#missing"},
				"east": {"uv": [0, 0, 16, 16], "texture": "#0", "tintindex": 0},
				"south": {"uv": [0, 0, 0, 16], "texture": "#missing"},
				"west": {"uv": [0, 0, 16, 16], "texture": "#0", "tintindex": 0},
				"up": {"uv": [0, 0, 16, 0], "rotation": 90, "texture": "#missing"},
				"down": {"uv": [0, 0, 16, 0], "rotation": 270, "texture": "#missing"}
			}
		},
		{
			"from": [0, -1, 8],
			"to": [16, 15, 8],
			"rotation": {"angle": 22.5, "axis": "y", "origin": [8, 7, 8]},
			"faces": {
				"north": {"uv": [0, 0, 16, 16], "texture": "#0", "tintindex": 0},
				"east": {"uv": [0, 0, 0, 16], "texture": "#missing"},
				"south": {"uv": [0, 0, 16, 16], "texture": "#0", "tintindex": 0},
				"west": {"uv": [0, 0, 0, 16], "texture": "#missing"},
				"up": {"uv": [0, 0, 16, 0], "rotation": 180, "texture": "#missing"},
				"down": {"uv": [0, 0, 16, 0], "rotation": 180, "texture": "#missing"}
			}
		},
		{
			"from": [0, 0, 1],
			"to": [16, 16, 1],
			"rotation": {"angle": -45, "axis": "x", "origin": [8, 7, 8]},
			"faces": {
				"north": {"uv": [0, 0, 16, 16], "texture": "#0", "tintindex": 0},
				"east": {"uv": [0, 0, 0, 16], "texture": "#missing"},
				"south": {"uv": [0, 0, 16, 16], "texture": "#0", "tintindex": 0},
				"west": {"uv": [0, 0, 0, 16], "texture": "#missing"},
				"up": {"uv": [0, 0, 16, 0], "texture": "#missing"},
				"down": {"uv": [0, 0, 16, 0], "texture": "#missing"}
			}
		},
		{
			"from": [8, 14, 9],
			"to": [16, 14, 11],
			"rotation": {"angle": 22.5, "axis": "z", "origin": [7.825, 14, 11.05]},
			"faces": {
				"north": {"uv": [0, 0, 8, 0], "texture": "#missing"},
				"east": {"uv": [0, 0, 2, 0], "texture": "#missing"},
				"south": {"uv": [0, 0, 8, 0], "texture": "#missing"},
				"west": {"uv": [0, 0, 2, 0], "texture": "#missing"},
				"up": {"uv": [0, 0, 16, 4], "texture": "#1"},
				"down": {"uv": [16, 0, 0, 4], "texture": "#1"}
			}
		},
		{
			"from": [0.35, 14, 11.2],
			"to": [7.65, 14, 13],
			"rotation": {"angle": -22.5, "axis": "z", "origin": [7.825, 14, 11.05]},
			"faces": {
				"north": {"uv": [0, 0, 7, 0], "rotation": 180, "texture": "#1"},
				"east": {"uv": [0, 0, 2, 0], "rotation": 180, "texture": "#1"},
				"south": {"uv": [0, 0, 7, 0], "rotation": 180, "texture": "#1"},
				"west": {"uv": [0, 0, 2, 0], "rotation": 180, "texture": "#1"},
				"up": {"uv": [15.5, 4.5, 0, 8], "texture": "#1"},
				"down": {"uv": [0, 4.5, 15.5, 8], "rotation": 180, "texture": "#1"}
			}
		},
		{
			"from": [-0.35, 14, 9],
			"to": [7.65, 14, 11],
			"rotation": {"angle": -22.5, "axis": "z", "origin": [7.825, 14, 11.05]},
			"faces": {
				"north": {"uv": [0, 0, 8, 0], "rotation": 180, "texture": "#1"},
				"east": {"uv": [0, 0, 2, 0], "rotation": 180, "texture": "#1"},
				"south": {"uv": [0, 0, 8, 0], "rotation": 180, "texture": "#1"},
				"west": {"uv": [0, 0, 2, 0], "rotation": 180, "texture": "#1"},
				"up": {"uv": [0, 4, 16, 0], "rotation": 180, "texture": "#1"},
				"down": {"uv": [0, 0, 16, 4], "rotation": 180, "texture": "#1"}
			}
		},
		{
			"from": [8, 14, 11.2],
			"to": [15.3, 14, 13],
			"rotation": {"angle": 22.5, "axis": "z", "origin": [7.825, 14, 11.05]},
			"faces": {
				"north": {"uv": [0, 0, 7, 0], "texture": "#missing"},
				"east": {"uv": [0, 0, 2, 0], "texture": "#missing"},
				"south": {"uv": [0, 0, 7, 0], "texture": "#missing"},
				"west": {"uv": [0, 0, 2, 0], "texture": "#missing"},
				"up": {"uv": [0, 4.5, 15.5, 8], "texture": "#1"},
				"down": {"uv": [15.5, 4.5, 0, 8], "rotation": 180, "texture": "#1"}
			}
		},
		{
			"from": [7.2, 13.7, 9],
			"to": [8.2, 14.3, 14],
			"rotation": {"angle": 0, "axis": "y", "origin": [8, 22, 17]},
			"faces": {
				"north": {"uv": [11.5, 11, 12, 13], "rotation": 90, "texture": "#1"},
				"east": {"uv": [5.5, 11, 12, 13], "rotation": 90, "texture": "#1"},
				"south": {"uv": [11.5, 11, 12, 13], "rotation": 90, "texture": "#1"},
				"west": {"uv": [5.5, 11, 12, 13], "rotation": 90, "texture": "#1"},
				"up": {"uv": [5.5, 11, 12, 13], "rotation": 90, "texture": "#1"},
				"down": {"uv": [0, 0, 1, 5], "texture": "#missing"}
			}
		},
		{
			"from": [7, 13.7, 8],
			"to": [8.4, 14.5, 9],
			"rotation": {"angle": 0, "axis": "y", "origin": [8, 22, 17]},
			"faces": {
				"north": {"uv": [11.5, 11, 12, 13], "rotation": 90, "texture": "#1"},
				"east": {"uv": [5.5, 11, 12, 13], "rotation": 90, "texture": "#1"},
				"south": {"uv": [11.5, 11, 12, 13], "rotation": 90, "texture": "#1"},
				"west": {"uv": [5.5, 11, 12, 13], "rotation": 90, "texture": "#1"},
				"up": {"uv": [13, 10.5, 14.5, 13.5], "rotation": 90, "texture": "#1"},
				"down": {"uv": [0, 0, 1, 5], "texture": "#1"}
			}
		},
		{
			"from": [7.4, 13.8, 13],
			"to": [7.8, 14.2, 18],
			"rotation": {"angle": 0, "axis": "y", "origin": [8, 22, 17]},
			"faces": {
				"north": {"uv": [0, 11.5, 10, 12.5], "rotation": 90, "texture": "#1"},
				"east": {"uv": [0, 11.5, 10, 12.5], "rotation": 90, "texture": "#1"},
				"south": {"uv": [8.5, 11.5, 10, 12.5], "rotation": 90, "texture": "#1"},
				"west": {"uv": [0, 11.5, 10, 12.5], "rotation": 90, "texture": "#1"},
				"up": {"uv": [0, 11.5, 10, 12.5], "rotation": 90, "texture": "#1"},
				"down": {"uv": [0, 11.5, 10, 12.5], "rotation": 90, "texture": "#1"}
			}
		}
	],
	"groups": [
		{
			"name": "group",
			"origin": [8, 8, 8],
			"children": [0, 1, 2, 3, 4, 5]
		}, 6, 7, 8, 9, 10, 11, 12]
}