{
	"credit": "Made with Blockbench",
	"textures": {
		"0": "block/grass/grass_minecraft",
		"1": "block/animals/glowworm",
		"particle": "block/grass/grass_minecraft"
	},
	"elements": [
		{
			"from": [0, 1, 15],
			"to": [16, 17, 15],
			"rotation": {"angle": 22.5, "axis": "x", "origin": [8, 8, 8]},
			"faces": {
				"north": {"uv": [0, 0, 16, 16], "texture": "#0", "tintindex": 0},
				"east": {"uv": [0, 0, 0, 16], "texture": "#missing"},
				"south": {"uv": [0, 0, 16, 16], "texture": "#0", "tintindex": 0},
				"west": {"uv": [0, 0, 0, 16], "texture": "#missing"},
				"up": {"uv": [0, 0, 16, 0], "texture": "#missing"},
				"down": {"uv": [0, 0, 16, 0], "texture": "#missing"}
			}
		},
		{
			"from": [14, 1, 0],
			"to": [14, 17, 16],
			"rotation": {"angle": -22.5, "axis": "z", "origin": [8, 8, 8]},
			"faces": {
				"north": {"uv": [0, 0, 0, 16], "texture": "#missing"},
				"east": {"uv": [0, 0, 16, 16], "texture": "#0", "tintindex": 0},
				"south": {"uv": [0, 0, 0, 16], "texture": "#missing"},
				"west": {"uv": [0, 0, 16, 16], "texture": "#0", "tintindex": 0},
				"up": {"uv": [0, 0, 16, 0], "rotation": 270, "texture": "#missing"},
				"down": {"uv": [0, 0, 16, 0], "rotation": 90, "texture": "#missing"}
			}
		},
		{
			"from": [2, 2, 0],
			"to": [2, 18, 16],
			"rotation": {"angle": 45, "axis": "z", "origin": [8, 8, 8]},
			"faces": {
				"north": {"uv": [0, 0, 0, 16], "texture": "#missing"},
				"east": {"uv": [0, 0, 16, 16], "texture": "#0", "tintindex": 0},
				"south": {"uv": [0, 0, 0, 16], "texture": "#missing"},
				"west": {"uv": [0, 0, 16, 16], "texture": "#0", "tintindex": 0},
				"up": {"uv": [0, 0, 16, 0], "rotation": 270, "texture": "#missing"},
				"down": {"uv": [0, 0, 16, 0], "rotation": 90, "texture": "#missing"}
			}
		},
		{
			"from": [8, 0, 0],
			"to": [8, 16, 16],
			"rotation": {"angle": 22.5, "axis": "y", "origin": [8, 8, 8]},
			"faces": {
				"north": {"uv": [0, 0, 0, 16], "texture": "#missing"},
				"east": {"uv": [0, 0, 16, 16], "texture": "#0", "tintindex": 0},
				"south": {"uv": [0, 0, 0, 16], "texture": "#missing"},
				"west": {"uv": [0, 0, 16, 16], "texture": "#0", "tintindex": 0},
				"up": {"uv": [0, 0, 16, 0], "rotation": 90, "texture": "#missing"},
				"down": {"uv": [0, 0, 16, 0], "rotation": 270, "texture": "#missing"}
			}
		},
		{
			"from": [0, 0, 8],
			"to": [16, 16, 8],
			"rotation": {"angle": 22.5, "axis": "y", "origin": [8, 8, 8]},
			"faces": {
				"north": {"uv": [0, 0, 16, 16], "texture": "#0", "tintindex": 0},
				"east": {"uv": [0, 0, 0, 16], "texture": "#missing"},
				"south": {"uv": [0, 0, 16, 16], "texture": "#0", "tintindex": 0},
				"west": {"uv": [0, 0, 0, 16], "texture": "#missing"},
				"up": {"uv": [0, 0, 16, 0], "rotation": 180, "texture": "#missing"},
				"down": {"uv": [0, 0, 16, 0], "rotation": 180, "texture": "#missing"}
			}
		},
		{
			"from": [0, 1, 1],
			"to": [16, 17, 1],
			"rotation": {"angle": -45, "axis": "x", "origin": [8, 8, 8]},
			"faces": {
				"north": {"uv": [0, 0, 16, 16], "texture": "#0", "tintindex": 0},
				"east": {"uv": [0, 0, 0, 16], "texture": "#missing"},
				"south": {"uv": [0, 0, 16, 16], "texture": "#0", "tintindex": 0},
				"west": {"uv": [0, 0, 0, 16], "texture": "#missing"},
				"up": {"uv": [0, 0, 16, 0], "texture": "#missing"},
				"down": {"uv": [0, 0, 16, 0], "texture": "#missing"}
			}
		},
		{
			"from": [3, 16, 9],
			"to": [3.8, 16.4, 9.4],
			"rotation": {"angle": 0, "axis": "y", "origin": [3.175, 16.2, 9.2]},
			"faces": {
				"north": {"uv": [0, 0, 3.8, 7.4], "rotation": 90, "texture": "#1"},
				"east": {"uv": [0, 0, 3.8, 4.4], "rotation": 90, "texture": "#1"},
				"south": {"uv": [0, 0, 3.8, 7.4], "rotation": 90, "texture": "#1"},
				"west": {"uv": [0, 0, 3.8, 4.4], "rotation": 90, "texture": "#1"},
				"up": {"uv": [0, 0, 3.8, 7.4], "rotation": 90, "texture": "#1"},
				"down": {"uv": [0, 0, 3.8, 7.4], "rotation": 90, "texture": "#1"}
			}
		},
		{
			"from": [3, 16.4, 8.4],
			"to": [3.6, 16.4, 10],
			"rotation": {"angle": 0, "axis": "y", "origin": [3.175, 16.2, 9.2]},
			"faces": {
				"north": {"uv": [0, 13, 8.8, 16], "texture": "#1"},
				"east": {"uv": [0, 0, 3.8, 4.4], "rotation": 90, "texture": "#1"},
				"south": {"uv": [0, 0, 3.8, 7.4], "rotation": 90, "texture": "#1"},
				"west": {"uv": [0, 0, 3.8, 4.4], "rotation": 90, "texture": "#1"},
				"up": {"uv": [0, 13, 8.8, 15.8], "rotation": 90, "texture": "#1"},
				"down": {"uv": [0, 13, 8.8, 15.8], "rotation": 90, "texture": "#1"}
			}
		},
		{
			"from": [2.7, 15.95, 8.95],
			"to": [3.2, 16.45, 9.45],
			"rotation": {"angle": 0, "axis": "y", "origin": [3.175, 16.2, 9.2]},
			"faces": {
				"north": {"uv": [9, 3, 9.5, 3.5], "texture": "#1"},
				"east": {"uv": [9, 3, 9.5, 3.5], "texture": "#1"},
				"south": {"uv": [9, 3, 9.5, 3.5], "texture": "#1"},
				"west": {"uv": [9, 3, 9.5, 3.5], "texture": "#1"},
				"up": {"uv": [9, 3, 9.5, 3.5], "texture": "#1"},
				"down": {"uv": [9, 3, 9.5, 3.5], "texture": "#1"}
			}
		},
		{
			"from": [8.63333, 15, 9],
			"to": [9.43333, 15.4, 9.4],
			"rotation": {"angle": 45, "axis": "y", "origin": [9.21667, 16.26667, 9.2]},
			"faces": {
				"north": {"uv": [0, 0, 3.8, 7.4], "rotation": 90, "texture": "#1"},
				"east": {"uv": [0, 0, 3.8, 4.4], "rotation": 90, "texture": "#1"},
				"south": {"uv": [0, 0, 3.8, 7.4], "rotation": 90, "texture": "#1"},
				"west": {"uv": [0, 0, 3.8, 4.4], "rotation": 90, "texture": "#1"},
				"up": {"uv": [0, 0, 3.8, 7.4], "rotation": 270, "texture": "#1"},
				"down": {"uv": [0, 0, 3.8, 7.4], "rotation": 270, "texture": "#1"}
			}
		},
		{
			"from": [8.83333, 15.4, 8.4],
			"to": [9.43333, 15.4, 10],
			"rotation": {"angle": 45, "axis": "y", "origin": [9.21667, 16.26667, 9.2]},
			"faces": {
				"north": {"uv": [0, 0, 3.8, 7.4], "rotation": 90, "texture": "#1"},
				"east": {"uv": [0, 0, 3.8, 4.4], "rotation": 90, "texture": "#1"},
				"south": {"uv": [0, 13, 8.8, 16], "texture": "#1"},
				"west": {"uv": [0, 0, 3.8, 4.4], "rotation": 90, "texture": "#1"},
				"up": {"uv": [0, 13, 8.8, 15.8], "rotation": 270, "texture": "#1"},
				"down": {"uv": [0, 13, 8.8, 15.8], "rotation": 270, "texture": "#1"}
			}
		},
		{
			"from": [9.23333, 14.95, 8.95],
			"to": [9.73333, 15.45, 9.45],
			"rotation": {"angle": 45, "axis": "y", "origin": [9.21667, 16.26667, 9.2]},
			"faces": {
				"north": {"uv": [9, 3, 9.5, 3.5], "texture": "#1"},
				"east": {"uv": [9, 3, 9.5, 3.5], "texture": "#1"},
				"south": {"uv": [9, 3, 9.5, 3.5], "texture": "#1"},
				"west": {"uv": [9, 3, 9.5, 3.5], "texture": "#1"},
				"up": {"uv": [9, 3, 9.5, 3.5], "rotation": 180, "texture": "#1"},
				"down": {"uv": [9, 3, 9.5, 3.5], "rotation": 180, "texture": "#1"}
			}
		},
		{
			"from": [6, 17, 3],
			"to": [6.8, 17.4, 3.4],
			"rotation": {"angle": -22.5, "axis": "y", "origin": [3.175, 16.2, 2.2]},
			"faces": {
				"north": {"uv": [0, 0, 3.8, 7.4], "rotation": 90, "texture": "#1"},
				"east": {"uv": [0, 0, 3.8, 4.4], "rotation": 90, "texture": "#1"},
				"south": {"uv": [0, 0, 3.8, 7.4], "rotation": 90, "texture": "#1"},
				"west": {"uv": [0, 0, 3.8, 4.4], "rotation": 90, "texture": "#1"},
				"up": {"uv": [0, 0, 3.8, 7.4], "rotation": 90, "texture": "#1"},
				"down": {"uv": [0, 0, 3.8, 7.4], "rotation": 90, "texture": "#1"}
			}
		},
		{
			"from": [6, 17.4, 2.4],
			"to": [6.6, 17.4, 4],
			"rotation": {"angle": -22.5, "axis": "y", "origin": [3.175, 16.2, 2.2]},
			"faces": {
				"north": {"uv": [0, 13, 8.8, 16], "texture": "#1"},
				"east": {"uv": [0, 0, 3.8, 4.4], "rotation": 90, "texture": "#1"},
				"south": {"uv": [0, 0, 3.8, 7.4], "rotation": 90, "texture": "#1"},
				"west": {"uv": [0, 0, 3.8, 4.4], "rotation": 90, "texture": "#1"},
				"up": {"uv": [0, 13, 8.8, 15.8], "rotation": 90, "texture": "#1"},
				"down": {"uv": [0, 13, 8.8, 15.8], "rotation": 90, "texture": "#1"}
			}
		},
		{
			"from": [5.7, 16.95, 2.95],
			"to": [6.2, 17.45, 3.45],
			"rotation": {"angle": -22.5, "axis": "y", "origin": [3.175, 16.2, 2.2]},
			"faces": {
				"north": {"uv": [9, 3, 9.5, 3.5], "texture": "#1"},
				"east": {"uv": [9, 3, 9.5, 3.5], "texture": "#1"},
				"south": {"uv": [9, 3, 9.5, 3.5], "texture": "#1"},
				"west": {"uv": [9, 3, 9.5, 3.5], "texture": "#1"},
				"up": {"uv": [9, 3, 9.5, 3.5], "texture": "#1"},
				"down": {"uv": [9, 3, 9.5, 3.5], "texture": "#1"}
			}
		},
		{
			"from": [8, 19, 14],
			"to": [8.8, 19.4, 14.4],
			"rotation": {"angle": 22.5, "axis": "y", "origin": [8.175, 19.2, 14.2]},
			"faces": {
				"north": {"uv": [0, 0, 3.8, 7.4], "rotation": 90, "texture": "#1"},
				"east": {"uv": [0, 0, 3.8, 4.4], "rotation": 90, "texture": "#1"},
				"south": {"uv": [0, 0, 3.8, 7.4], "rotation": 90, "texture": "#1"},
				"west": {"uv": [0, 0, 3.8, 4.4], "rotation": 90, "texture": "#1"},
				"up": {"uv": [0, 0, 3.8, 7.4], "rotation": 90, "texture": "#1"},
				"down": {"uv": [0, 0, 3.8, 7.4], "rotation": 90, "texture": "#1"}
			}
		},
		{
			"from": [8, 19.4, 13.4],
			"to": [8.6, 19.4, 15],
			"rotation": {"angle": 22.5, "axis": "y", "origin": [8.175, 19.2, 14.2]},
			"faces": {
				"north": {"uv": [0, 13, 8.8, 16], "texture": "#1"},
				"east": {"uv": [0, 0, 3.8, 4.4], "rotation": 90, "texture": "#1"},
				"south": {"uv": [0, 0, 3.8, 7.4], "rotation": 90, "texture": "#1"},
				"west": {"uv": [0, 0, 3.8, 4.4], "rotation": 90, "texture": "#1"},
				"up": {"uv": [0, 13, 8.8, 15.8], "rotation": 90, "texture": "#1"},
				"down": {"uv": [0, 13, 8.8, 15.8], "rotation": 90, "texture": "#1"}
			}
		},
		{
			"from": [7.7, 18.95, 13.95],
			"to": [8.2, 19.45, 14.45],
			"rotation": {"angle": 22.5, "axis": "y", "origin": [8.175, 19.2, 14.2]},
			"faces": {
				"north": {"uv": [9, 3, 9.5, 3.5], "texture": "#1"},
				"east": {"uv": [9, 3, 9.5, 3.5], "texture": "#1"},
				"south": {"uv": [9, 3, 9.5, 3.5], "texture": "#1"},
				"west": {"uv": [9, 3, 9.5, 3.5], "texture": "#1"},
				"up": {"uv": [9, 3, 9.5, 3.5], "texture": "#1"},
				"down": {"uv": [9, 3, 9.5, 3.5], "texture": "#1"}
			}
		},
		{
			"from": [14.55, 15, 3],
			"to": [15.35, 15.4, 3.4],
			"rotation": {"angle": 22.5, "axis": "y", "origin": [17.175, 16.2, 5.2]},
			"faces": {
				"north": {"uv": [0, 0, 3.8, 7.4], "rotation": 90, "texture": "#1"},
				"east": {"uv": [0, 0, 3.8, 4.4], "rotation": 90, "texture": "#1"},
				"south": {"uv": [0, 0, 3.8, 7.4], "rotation": 90, "texture": "#1"},
				"west": {"uv": [0, 0, 3.8, 4.4], "rotation": 90, "texture": "#1"},
				"up": {"uv": [0, 0, 3.8, 7.4], "rotation": 270, "texture": "#1"},
				"down": {"uv": [0, 0, 3.8, 7.4], "rotation": 270, "texture": "#1"}
			}
		},
		{
			"from": [14.75, 15.4, 2.4],
			"to": [15.35, 15.4, 4],
			"rotation": {"angle": 22.5, "axis": "y", "origin": [17.175, 16.2, 5.2]},
			"faces": {
				"north": {"uv": [0, 0, 3.8, 7.4], "rotation": 90, "texture": "#1"},
				"east": {"uv": [0, 0, 3.8, 4.4], "rotation": 90, "texture": "#1"},
				"south": {"uv": [0, 13, 8.8, 16], "texture": "#1"},
				"west": {"uv": [0, 0, 3.8, 4.4], "rotation": 90, "texture": "#1"},
				"up": {"uv": [0, 13, 8.8, 15.8], "rotation": 270, "texture": "#1"},
				"down": {"uv": [0, 13, 8.8, 15.8], "rotation": 270, "texture": "#1"}
			}
		},
		{
			"from": [15.15, 14.95, 2.95],
			"to": [15.65, 15.45, 3.45],
			"rotation": {"angle": 22.5, "axis": "y", "origin": [17.175, 16.2, 5.2]},
			"faces": {
				"north": {"uv": [9, 3, 9.5, 3.5], "texture": "#1"},
				"east": {"uv": [9, 3, 9.5, 3.5], "texture": "#1"},
				"south": {"uv": [9, 3, 9.5, 3.5], "texture": "#1"},
				"west": {"uv": [9, 3, 9.5, 3.5], "texture": "#1"},
				"up": {"uv": [9, 3, 9.5, 3.5], "rotation": 180, "texture": "#1"},
				"down": {"uv": [9, 3, 9.5, 3.5], "rotation": 180, "texture": "#1"}
			}
		},
		{
			"from": [14.01667, 17, 11.61667],
			"to": [14.41667, 17.4, 12.41667],
			"rotation": {"angle": 0, "axis": "y", "origin": [14.21667, 16.76667, 9.2]},
			"faces": {
				"north": {"uv": [0, 0, 3.8, 4.4], "rotation": 90, "texture": "#1"},
				"east": {"uv": [0, 0, 3.8, 7.4], "rotation": 90, "texture": "#1"},
				"south": {"uv": [0, 0, 3.8, 4.4], "rotation": 90, "texture": "#1"},
				"west": {"uv": [0, 0, 3.8, 7.4], "rotation": 90, "texture": "#1"},
				"up": {"uv": [0, 0, 3.8, 7.4], "texture": "#1"},
				"down": {"uv": [0, 0, 3.8, 7.4], "rotation": 180, "texture": "#1"}
			}
		},
		{
			"from": [13.41667, 17.4, 11.81667],
			"to": [15.01667, 17.4, 12.41667],
			"rotation": {"angle": 0, "axis": "y", "origin": [14.21667, 16.76667, 9.2]},
			"faces": {
				"north": {"uv": [0, 0, 3.8, 4.4], "rotation": 90, "texture": "#1"},
				"east": {"uv": [0, 0, 3.8, 7.4], "rotation": 90, "texture": "#1"},
				"south": {"uv": [0, 0, 3.8, 4.4], "rotation": 90, "texture": "#1"},
				"west": {"uv": [0, 13, 8.8, 16], "texture": "#1"},
				"up": {"uv": [0, 13, 8.8, 15.8], "texture": "#1"},
				"down": {"uv": [0, 13, 8.8, 15.8], "rotation": 180, "texture": "#1"}
			}
		},
		{
			"from": [13.96667, 16.95, 12.21667],
			"to": [14.46667, 17.45, 12.71667],
			"rotation": {"angle": 0, "axis": "y", "origin": [14.21667, 16.76667, 9.2]},
			"faces": {
				"north": {"uv": [9, 3, 9.5, 3.5], "texture": "#1"},
				"east": {"uv": [9, 3, 9.5, 3.5], "texture": "#1"},
				"south": {"uv": [9, 3, 9.5, 3.5], "texture": "#1"},
				"west": {"uv": [9, 3, 9.5, 3.5], "texture": "#1"},
				"up": {"uv": [9, 3, 9.5, 3.5], "rotation": 270, "texture": "#1"},
				"down": {"uv": [9, 3, 9.5, 3.5], "rotation": 90, "texture": "#1"}
			}
		},
		{
			"from": [15.13799, 12, 6.86201],
			"to": [15.53799, 12.4, 7.66201],
			"rotation": {"angle": 45, "axis": "y", "origin": [6.21667, 16.76667, 9.2]},
			"faces": {
				"north": {"uv": [0, 0, 3.8, 4.4], "rotation": 90, "texture": "#1"},
				"east": {"uv": [0, 0, 3.8, 7.4], "rotation": 90, "texture": "#1"},
				"south": {"uv": [0, 0, 3.8, 4.4], "rotation": 90, "texture": "#1"},
				"west": {"uv": [0, 0, 3.8, 7.4], "rotation": 90, "texture": "#1"},
				"up": {"uv": [0, 0, 3.8, 7.4], "rotation": 180, "texture": "#1"},
				"down": {"uv": [0, 0, 3.8, 7.4], "texture": "#1"}
			}
		},
		{
			"from": [14.53799, 12.4, 6.86201],
			"to": [16.13799, 12.4, 7.46201],
			"rotation": {"angle": 45, "axis": "y", "origin": [6.21667, 16.76667, 9.2]},
			"faces": {
				"north": {"uv": [0, 0, 3.8, 4.4], "rotation": 90, "texture": "#1"},
				"east": {"uv": [0, 13, 8.8, 16], "texture": "#1"},
				"south": {"uv": [0, 0, 3.8, 4.4], "rotation": 90, "texture": "#1"},
				"west": {"uv": [0, 0, 3.8, 7.4], "rotation": 90, "texture": "#1"},
				"up": {"uv": [0, 13, 8.8, 15.8], "rotation": 180, "texture": "#1"},
				"down": {"uv": [0, 13, 8.8, 15.8], "texture": "#1"}
			}
		},
		{
			"from": [15.08799, 11.95, 6.56201],
			"to": [15.58799, 12.45, 7.06201],
			"rotation": {"angle": 45, "axis": "y", "origin": [6.21667, 16.76667, 9.2]},
			"faces": {
				"north": {"uv": [9, 3, 9.5, 3.5], "texture": "#1"},
				"east": {"uv": [9, 3, 9.5, 3.5], "texture": "#1"},
				"south": {"uv": [9, 3, 9.5, 3.5], "texture": "#1"},
				"west": {"uv": [9, 3, 9.5, 3.5], "texture": "#1"},
				"up": {"uv": [9, 3, 9.5, 3.5], "rotation": 90, "texture": "#1"},
				"down": {"uv": [9, 3, 9.5, 3.5], "rotation": 270, "texture": "#1"}
			}
		}
	],
	"groups": [
		{
			"name": "group",
			"origin": [8, 8, 8],
			"children": [0, 1, 2, 3, 4, 5]
		},
		{
			"name": "group",
			"origin": [3.175, 18.2, 8.2],
			"children": [6, 7, 8,
				{
					"name": "group",
					"origin": [3.175, 18.2, 8.2],
					"children": [9, 10, 11]
				}
			]
		},
		{
			"name": "group",
			"origin": [3.175, 18.2, 8.2],
			"children": [12, 13, 14]
		},
		{
			"name": "group",
			"origin": [3.175, 18.2, 8.2],
			"children": [15, 16, 17]
		},
		{
			"name": "group",
			"origin": [3.175, 18.2, 8.2],
			"children": [18, 19, 20]
		},
		{
			"name": "group",
			"origin": [3.175, 18.2, 8.2],
			"children": [21, 22, 23,
				{
					"name": "group",
					"origin": [3.175, 18.2, 8.2],
					"children": [24, 25, 26]
				}
			]
		}
	]
}