{
	"credit": "Made with Blockbench",
	"textures": {
		"0": "block/grass/grass_minecraft",
		"1": "block/animals/butterfly2",
		"particle": "block/grass/grass_minecraft"
	},
	"elements": [
		{
			"from": [0, 1, 15],
			"to": [16, 17, 15],
			"rotation": {"angle": 22.5, "axis": "x", "origin": [8, 8, 8]},
			"faces": {
				"north": {"uv": [0, 0, 16, 16], "texture": "#0", "tintindex": 0},
				"east": {"uv": [0, 0, 0, 16], "texture": "#missing"},
				"south": {"uv": [0, 0, 16, 16], "texture": "#0", "tintindex": 0},
				"west": {"uv": [0, 0, 0, 16], "texture": "#missing"},
				"up": {"uv": [0, 0, 16, 0], "texture": "#missing"},
				"down": {"uv": [0, 0, 16, 0], "texture": "#missing"}
			}
		},
		{
			"from": [14, 1, 0],
			"to": [14, 17, 16],
			"rotation": {"angle": -22.5, "axis": "z", "origin": [8, 8, 8]},
			"faces": {
				"north": {"uv": [0, 0, 0, 16], "texture": "#missing"},
				"east": {"uv": [0, 0, 16, 16], "texture": "#0", "tintindex": 0},
				"south": {"uv": [0, 0, 0, 16], "texture": "#missing"},
				"west": {"uv": [0, 0, 16, 16], "texture": "#0", "tintindex": 0},
				"up": {"uv": [0, 0, 16, 0], "rotation": 270, "texture": "#missing"},
				"down": {"uv": [0, 0, 16, 0], "rotation": 90, "texture": "#missing"}
			}
		},
		{
			"from": [2, 2, 0],
			"to": [2, 18, 16],
			"rotation": {"angle": 45, "axis": "z", "origin": [8, 8, 8]},
			"faces": {
				"north": {"uv": [0, 0, 0, 16], "texture": "#missing"},
				"east": {"uv": [0, 0, 16, 16], "texture": "#0", "tintindex": 0},
				"south": {"uv": [0, 0, 0, 16], "texture": "#missing"},
				"west": {"uv": [0, 0, 16, 16], "texture": "#0", "tintindex": 0},
				"up": {"uv": [0, 0, 16, 0], "rotation": 270, "texture": "#missing"},
				"down": {"uv": [0, 0, 16, 0], "rotation": 90, "texture": "#missing"}
			}
		},
		{
			"from": [8, 0, 0],
			"to": [8, 16, 16],
			"rotation": {"angle": 22.5, "axis": "y", "origin": [8, 8, 8]},
			"faces": {
				"north": {"uv": [0, 0, 0, 16], "texture": "#missing"},
				"east": {"uv": [0, 0, 16, 16], "texture": "#0", "tintindex": 0},
				"south": {"uv": [0, 0, 0, 16], "texture": "#missing"},
				"west": {"uv": [0, 0, 16, 16], "texture": "#0", "tintindex": 0},
				"up": {"uv": [0, 0, 16, 0], "rotation": 90, "texture": "#missing"},
				"down": {"uv": [0, 0, 16, 0], "rotation": 270, "texture": "#missing"}
			}
		},
		{
			"from": [0, 0, 8],
			"to": [16, 16, 8],
			"rotation": {"angle": 22.5, "axis": "y", "origin": [8, 8, 8]},
			"faces": {
				"north": {"uv": [0, 0, 16, 16], "texture": "#0", "tintindex": 0},
				"east": {"uv": [0, 0, 0, 16], "texture": "#missing"},
				"south": {"uv": [0, 0, 16, 16], "texture": "#0", "tintindex": 0},
				"west": {"uv": [0, 0, 0, 16], "texture": "#missing"},
				"up": {"uv": [0, 0, 16, 0], "rotation": 180, "texture": "#missing"},
				"down": {"uv": [0, 0, 16, 0], "rotation": 180, "texture": "#missing"}
			}
		},
		{
			"from": [0, 1, 1],
			"to": [16, 17, 1],
			"rotation": {"angle": -45, "axis": "x", "origin": [8, 8, 8]},
			"faces": {
				"north": {"uv": [0, 0, 16, 16], "texture": "#0", "tintindex": 0},
				"east": {"uv": [0, 0, 0, 16], "texture": "#missing"},
				"south": {"uv": [0, 0, 16, 16], "texture": "#0", "tintindex": 0},
				"west": {"uv": [0, 0, 0, 16], "texture": "#missing"},
				"up": {"uv": [0, 0, 16, 0], "texture": "#missing"},
				"down": {"uv": [0, 0, 16, 0], "texture": "#missing"}
			}
		},
		{
			"from": [6, 15, 8],
			"to": [10.5, 15, 11.5],
			"rotation": {"angle": 22.5, "axis": "x", "origin": [8.25, 15, 11.75]},
			"faces": {
				"north": {"uv": [0, 0, 4.5, 0], "texture": "#missing"},
				"east": {"uv": [0, 0, 3.5, 0], "texture": "#missing"},
				"south": {"uv": [0, 0, 4.5, 0], "texture": "#missing"},
				"west": {"uv": [0, 0, 3.5, 0], "texture": "#missing"},
				"up": {"uv": [0, 0, 10.5, 14], "rotation": 90, "texture": "#1"},
				"down": {"uv": [10.5, 0, 0, 14], "rotation": 90, "texture": "#1"}
			}
		},
		{
			"from": [6, 15, 12],
			"to": [10.5, 15, 15.5],
			"rotation": {"angle": -22.5, "axis": "x", "origin": [8.25, 15, 11.75]},
			"faces": {
				"north": {"uv": [0, 0, 4.5, 0], "rotation": 180, "texture": "#1"},
				"east": {"uv": [0, 0, 3.5, 0], "rotation": 180, "texture": "#1"},
				"south": {"uv": [0, 0, 4.5, 0], "rotation": 180, "texture": "#1"},
				"west": {"uv": [0, 0, 3.5, 0], "rotation": 180, "texture": "#1"},
				"up": {"uv": [10.5, 0, 0, 14], "rotation": 90, "texture": "#1"},
				"down": {"uv": [0, 0, 10.5, 14], "rotation": 90, "texture": "#1"}
			}
		},
		{
			"from": [7, 14.9, 11.5],
			"to": [9, 15.25, 12.1],
			"rotation": {"angle": 0, "axis": "y", "origin": [14, 23, 16]},
			"faces": {
				"north": {"uv": [13, 4, 15.5, 11.6], "rotation": 90, "texture": "#1"},
				"east": {"uv": [13, 4, 15.5, 11.6], "rotation": 90, "texture": "#1"},
				"south": {"uv": [13, 4, 15.5, 11.6], "rotation": 90, "texture": "#1"},
				"west": {"uv": [13, 4, 15.5, 11.6], "rotation": 90, "texture": "#1"},
				"up": {"uv": [13, 4, 15.5, 11.6], "rotation": 90, "texture": "#1"},
				"down": {"uv": [13, 4, 15.5, 11.6], "rotation": 90, "texture": "#1"}
			}
		},
		{
			"from": [9, 15.1, 11.5],
			"to": [10, 15.1, 12.1],
			"rotation": {"angle": 0, "axis": "y", "origin": [14, 23, 16]},
			"faces": {
				"north": {"uv": [13, 4, 15.5, 11.6], "rotation": 90, "texture": "#1"},
				"east": {"uv": [13, 0, 15.5, 4.1], "rotation": 90, "texture": "#1"},
				"south": {"uv": [13, 4, 15.5, 11.6], "rotation": 90, "texture": "#1"},
				"west": {"uv": [13, 4, 15.5, 11.6], "rotation": 90, "texture": "#1"},
				"up": {"uv": [13, 0, 15.5, 4.1], "rotation": 90, "texture": "#1"},
				"down": {"uv": [13, 0, 15.5, 4.1], "rotation": 90, "texture": "#1"}
			}
		}
	],
	"groups": [
		{
			"name": "group",
			"origin": [8, 8, 8],
			"children": [0, 1, 2, 3, 4, 5]
		}, 6, 7, 8, 9]
}