{
	"credit": "Coco MCBBS",
	"textures": {
		"0": "block/wild_carrot/wild_carrot",
		"particle": "block/wild_carrot/wild_carrot"
	},
	"elements": [
		{
			"from": [8, 0, 5],
			"to": [11, 4, 8],
			"faces": {
				"north": {"uv": [0, 0, 5, 6], "texture": "#0"},
				"east": {"uv": [0, 0, 5, 6], "texture": "#0"},
				"south": {"uv": [0, 0, 5, 6], "texture": "#0"},
				"west": {"uv": [0, 0, 5, 6], "texture": "#0"},
				"up": {"uv": [0, 8, 5, 13], "texture": "#0"},
				"down": {"uv": [0, 8, 5, 13], "texture": "#0"}
			}
		},
		{
			"from": [9, 4, 6],
			"to": [10, 5, 7],
			"faces": {
				"north": {"uv": [9, 5, 10, 6], "texture": "#0"},
				"east": {"uv": [9, 5, 10, 6], "texture": "#0"},
				"south": {"uv": [9, 5, 10, 6], "texture": "#0"},
				"west": {"uv": [9, 5, 10, 6], "texture": "#0"},
				"up": {"uv": [9, 5, 10, 6], "texture": "#0"},
				"down": {"uv": [9, 5, 10, 6], "texture": "#0"}
			}
		},
		{
			"from": [7, 4, 7],
			"to": [11, 9, 7],
			"rotation": {"angle": -22.5, "axis": "y", "origin": [10.99912, 6.5035, 7.99739]},
			"faces": {
				"north": {"uv": [6, 0, 15, 11], "texture": "#0"},
				"east": {"uv": [0, 0, 0, 7], "texture": "#missing"},
				"south": {"uv": [6, 0, 15, 11], "texture": "#0"},
				"west": {"uv": [0, 0, 0, 7], "texture": "#missing"},
				"up": {"uv": [0, 0, 3, 0], "texture": "#missing"},
				"down": {"uv": [0, 0, 3, 0], "texture": "#missing"}
			}
		},
		{
			"from": [9.53425, 4, 4.30407],
			"to": [9.53425, 9, 8.30407],
			"rotation": {"angle": 0, "axis": "y", "origin": [9.53178, 6.50563, 6.30735]},
			"faces": {
				"north": {"uv": [0, 0, 0, 7], "texture": "#0"},
				"east": {"uv": [6, 0, 15, 11], "texture": "#0"},
				"south": {"uv": [0, 0, 0, 7], "texture": "#0"},
				"west": {"uv": [6, 0, 15, 11], "texture": "#0"},
				"up": {"uv": [0, 0, 3, 0], "rotation": 270, "texture": "#0"},
				"down": {"uv": [0, 0, 3, 0], "rotation": 90, "texture": "#0"}
			}
		},
		{
			"from": [11.53425, 6, 4.30407],
			"to": [11.53425, 12, 8.30407],
			"rotation": {"angle": -45, "axis": "z", "origin": [9.53391, 6.50565, 6.29878]},
			"faces": {
				"north": {"uv": [0, 0, 0, 7], "texture": "#missing"},
				"east": {"uv": [6, 0, 15, 11], "texture": "#0"},
				"south": {"uv": [0, 0, 0, 7], "texture": "#missing"},
				"west": {"uv": [6, 0, 15, 11], "texture": "#0"},
				"up": {"uv": [0, 0, 3, 0], "rotation": 270, "texture": "#missing"},
				"down": {"uv": [0, 0, 3, 0], "rotation": 90, "texture": "#missing"}
			}
		},
		{
			"from": [7.53425, 4, 4.30407],
			"to": [7.53425, 10, 8.30407],
			"rotation": {"angle": 22.5, "axis": "z", "origin": [9.53391, 6.50565, 6.29878]},
			"faces": {
				"north": {"uv": [0, 0, 0, 7], "texture": "#0"},
				"east": {"uv": [6, 0, 15, 11], "texture": "#0"},
				"south": {"uv": [0, 0, 0, 7], "texture": "#0"},
				"west": {"uv": [6, 0, 15, 11], "texture": "#0"},
				"up": {"uv": [0, 0, 3, 0], "rotation": 270, "texture": "#0"},
				"down": {"uv": [0, 0, 3, 0], "rotation": 90, "texture": "#0"}
			}
		},
		{
			"from": [7.5392, 5, 4.29843],
			"to": [11.5392, 11, 4.29843],
			"rotation": {"angle": -45, "axis": "x", "origin": [9.53391, 6.50565, 6.29878]},
			"faces": {
				"north": {"uv": [6, 0, 15, 11], "texture": "#0"},
				"east": {"uv": [0, 0, 0, 7], "texture": "#missing"},
				"south": {"uv": [6, 0, 15, 11], "texture": "#0"},
				"west": {"uv": [0, 0, 0, 7], "texture": "#missing"},
				"up": {"uv": [0, 0, 3, 0], "rotation": 180, "texture": "#missing"},
				"down": {"uv": [0, 0, 3, 0], "rotation": 180, "texture": "#missing"}
			}
		},
		{
			"from": [7.52862, 4.5053, 5.79313],
			"to": [11.52862, 4.5053, 11.79313],
			"rotation": {"angle": -22.5, "axis": "x", "origin": [9.53391, 6.50565, 6.29878]},
			"faces": {
				"north": {"uv": [0, 0, 3, 0], "rotation": 180, "texture": "#missing"},
				"east": {"uv": [0, 0, 0, 7], "rotation": 270, "texture": "#missing"},
				"south": {"uv": [0, 0, 3, 0], "texture": "#missing"},
				"west": {"uv": [0, 0, 0, 7], "rotation": 90, "texture": "#missing"},
				"up": {"uv": [6, 0, 15, 11], "rotation": 180, "texture": "#0"},
				"down": {"uv": [6, 0, 15, 11], "texture": "#0"}
			}
		}
	]
}