{
	"credit": "Coco MCBBS",
	"textures": {
		"0": "block/tulips/pink_tulip",
		"particle": "block/tulips/pink_tulip"
	},
	"elements": [
		{
			"from": [7, 0, 7],
			"to": [8, 9, 8],
			"faces": {
				"north": {"uv": [15, 7, 16, 16], "texture": "#0"},
				"east": {"uv": [15, 7, 16, 16], "texture": "#0"},
				"south": {"uv": [15, 7, 16, 16], "texture": "#0"},
				"west": {"uv": [15, 7, 16, 16], "texture": "#0"},
				"up": {"uv": [15, 15, 16, 16], "texture": "#0"},
				"down": {"uv": [15, 7, 16, 16], "texture": "#0"}
			}
		},
		{
			"from": [6, 1, 4],
			"to": [6, 11, 11],
			"rotation": {"angle": 45, "axis": "z", "origin": [7, 5, 7.5]},
			"faces": {
				"north": {"uv": [6, 4, 13, 14], "texture": "#0"},
				"east": {"uv": [6, 4, 13, 14], "texture": "#0"},
				"south": {"uv": [6, 4, 13, 14], "texture": "#0"},
				"west": {"uv": [6, 4, 13, 14], "texture": "#0"},
				"up": {"uv": [6, 4, 13, 14], "texture": "#0"},
				"down": {"uv": [6, 4, 13, 14], "texture": "#0"}
			}
		},
		{
			"from": [10, -1, 4],
			"to": [10, 9, 11],
			"rotation": {"angle": -22.5, "axis": "z", "origin": [8, 5, 7.5]},
			"faces": {
				"north": {"uv": [6, 4, 13, 14], "texture": "#0"},
				"east": {"uv": [6, 4, 13, 14], "texture": "#0"},
				"south": {"uv": [6, 4, 13, 14], "texture": "#0"},
				"west": {"uv": [6, 4, 13, 14], "texture": "#0"},
				"up": {"uv": [6, 4, 13, 14], "texture": "#0"},
				"down": {"uv": [6, 4, 13, 14], "texture": "#0"}
			}
		},
		{
			"from": [4.5, 1, 4.5],
			"to": [10.5, 10, 4.5],
			"rotation": {"angle": -45, "axis": "x", "origin": [8, 5, 7.5]},
			"faces": {
				"north": {"uv": [6, 4, 13, 14], "texture": "#0"},
				"east": {"uv": [6, 4, 13, 14], "texture": "#0"},
				"south": {"uv": [6, 4, 13, 14], "texture": "#0"},
				"west": {"uv": [6, 4, 13, 14], "texture": "#0"},
				"up": {"uv": [6, 4, 13, 14], "rotation": 270, "texture": "#0"},
				"down": {"uv": [6, 4, 13, 14], "rotation": 90, "texture": "#0"}
			}
		},
		{
			"from": [4.5, 2, 5.5],
			"to": [10.5, 2, 13.5],
			"rotation": {"angle": -22.5, "axis": "x", "origin": [8, 5, 7.5]},
			"faces": {
				"north": {"uv": [6, 4, 13, 14], "rotation": 270, "texture": "#0"},
				"east": {"uv": [6, 4, 13, 14], "rotation": 270, "texture": "#0"},
				"south": {"uv": [6, 4, 13, 14], "rotation": 270, "texture": "#0"},
				"west": {"uv": [6, 4, 13, 14], "rotation": 90, "texture": "#0"},
				"up": {"uv": [6, 4, 13, 14], "rotation": 180, "texture": "#0"},
				"down": {"uv": [6, 4, 13, 14], "texture": "#0"}
			}
		},
		{
			"from": [5.5, 9, 6],
			"to": [7.5, 9, 9],
			"rotation": {"angle": -45, "axis": "z", "origin": [6.5, 9, 7.5]},
			"faces": {
				"north": {"uv": [1, 10, 4, 12], "rotation": 90, "texture": "#0"},
				"east": {"uv": [1, 10, 4, 12], "rotation": 270, "texture": "#0"},
				"south": {"uv": [1, 10, 4, 12], "rotation": 270, "texture": "#0"},
				"west": {"uv": [1, 10, 4, 12], "rotation": 270, "texture": "#0"},
				"up": {"uv": [1, 10, 4, 12], "rotation": 270, "texture": "#0"},
				"down": {"uv": [1, 10, 4, 12], "rotation": 270, "texture": "#0"}
			}
		},
		{
			"from": [8.5, 8, 6],
			"to": [8.5, 10, 9],
			"rotation": {"angle": -45, "axis": "z", "origin": [8.5, 9, 7.5]},
			"faces": {
				"north": {"uv": [1, 10, 4, 12], "texture": "#0"},
				"east": {"uv": [1, 10, 4, 12], "texture": "#0"},
				"south": {"uv": [1, 10, 4, 12], "texture": "#0"},
				"west": {"uv": [1, 10, 4, 12], "texture": "#0"},
				"up": {"uv": [1, 10, 4, 12], "texture": "#0"},
				"down": {"uv": [1, 10, 4, 12], "texture": "#0"}
			}
		},
		{
			"from": [6, 8, 6.5],
			"to": [9, 10, 6.5],
			"rotation": {"angle": -45, "axis": "x", "origin": [7.5, 9, 6.5]},
			"faces": {
				"north": {"uv": [1, 10, 4, 12], "texture": "#0"},
				"east": {"uv": [1, 10, 4, 12], "texture": "#0"},
				"south": {"uv": [1, 10, 4, 12], "texture": "#0"},
				"west": {"uv": [1, 10, 5, 12], "texture": "#0"},
				"up": {"uv": [1, 10, 4, 12], "rotation": 90, "texture": "#0"},
				"down": {"uv": [1, 10, 4, 12], "rotation": 270, "texture": "#0"}
			}
		},
		{
			"from": [6, 8, 8.5],
			"to": [9, 10, 8.5],
			"rotation": {"angle": 45, "axis": "x", "origin": [7.5, 9, 8.5]},
			"faces": {
				"north": {"uv": [1, 10, 4, 12], "texture": "#0"},
				"east": {"uv": [1, 10, 4, 12], "texture": "#0"},
				"south": {"uv": [1, 10, 4, 12], "texture": "#0"},
				"west": {"uv": [1, 10, 5, 12], "texture": "#0"},
				"up": {"uv": [1, 10, 4, 12], "rotation": 90, "texture": "#0"},
				"down": {"uv": [1, 10, 4, 12], "rotation": 270, "texture": "#0"}
			}
		},
		{
			"from": [6.6, 9.5, 5.8],
			"to": [8.6, 13.9, 5.8],
			"rotation": {"angle": 0, "axis": "y", "origin": [8, 9, 8]},
			"faces": {
				"north": {"uv": [1, 4, 4, 8], "texture": "#0"},
				"east": {"uv": [1, 4, 4, 8], "texture": "#0"},
				"south": {"uv": [1, 4, 4, 8], "texture": "#0"},
				"west": {"uv": [1, 4, 4, 8], "texture": "#0"},
				"up": {"uv": [1, 4, 4, 8], "texture": "#0"},
				"down": {"uv": [1, 4, 4, 8], "texture": "#0"}
			}
		},
		{
			"from": [7.7, 9.5, 6.8],
			"to": [9.7, 13.5, 6.8],
			"rotation": {"angle": -45, "axis": "y", "origin": [9, 10, 7]},
			"faces": {
				"north": {"uv": [1, 4, 4, 8], "texture": "#0"},
				"east": {"uv": [1, 4, 4, 8], "texture": "#0"},
				"south": {"uv": [1, 4, 4, 8], "texture": "#0"},
				"west": {"uv": [1, 4, 4, 8], "texture": "#0"},
				"up": {"uv": [1, 4, 4, 8], "texture": "#0"},
				"down": {"uv": [1, 4, 4, 8], "texture": "#0"}
			}
		},
		{
			"from": [6.6, 9.5, 9.3],
			"to": [8.6, 13.9, 9.3],
			"rotation": {"angle": 0, "axis": "y", "origin": [8, 9, 8]},
			"faces": {
				"north": {"uv": [1, 4, 4, 8], "texture": "#0"},
				"east": {"uv": [1, 4, 4, 8], "texture": "#0"},
				"south": {"uv": [1, 4, 4, 8], "texture": "#0"},
				"west": {"uv": [1, 4, 4, 8], "texture": "#0"},
				"up": {"uv": [1, 4, 4, 8], "texture": "#0"},
				"down": {"uv": [1, 4, 4, 8], "texture": "#0"}
			}
		},
		{
			"from": [6.5, 9.5, 9.6],
			"to": [8.5, 13.5, 9.6],
			"rotation": {"angle": -45, "axis": "y", "origin": [8, 9, 8]},
			"faces": {
				"north": {"uv": [1, 4, 4, 8], "texture": "#0"},
				"east": {"uv": [1, 4, 4, 8], "texture": "#0"},
				"south": {"uv": [1, 4, 4, 8], "texture": "#0"},
				"west": {"uv": [1, 4, 4, 8], "texture": "#0"},
				"up": {"uv": [1, 4, 4, 8], "texture": "#0"},
				"down": {"uv": [1, 4, 4, 8], "texture": "#0"}
			}
		},
		{
			"from": [5.8, 9.5, 6.5],
			"to": [5.8, 13.9, 8.5],
			"rotation": {"angle": 0, "axis": "y", "origin": [8, 9, 8]},
			"faces": {
				"north": {"uv": [1, 4, 4, 8], "texture": "#0"},
				"east": {"uv": [1, 4, 4, 8], "texture": "#0"},
				"south": {"uv": [1, 4, 4, 8], "texture": "#0"},
				"west": {"uv": [1, 4, 4, 8], "texture": "#0"},
				"up": {"uv": [1, 4, 4, 8], "rotation": 90, "texture": "#0"},
				"down": {"uv": [1, 4, 4, 8], "rotation": 270, "texture": "#0"}
			}
		},
		{
			"from": [5.8, 9.5, 7],
			"to": [5.8, 13.5, 9],
			"rotation": {"angle": -45, "axis": "y", "origin": [8, 9, 8]},
			"faces": {
				"north": {"uv": [1, 4, 4, 8], "texture": "#0"},
				"east": {"uv": [1, 4, 4, 8], "texture": "#0"},
				"south": {"uv": [1, 4, 4, 8], "texture": "#0"},
				"west": {"uv": [1, 4, 4, 8], "texture": "#0"},
				"up": {"uv": [1, 4, 4, 8], "rotation": 90, "texture": "#0"},
				"down": {"uv": [1, 4, 4, 8], "rotation": 270, "texture": "#0"}
			}
		},
		{
			"from": [9.2, 9.5, 6.5],
			"to": [9.2, 13.9, 8.5],
			"rotation": {"angle": 0, "axis": "y", "origin": [8, 9, 8]},
			"faces": {
				"north": {"uv": [1, 4, 4, 8], "texture": "#0"},
				"east": {"uv": [1, 4, 4, 8], "texture": "#0"},
				"south": {"uv": [1, 4, 4, 8], "texture": "#0"},
				"west": {"uv": [1, 4, 4, 8], "texture": "#0"},
				"up": {"uv": [1, 4, 4, 8], "rotation": 90, "texture": "#0"},
				"down": {"uv": [1, 4, 4, 8], "rotation": 270, "texture": "#0"}
			}
		},
		{
			"from": [9.2, 9.5, 7],
			"to": [9.2, 13.5, 9],
			"rotation": {"angle": -45, "axis": "y", "origin": [8, 9, 8]},
			"faces": {
				"north": {"uv": [1, 4, 4, 8], "texture": "#0"},
				"east": {"uv": [1, 4, 4, 8], "texture": "#0"},
				"south": {"uv": [1, 4, 4, 8], "texture": "#0"},
				"west": {"uv": [1, 4, 4, 8], "texture": "#0"},
				"up": {"uv": [1, 4, 4, 8], "rotation": 90, "texture": "#0"},
				"down": {"uv": [1, 4, 4, 8], "rotation": 270, "texture": "#0"}
			}
		},
		{
			"from": [6, 10, 6],
			"to": [9, 10, 9],
			"faces": {
				"north": {"uv": [1, 5, 4, 8], "texture": "#0"},
				"east": {"uv": [1, 5, 4, 8], "texture": "#0"},
				"south": {"uv": [1, 5, 4, 8], "texture": "#0"},
				"west": {"uv": [1, 5, 4, 8], "texture": "#0"},
				"up": {"uv": [1, 5, 4, 8], "texture": "#0"},
				"down": {"uv": [1, 5, 4, 8], "texture": "#0"}
			}
		},
		{
			"from": [7.5, 10, 6.5],
			"to": [7.5, 12, 8.5],
			"faces": {
				"north": {"uv": [0, 0, 0, 2], "texture": "#0"},
				"east": {"uv": [3, 13, 6, 16], "texture": "#0"},
				"south": {"uv": [0, 0, 0, 2], "texture": "#0"},
				"west": {"uv": [3, 13, 6, 16], "texture": "#0"},
				"up": {"uv": [0, 0, 0, 3], "texture": "#0"},
				"down": {"uv": [0, 0, 0, 3], "texture": "#0"}
			}
		},
		{
			"from": [6.5, 10, 7.5],
			"to": [8.5, 12, 7.5],
			"rotation": {"angle": 0, "axis": "y", "origin": [7.5, 11, 7.5]},
			"faces": {
				"north": {"uv": [3, 13, 6, 16], "texture": "#0"},
				"east": {"uv": [0, 0, 0, 2], "texture": "#0"},
				"south": {"uv": [3, 13, 6, 16], "texture": "#0"},
				"west": {"uv": [0, 0, 0, 2], "texture": "#0"},
				"up": {"uv": [0, 0, 0, 3], "rotation": 90, "texture": "#0"},
				"down": {"uv": [0, 0, 0, 3], "rotation": 270, "texture": "#0"}
			}
		}
	]
}