{
	"credit": "Made with Blockbench",
	"parent": "block/leaves",
	"textures": {
		"0": "block/leaves_big_oak",
		"1": "block/leaves_big_oak_a",
		"2": "block/pear/pear",
		"particle": "block/leaves_big_oak"
	},
	"elements": [
		{
			"from": [0, 0, 0],
			"to": [16, 16, 16],
			"shade": false,
			"faces": {
				"north": {"uv": [0, 0, 16, 16], "texture": "#0", "tintindex": 0},
				"east": {"uv": [0, 0, 16, 16], "texture": "#0", "tintindex": 0},
				"south": {"uv": [0, 0, 16, 16], "texture": "#0", "tintindex": 0},
				"west": {"uv": [0, 0, 16, 16], "texture": "#0", "tintindex": 0},
				"up": {"uv": [0, 0, 16, 16], "texture": "#0", "tintindex": 0},
				"down": {"uv": [0, 0, 16, 16], "texture": "#0", "tintindex": 0}
			}
		},
		{
			"from": [1.5, -9, -8.5],
			"to": [1.5, 24, 23.5],
			"shade": false,
			"rotation": {"angle": -22.5, "axis": "y", "origin": [2, -8.5, 23.5]},
			"faces": {
				"north": {"uv": [0, 0, 16, 0], "rotation": 270, "texture": "#missing"},
				"east": {"uv": [0, 0, 16, 16], "texture": "#1", "tintindex": 0},
				"south": {"uv": [0, 0, 16, 0], "rotation": 90, "texture": "#missing"},
				"west": {"uv": [0, 0, 16, 16], "rotation": 180, "texture": "#1", "tintindex": 0},
				"up": {"uv": [0, 0, 16, 0], "rotation": 270, "texture": "#1", "tintindex": 0},
				"down": {"uv": [0, 0, 16, 0], "rotation": 270, "texture": "#missing"}
			}
		},
		{
			"from": [14.5, -9, -9.5],
			"to": [14.5, 24, 22.5],
			"shade": false,
			"rotation": {"angle": 22.5, "axis": "y", "origin": [15, -8.5, 22.5]},
			"faces": {
				"north": {"uv": [0, 0, 16, 0], "rotation": 270, "texture": "#missing"},
				"east": {"uv": [0, 0, 16, 16], "texture": "#1", "tintindex": 0},
				"south": {"uv": [0, 0, 16, 0], "rotation": 90, "texture": "#missing"},
				"west": {"uv": [0, 0, 16, 16], "rotation": 180, "texture": "#1", "tintindex": 0},
				"up": {"uv": [0, 0, 16, 0], "rotation": 270, "texture": "#1", "tintindex": 0},
				"down": {"uv": [0, 0, 16, 0], "rotation": 270, "texture": "#missing"}
			}
		},
		{
			"from": [-7, -9, 14],
			"to": [25, 24, 14],
			"shade": false,
			"rotation": {"angle": 22.5, "axis": "y", "origin": [-7, -8.5, 14.5]},
			"faces": {
				"north": {"uv": [0, 0, 16, 16], "rotation": 180, "texture": "#1", "tintindex": 0},
				"east": {"uv": [0, 0, 16, 0], "rotation": 270, "texture": "#missing"},
				"south": {"uv": [0, 0, 16, 16], "texture": "#1", "tintindex": 0},
				"west": {"uv": [0, 0, 16, 0], "rotation": 90, "texture": "#missing"},
				"up": {"uv": [0, 0, 16, 0], "texture": "#1", "tintindex": 0},
				"down": {"uv": [0, 0, 16, 0], "rotation": 180, "texture": "#missing"}
			}
		},
		{
			"from": [-7, -9, 2],
			"to": [25, 24, 2],
			"shade": false,
			"rotation": {"angle": -22.5, "axis": "y", "origin": [-7, -8.5, 2.5]},
			"faces": {
				"north": {"uv": [0, 0, 16, 16], "rotation": 180, "texture": "#1", "tintindex": 0},
				"east": {"uv": [0, 0, 16, 0], "rotation": 270, "texture": "#missing"},
				"south": {"uv": [0, 0, 16, 16], "texture": "#1", "tintindex": 0},
				"west": {"uv": [0, 0, 16, 0], "rotation": 90, "texture": "#missing"},
				"up": {"uv": [0, 0, 16, 0], "texture": "#1", "tintindex": 0},
				"down": {"uv": [0, 0, 16, 0], "rotation": 180, "texture": "#missing"}
			}
		},
		{
			"from": [6, 7, -4],
			"to": [11, 11, 1],
			"rotation": {"angle": 0, "axis": "y", "origin": [14, 15, 4]},
			"faces": {
				"north": {"uv": [5, 4, 11, 9], "texture": "#2"},
				"east": {"uv": [5, 4, 11, 9], "texture": "#2"},
				"south": {"uv": [5, 4, 11, 9], "texture": "#2"},
				"west": {"uv": [5, 4, 11, 9], "texture": "#2"},
				"up": {"uv": [5, 4, 11, 10], "texture": "#2"},
				"down": {"uv": [5, 4, 11, 10], "texture": "#2"}
			}
		},
		{
			"from": [3.7, 3, 16.7],
			"to": [7.3, 7, 20.3],
			"rotation": {"angle": 0, "axis": "y", "origin": [11, 12, 24]},
			"faces": {
				"north": {"uv": [5, 4, 11, 9], "texture": "#2"},
				"east": {"uv": [5, 4, 11, 9], "texture": "#2"},
				"south": {"uv": [5, 4, 11, 9], "texture": "#2"},
				"west": {"uv": [5, 4, 11, 9], "texture": "#2"},
				"up": {"uv": [5, 4, 11, 10], "texture": "#2"},
				"down": {"uv": [5, 4, 11, 10], "texture": "#2"}
			}
		},
		{
			"from": [3.5, 5.5, 16.5],
			"to": [7.5, 9.5, 20.5],
			"rotation": {"angle": 0, "axis": "y", "origin": [11, 12, 24]},
			"faces": {
				"north": {"uv": [5, 7, 11, 12], "texture": "#2"},
				"east": {"uv": [5, 4, 11, 9], "texture": "#2"},
				"south": {"uv": [5, 4, 11, 9], "texture": "#2"},
				"west": {"uv": [5, 4, 11, 9], "texture": "#2"},
				"up": {"uv": [5, 4, 11, 10], "texture": "#2"},
				"down": {"uv": [5, 4, 11, 10], "texture": "#2"}
			}
		},
		{
			"from": [3, 4, 16],
			"to": [8, 8, 21],
			"rotation": {"angle": 0, "axis": "y", "origin": [11, 12, 24]},
			"faces": {
				"north": {"uv": [5, 4, 11, 9], "texture": "#2"},
				"east": {"uv": [5, 4, 11, 9], "texture": "#2"},
				"south": {"uv": [5, 4, 11, 9], "texture": "#2"},
				"west": {"uv": [5, 4, 11, 9], "texture": "#2"},
				"up": {"uv": [5, 4, 11, 10], "texture": "#2"},
				"down": {"uv": [5, 4, 11, 10], "texture": "#2"}
			}
		},
		{
			"from": [6.5, 8.5, -3.5],
			"to": [10.5, 12.5, 0.5],
			"rotation": {"angle": 0, "axis": "y", "origin": [14, 15, 4]},
			"faces": {
				"north": {"uv": [5, 7, 11, 12], "texture": "#2"},
				"east": {"uv": [5, 4, 11, 9], "texture": "#2"},
				"south": {"uv": [5, 4, 11, 9], "texture": "#2"},
				"west": {"uv": [5, 4, 11, 9], "texture": "#2"},
				"up": {"uv": [5, 4, 11, 10], "texture": "#2"},
				"down": {"uv": [5, 4, 11, 10], "texture": "#2"}
			}
		},
		{
			"from": [6.7, 6, -3.3],
			"to": [10.3, 10, 0.3],
			"rotation": {"angle": 0, "axis": "y", "origin": [14, 15, 4]},
			"faces": {
				"north": {"uv": [5, 4, 11, 9], "texture": "#2"},
				"east": {"uv": [5, 4, 11, 9], "texture": "#2"},
				"south": {"uv": [5, 4, 11, 9], "texture": "#2"},
				"west": {"uv": [5, 4, 11, 9], "texture": "#2"},
				"up": {"uv": [5, 4, 11, 10], "texture": "#2"},
				"down": {"uv": [5, 4, 11, 10], "texture": "#2"}
			}
		}
	],
	"groups": [
		{
			"name": "stone_1",
			"shade": false,
			"origin": [8, 8, 8],
			"children": [0, 1, 2, 3, 4]
		}, 5, 6, 7, 8, 9, 10]
}