{
	"credit": "Made by FishCoco-MCBBS",
	"parent": "block/leaves",
	"textures": {
		"0": "block/leaves_big_oak",
		"1": "block/leaves_big_oak_a",
		"particle": "block/leaves_big_oak"
	},
	"elements": [
		{
			"from": [0, 0, 0],
			"to": [16, 16, 16],
			"faces": {
				"north": {"uv": [0, 0, 16, 16], "texture": "#0", "tintindex": 0},
				"east": {"uv": [0, 0, 16, 16], "texture": "#0", "tintindex": 0},
				"south": {"uv": [0, 0, 16, 16], "texture": "#0", "tintindex": 0},
				"west": {"uv": [0, 0, 16, 16], "texture": "#0", "tintindex": 0},
				"up": {"uv": [0, 0, 16, 16], "texture": "#0", "tintindex": 0},
				"down": {"uv": [0, 0, 16, 16], "texture": "#0", "tintindex": 0}
			}
		},
		{
			"from": [1.5, -9, -8.5],
			"to": [1.5, 24, 23.5],
			"shade": false,
			"rotation": {"angle": -22.5, "axis": "y", "origin": [2, -8.5, 23.5]},
			"faces": {
				"north": {"uv": [0, 0, 16, 0], "texture": "#missing", "rotation": 270},
				"east": {"uv": [0, 0, 16, 16], "texture": "#1", "tintindex": 0},
				"south": {"uv": [0, 0, 16, 0], "texture": "#missing", "rotation": 90},
				"west": {"uv": [0, 0, 16, 16], "texture": "#1", "rotation": 180, "tintindex": 0},
				"up": {"uv": [0, 0, 16, 0], "texture": "#1", "rotation": 270, "tintindex": 0},
				"down": {"uv": [0, 0, 16, 0], "texture": "#missing", "rotation": 270}
			}
		},
		{
			"from": [14.5, -9, -9.5],
			"to": [14.5, 24, 22.5],
			"shade": false,
			"rotation": {"angle": 22.5, "axis": "y", "origin": [15, -8.5, 22.5]},
			"faces": {
				"north": {"uv": [0, 0, 16, 0], "texture": "#missing", "rotation": 270},
				"east": {"uv": [0, 0, 16, 16], "texture": "#1", "tintindex": 0},
				"south": {"uv": [0, 0, 16, 0], "texture": "#missing", "rotation": 90},
				"west": {"uv": [0, 0, 16, 16], "texture": "#1", "rotation": 180, "tintindex": 0},
				"up": {"uv": [0, 0, 16, 0], "texture": "#1", "rotation": 270, "tintindex": 0},
				"down": {"uv": [0, 0, 16, 0], "texture": "#missing", "rotation": 270}
			}
		},
		{
			"from": [-7, -9, 14],
			"to": [25, 24, 14],
			"shade": false,
			"rotation": {"angle": 22.5, "axis": "y", "origin": [-7, -8.5, 14.5]},
			"faces": {
				"north": {"uv": [0, 0, 16, 16], "texture": "#1", "rotation": 180, "tintindex": 0},
				"east": {"uv": [0, 0, 16, 0], "texture": "#missing", "rotation": 270},
				"south": {"uv": [0, 0, 16, 16], "texture": "#1", "tintindex": 0},
				"west": {"uv": [0, 0, 16, 0], "texture": "#missing", "rotation": 90},
				"up": {"uv": [0, 0, 16, 0], "texture": "#1", "tintindex": 0},
				"down": {"uv": [0, 0, 16, 0], "texture": "#missing", "rotation": 180}
			}
		},
		{
			"from": [-7, -9, 2],
			"to": [25, 24, 2],
			"shade": false,
			"rotation": {"angle": -22.5, "axis": "y", "origin": [-7, -8.5, 2.5]},
			"faces": {
				"north": {"uv": [0, 0, 16, 16], "texture": "#1", "rotation": 180, "tintindex": 0},
				"east": {"uv": [0, 0, 16, 0], "texture": "#missing", "rotation": 270},
				"south": {"uv": [0, 0, 16, 16], "texture": "#1", "tintindex": 0},
				"west": {"uv": [0, 0, 16, 0], "texture": "#missing", "rotation": 90},
				"up": {"uv": [0, 0, 16, 0], "texture": "#1", "tintindex": 0},
				"down": {"uv": [0, 0, 16, 0], "texture": "#missing", "rotation": 180}
			}
		}
	],
	"groups": [
		{
			"name": "stone_1",
			"isOpen": true,
			"shade": false,
			"display": {
				"visibility": true,
				"autouv": true
			},
			"children": [0, 1, 2, 3, 4]
		}
	]
}