{
	"credit": "Made with Blockbench",
	"ambientocclusion": false,
	"textures": {
		"0": "block/crop/beetroot",
		"1": "block/crop/beetroots_stage3",
		"particle": "block/crop/beetroot"
	},
	"elements": [
		{
			"name": "1",
			"from": [1, 0, 2],
			"to": [5, 2, 6],
			"rotation": {"angle": 22.5, "axis": "y", "origin": [3, 1.4, 4]},
			"faces": {
				"north": {"uv": [0, 9, 4, 11], "texture": "#0"},
				"east": {"uv": [0, 9, 4, 11], "texture": "#0"},
				"south": {"uv": [0, 9, 4, 11], "texture": "#0"},
				"west": {"uv": [0, 9, 4, 11], "texture": "#0"},
				"up": {"uv": [0, 8, 4, 12], "texture": "#0"},
				"down": {"uv": [0, 8, 4, 12], "texture": "#0"}
			}
		},
		{
			"name": "1",
			"from": [1.5, 0.8, 2.5],
			"to": [4.5, 2.8, 5.5],
			"rotation": {"angle": 22.5, "axis": "y", "origin": [3, 1.4, 4]},
			"faces": {
				"north": {"uv": [1, 5, 4, 7], "texture": "#0"},
				"east": {"uv": [1, 5, 4, 7], "texture": "#0"},
				"south": {"uv": [1, 5, 4, 7], "texture": "#0"},
				"west": {"uv": [1, 5, 4, 7], "texture": "#0"},
				"up": {"uv": [0, 8, 3, 11], "texture": "#0"},
				"down": {"uv": [0, 0, 3, 3], "texture": "#0"}
			}
		},
		{
			"name": "1",
			"from": [2.5, 0.8, 9.5],
			"to": [5.5, 2.8, 12.5],
			"rotation": {"angle": 0, "axis": "y", "origin": [4, 1.4, 4]},
			"faces": {
				"north": {"uv": [1, 5, 4, 7], "texture": "#0"},
				"east": {"uv": [1, 5, 4, 7], "texture": "#0"},
				"south": {"uv": [1, 5, 4, 7], "texture": "#0"},
				"west": {"uv": [1, 5, 4, 7], "texture": "#0"},
				"up": {"uv": [0, 8, 3, 11], "texture": "#0"},
				"down": {"uv": [0, 0, 3, 3], "texture": "#0"}
			}
		},
		{
			"name": "1",
			"from": [2, 0, 9],
			"to": [6, 2, 13],
			"rotation": {"angle": 0, "axis": "y", "origin": [4, 1.4, 4]},
			"faces": {
				"north": {"uv": [0, 9, 4, 11], "texture": "#0"},
				"east": {"uv": [0, 9, 4, 11], "texture": "#0"},
				"south": {"uv": [0, 9, 4, 11], "texture": "#0"},
				"west": {"uv": [0, 9, 4, 11], "texture": "#0"},
				"up": {"uv": [0, 8, 4, 12], "texture": "#0"},
				"down": {"uv": [0, 8, 4, 12], "texture": "#0"}
			}
		},
		{
			"name": "1",
			"from": [7, 0, 3],
			"to": [11, 2, 7],
			"rotation": {"angle": -22.5, "axis": "y", "origin": [10, 1.4, 12]},
			"faces": {
				"north": {"uv": [0, 9, 4, 11], "texture": "#0"},
				"east": {"uv": [0, 9, 4, 11], "texture": "#0"},
				"south": {"uv": [0, 9, 4, 11], "texture": "#0"},
				"west": {"uv": [0, 9, 4, 11], "texture": "#0"},
				"up": {"uv": [0, 8, 4, 12], "rotation": 180, "texture": "#0"},
				"down": {"uv": [0, 8, 4, 12], "rotation": 180, "texture": "#0"}
			}
		},
		{
			"name": "1",
			"from": [9, 0, 10],
			"to": [13, 2, 14],
			"rotation": {"angle": -22.5, "axis": "y", "origin": [10, 1.4, 12]},
			"faces": {
				"north": {"uv": [0, 9, 4, 11], "texture": "#0"},
				"east": {"uv": [0, 9, 4, 11], "texture": "#0"},
				"south": {"uv": [0, 9, 4, 11], "texture": "#0"},
				"west": {"uv": [0, 9, 4, 11], "texture": "#0"},
				"up": {"uv": [0, 8, 4, 12], "rotation": 180, "texture": "#0"},
				"down": {"uv": [0, 8, 4, 12], "rotation": 180, "texture": "#0"}
			}
		},
		{
			"name": "1",
			"from": [9.5, 0.8, 10.5],
			"to": [12.5, 2.8, 13.5],
			"rotation": {"angle": -22.5, "axis": "y", "origin": [10, 1.4, 12]},
			"faces": {
				"north": {"uv": [1, 5, 4, 7], "texture": "#0"},
				"east": {"uv": [1, 5, 4, 7], "texture": "#0"},
				"south": {"uv": [1, 5, 4, 7], "texture": "#0"},
				"west": {"uv": [1, 5, 4, 7], "texture": "#0"},
				"up": {"uv": [0, 8, 3, 11], "rotation": 180, "texture": "#0"},
				"down": {"uv": [0, 0, 3, 3], "rotation": 180, "texture": "#0"}
			}
		},
		{
			"name": "1",
			"from": [7.5, 0.8, 3.5],
			"to": [10.5, 2.8, 6.5],
			"rotation": {"angle": -22.5, "axis": "y", "origin": [10, 1.4, 12]},
			"faces": {
				"north": {"uv": [1, 5, 4, 7], "texture": "#0"},
				"east": {"uv": [1, 5, 4, 7], "texture": "#0"},
				"south": {"uv": [1, 5, 4, 7], "texture": "#0"},
				"west": {"uv": [1, 5, 4, 7], "texture": "#0"},
				"up": {"uv": [0, 8, 3, 11], "rotation": 180, "texture": "#0"},
				"down": {"uv": [0, 0, 3, 3], "rotation": 180, "texture": "#0"}
			}
		},
		{
			"from": [6, 2, 5],
			"to": [17, 12, 5],
			"rotation": {"angle": 0, "axis": "y", "origin": [11.5, 7, 5]},
			"faces": {
				"north": {"uv": [1, 0, 12, 10], "texture": "#1"},
				"east": {"uv": [0, 0, 0, 10], "texture": "#1"},
				"south": {"uv": [1, 0, 12, 10], "texture": "#1"},
				"west": {"uv": [0, 0, 0, 10], "texture": "#1"},
				"up": {"uv": [0, 0, 11, 0], "texture": "#1"},
				"down": {"uv": [0, 0, 11, 0], "texture": "#1"}
			}
		},
		{
			"from": [11.5, 2, -0.5],
			"to": [11.5, 12, 10.5],
			"rotation": {"angle": 45, "axis": "y", "origin": [11.5, 7, 5]},
			"faces": {
				"north": {"uv": [0, 0, 0, 10], "texture": "#1"},
				"east": {"uv": [1, 0, 12, 10], "texture": "#1"},
				"south": {"uv": [0, 0, 0, 10], "texture": "#1"},
				"west": {"uv": [12, 0, 1, 10], "texture": "#1"},
				"up": {"uv": [0, 0, 11, 0], "rotation": 90, "texture": "#1"},
				"down": {"uv": [0, 0, 11, 0], "rotation": 270, "texture": "#1"}
			}
		},
		{
			"from": [6, 2, 5],
			"to": [17, 12, 5],
			"rotation": {"angle": 45, "axis": "y", "origin": [11.5, 7, 5]},
			"faces": {
				"north": {"uv": [1, 0, 12, 10], "texture": "#1"},
				"east": {"uv": [0, 0, 0, 10], "texture": "#1"},
				"south": {"uv": [1, 0, 12, 10], "texture": "#1"},
				"west": {"uv": [0, 0, 0, 10], "texture": "#1"},
				"up": {"uv": [0, 0, 11, 0], "texture": "#1"},
				"down": {"uv": [0, 0, 11, 0], "texture": "#1"}
			}
		},
		{
			"from": [11.5, 2, -0.5],
			"to": [11.5, 12, 10.5],
			"rotation": {"angle": 0, "axis": "y", "origin": [11.5, 7, 5]},
			"faces": {
				"north": {"uv": [0, 0, 0, 10], "texture": "#1"},
				"east": {"uv": [1, 0, 12, 10], "texture": "#1"},
				"south": {"uv": [0, 0, 0, 10], "texture": "#1"},
				"west": {"uv": [12, 0, 1, 10], "texture": "#1"},
				"up": {"uv": [0, 0, 11, 0], "rotation": 90, "texture": "#1"},
				"down": {"uv": [0, 0, 11, 0], "rotation": 270, "texture": "#1"}
			}
		},
		{
			"from": [6, 2, 13],
			"to": [17, 12, 13],
			"rotation": {"angle": -22.5, "axis": "y", "origin": [11.5, 7, 13]},
			"faces": {
				"north": {"uv": [1, 0, 12, 10], "texture": "#1"},
				"east": {"uv": [0, 0, 0, 10], "texture": "#1"},
				"south": {"uv": [1, 0, 12, 10], "texture": "#1"},
				"west": {"uv": [0, 0, 0, 10], "texture": "#1"},
				"up": {"uv": [0, 0, 11, 0], "texture": "#1"},
				"down": {"uv": [0, 0, 11, 0], "texture": "#1"}
			}
		},
		{
			"from": [4.5, 2, 5.5],
			"to": [4.5, 12, 16.5],
			"rotation": {"angle": 22.5, "axis": "y", "origin": [4.5, 7, 11]},
			"faces": {
				"north": {"uv": [0, 0, 0, 10], "texture": "#1"},
				"east": {"uv": [1, 0, 12, 10], "texture": "#1"},
				"south": {"uv": [0, 0, 0, 10], "texture": "#1"},
				"west": {"uv": [12, 0, 1, 10], "texture": "#1"},
				"up": {"uv": [0, 0, 11, 0], "rotation": 90, "texture": "#1"},
				"down": {"uv": [0, 0, 11, 0], "rotation": 270, "texture": "#1"}
			}
		},
		{
			"from": [-1, 2, 11],
			"to": [10, 12, 11],
			"rotation": {"angle": 22.5, "axis": "y", "origin": [4.5, 7, 11]},
			"faces": {
				"north": {"uv": [1, 0, 12, 10], "texture": "#1"},
				"east": {"uv": [0, 0, 0, 10], "texture": "#1"},
				"south": {"uv": [1, 0, 12, 10], "texture": "#1"},
				"west": {"uv": [0, 0, 0, 10], "texture": "#1"},
				"up": {"uv": [0, 0, 11, 0], "texture": "#1"},
				"down": {"uv": [0, 0, 11, 0], "texture": "#1"}
			}
		},
		{
			"from": [4.5, 2, 5.5],
			"to": [4.5, 12, 16.5],
			"rotation": {"angle": -22.5, "axis": "y", "origin": [4.5, 7, 11]},
			"faces": {
				"north": {"uv": [0, 0, 0, 10], "texture": "#1"},
				"east": {"uv": [1, 0, 12, 10], "texture": "#1"},
				"south": {"uv": [0, 0, 0, 10], "texture": "#1"},
				"west": {"uv": [12, 0, 1, 10], "texture": "#1"},
				"up": {"uv": [0, 0, 11, 0], "rotation": 90, "texture": "#1"},
				"down": {"uv": [0, 0, 11, 0], "rotation": 270, "texture": "#1"}
			}
		},
		{
			"from": [-1, 2, 11],
			"to": [10, 12, 11],
			"rotation": {"angle": -22.5, "axis": "y", "origin": [4.5, 7, 11]},
			"faces": {
				"north": {"uv": [1, 0, 12, 10], "texture": "#1"},
				"east": {"uv": [0, 0, 0, 10], "texture": "#1"},
				"south": {"uv": [1, 0, 12, 10], "texture": "#1"},
				"west": {"uv": [0, 0, 0, 10], "texture": "#1"},
				"up": {"uv": [0, 0, 11, 0], "texture": "#1"},
				"down": {"uv": [0, 0, 11, 0], "texture": "#1"}
			}
		},
		{
			"from": [11.5, 2, 7.5],
			"to": [11.5, 12, 18.5],
			"rotation": {"angle": -22.5, "axis": "y", "origin": [11.5, 7, 13]},
			"faces": {
				"north": {"uv": [0, 0, 0, 10], "texture": "#1"},
				"east": {"uv": [1, 0, 12, 10], "texture": "#1"},
				"south": {"uv": [0, 0, 0, 10], "texture": "#1"},
				"west": {"uv": [12, 0, 1, 10], "texture": "#1"},
				"up": {"uv": [0, 0, 11, 0], "rotation": 90, "texture": "#1"},
				"down": {"uv": [0, 0, 11, 0], "rotation": 270, "texture": "#1"}
			}
		},
		{
			"from": [6, 2, 13],
			"to": [17, 12, 13],
			"rotation": {"angle": 22.5, "axis": "y", "origin": [11.5, 7, 13]},
			"faces": {
				"north": {"uv": [1, 0, 12, 10], "texture": "#1"},
				"east": {"uv": [0, 0, 0, 10], "texture": "#1"},
				"south": {"uv": [1, 0, 12, 10], "texture": "#1"},
				"west": {"uv": [0, 0, 0, 10], "texture": "#1"},
				"up": {"uv": [0, 0, 11, 0], "texture": "#1"},
				"down": {"uv": [0, 0, 11, 0], "texture": "#1"}
			}
		},
		{
			"from": [11.5, 2, 7.5],
			"to": [11.5, 12, 18.5],
			"rotation": {"angle": 22.5, "axis": "y", "origin": [11.5, 7, 13]},
			"faces": {
				"north": {"uv": [0, 0, 0, 10], "texture": "#1"},
				"east": {"uv": [1, 0, 12, 10], "texture": "#1"},
				"south": {"uv": [0, 0, 0, 10], "texture": "#1"},
				"west": {"uv": [12, 0, 1, 10], "texture": "#1"},
				"up": {"uv": [0, 0, 11, 0], "rotation": 90, "texture": "#1"},
				"down": {"uv": [0, 0, 11, 0], "rotation": 270, "texture": "#1"}
			}
		},
		{
			"from": [-2, 2, 4],
			"to": [9, 12, 4],
			"rotation": {"angle": -22.5, "axis": "y", "origin": [3.5, 7, 4]},
			"faces": {
				"north": {"uv": [1, 0, 12, 10], "texture": "#1"},
				"east": {"uv": [0, 0, 0, 10], "texture": "#1"},
				"south": {"uv": [1, 0, 12, 10], "texture": "#1"},
				"west": {"uv": [0, 0, 0, 10], "texture": "#1"},
				"up": {"uv": [0, 0, 11, 0], "texture": "#1"},
				"down": {"uv": [0, 0, 11, 0], "texture": "#1"}
			}
		},
		{
			"from": [3.5, 2, -1.5],
			"to": [3.5, 12, 9.5],
			"rotation": {"angle": 22.5, "axis": "y", "origin": [3.5, 7, 4]},
			"faces": {
				"north": {"uv": [0, 0, 0, 10], "texture": "#1"},
				"east": {"uv": [1, 0, 12, 10], "texture": "#1"},
				"south": {"uv": [0, 0, 0, 10], "texture": "#1"},
				"west": {"uv": [12, 0, 1, 10], "texture": "#1"},
				"up": {"uv": [0, 0, 11, 0], "rotation": 90, "texture": "#1"},
				"down": {"uv": [0, 0, 11, 0], "rotation": 270, "texture": "#1"}
			}
		},
		{
			"from": [-2, 2, 4],
			"to": [9, 12, 4],
			"rotation": {"angle": 22.5, "axis": "y", "origin": [3.5, 7, 4]},
			"faces": {
				"north": {"uv": [1, 0, 12, 10], "texture": "#1"},
				"east": {"uv": [0, 0, 0, 10], "texture": "#1"},
				"south": {"uv": [1, 0, 12, 10], "texture": "#1"},
				"west": {"uv": [0, 0, 0, 10], "texture": "#1"},
				"up": {"uv": [0, 0, 11, 0], "texture": "#1"},
				"down": {"uv": [0, 0, 11, 0], "texture": "#1"}
			}
		},
		{
			"from": [3.5, 2, -1.5],
			"to": [3.5, 12, 9.5],
			"rotation": {"angle": -22.5, "axis": "y", "origin": [3.5, 7, 4]},
			"faces": {
				"north": {"uv": [0, 0, 0, 10], "texture": "#1"},
				"east": {"uv": [1, 0, 12, 10], "texture": "#1"},
				"south": {"uv": [0, 0, 0, 10], "texture": "#1"},
				"west": {"uv": [12, 0, 1, 10], "texture": "#1"},
				"up": {"uv": [0, 0, 11, 0], "rotation": 90, "texture": "#1"},
				"down": {"uv": [0, 0, 11, 0], "rotation": 270, "texture": "#1"}
			}
		}
	]
}