{
	"credit": "Made with Blockbench",
	"ambientocclusion": false,
	"textures": {
		"1": "block/crop/beetroots_stage1",
		"particle": "block/crop/beetroot0"
	},
	"elements": [
		{
			"from": [6, -1, 5],
			"to": [17, 9, 5],
			"rotation": {"angle": 0, "axis": "y", "origin": [11.5, 4, 5]},
			"faces": {
				"north": {"uv": [1, 0, 12, 10], "texture": "#1"},
				"east": {"uv": [0, 0, 0, 10], "texture": "#1"},
				"south": {"uv": [1, 0, 12, 10], "texture": "#1"},
				"west": {"uv": [0, 0, 0, 10], "texture": "#1"},
				"up": {"uv": [0, 0, 11, 0], "texture": "#1"},
				"down": {"uv": [0, 0, 11, 0], "texture": "#1"}
			}
		},
		{
			"from": [11.5, -1, -0.5],
			"to": [11.5, 9, 10.5],
			"rotation": {"angle": 45, "axis": "y", "origin": [11.5, 4, 5]},
			"faces": {
				"north": {"uv": [0, 0, 0, 10], "texture": "#1"},
				"east": {"uv": [1, 0, 12, 10], "texture": "#1"},
				"south": {"uv": [0, 0, 0, 10], "texture": "#1"},
				"west": {"uv": [12, 0, 1, 10], "texture": "#1"},
				"up": {"uv": [0, 0, 11, 0], "rotation": 90, "texture": "#1"},
				"down": {"uv": [0, 0, 11, 0], "rotation": 270, "texture": "#1"}
			}
		},
		{
			"from": [6, -1, 5],
			"to": [17, 9, 5],
			"rotation": {"angle": 45, "axis": "y", "origin": [11.5, 4, 5]},
			"faces": {
				"north": {"uv": [1, 0, 12, 10], "texture": "#1"},
				"east": {"uv": [0, 0, 0, 10], "texture": "#1"},
				"south": {"uv": [1, 0, 12, 10], "texture": "#1"},
				"west": {"uv": [0, 0, 0, 10], "texture": "#1"},
				"up": {"uv": [0, 0, 11, 0], "texture": "#1"},
				"down": {"uv": [0, 0, 11, 0], "texture": "#1"}
			}
		},
		{
			"from": [11.5, -1, -0.5],
			"to": [11.5, 9, 10.5],
			"rotation": {"angle": 0, "axis": "y", "origin": [11.5, 4, 5]},
			"faces": {
				"north": {"uv": [0, 0, 0, 10], "texture": "#1"},
				"east": {"uv": [1, 0, 12, 10], "texture": "#1"},
				"south": {"uv": [0, 0, 0, 10], "texture": "#1"},
				"west": {"uv": [12, 0, 1, 10], "texture": "#1"},
				"up": {"uv": [0, 0, 11, 0], "rotation": 90, "texture": "#1"},
				"down": {"uv": [0, 0, 11, 0], "rotation": 270, "texture": "#1"}
			}
		},
		{
			"from": [6, -1, 13],
			"to": [17, 9, 13],
			"rotation": {"angle": -22.5, "axis": "y", "origin": [11.5, 4, 13]},
			"faces": {
				"north": {"uv": [1, 0, 12, 10], "texture": "#1"},
				"east": {"uv": [0, 0, 0, 10], "texture": "#1"},
				"south": {"uv": [1, 0, 12, 10], "texture": "#1"},
				"west": {"uv": [0, 0, 0, 10], "texture": "#1"},
				"up": {"uv": [0, 0, 11, 0], "texture": "#1"},
				"down": {"uv": [0, 0, 11, 0], "texture": "#1"}
			}
		},
		{
			"from": [4.5, -1, 5.5],
			"to": [4.5, 9, 16.5],
			"rotation": {"angle": 22.5, "axis": "y", "origin": [4.5, 4, 11]},
			"faces": {
				"north": {"uv": [0, 0, 0, 10], "texture": "#1"},
				"east": {"uv": [1, 0, 12, 10], "texture": "#1"},
				"south": {"uv": [0, 0, 0, 10], "texture": "#1"},
				"west": {"uv": [12, 0, 1, 10], "texture": "#1"},
				"up": {"uv": [0, 0, 11, 0], "rotation": 90, "texture": "#1"},
				"down": {"uv": [0, 0, 11, 0], "rotation": 270, "texture": "#1"}
			}
		},
		{
			"from": [-1, -1, 11],
			"to": [10, 9, 11],
			"rotation": {"angle": 22.5, "axis": "y", "origin": [4.5, 4, 11]},
			"faces": {
				"north": {"uv": [1, 0, 12, 10], "texture": "#1"},
				"east": {"uv": [0, 0, 0, 10], "texture": "#1"},
				"south": {"uv": [1, 0, 12, 10], "texture": "#1"},
				"west": {"uv": [0, 0, 0, 10], "texture": "#1"},
				"up": {"uv": [0, 0, 11, 0], "texture": "#1"},
				"down": {"uv": [0, 0, 11, 0], "texture": "#1"}
			}
		},
		{
			"from": [4.5, -1, 5.5],
			"to": [4.5, 9, 16.5],
			"rotation": {"angle": -22.5, "axis": "y", "origin": [4.5, 4, 11]},
			"faces": {
				"north": {"uv": [0, 0, 0, 10], "texture": "#1"},
				"east": {"uv": [1, 0, 12, 10], "texture": "#1"},
				"south": {"uv": [0, 0, 0, 10], "texture": "#1"},
				"west": {"uv": [12, 0, 1, 10], "texture": "#1"},
				"up": {"uv": [0, 0, 11, 0], "rotation": 90, "texture": "#1"},
				"down": {"uv": [0, 0, 11, 0], "rotation": 270, "texture": "#1"}
			}
		},
		{
			"from": [-1, -1, 11],
			"to": [10, 9, 11],
			"rotation": {"angle": -22.5, "axis": "y", "origin": [4.5, 4, 11]},
			"faces": {
				"north": {"uv": [1, 0, 12, 10], "texture": "#1"},
				"east": {"uv": [0, 0, 0, 10], "texture": "#1"},
				"south": {"uv": [1, 0, 12, 10], "texture": "#1"},
				"west": {"uv": [0, 0, 0, 10], "texture": "#1"},
				"up": {"uv": [0, 0, 11, 0], "texture": "#1"},
				"down": {"uv": [0, 0, 11, 0], "texture": "#1"}
			}
		},
		{
			"from": [11.5, -1, 7.5],
			"to": [11.5, 9, 18.5],
			"rotation": {"angle": -22.5, "axis": "y", "origin": [11.5, 4, 13]},
			"faces": {
				"north": {"uv": [0, 0, 0, 10], "texture": "#1"},
				"east": {"uv": [1, 0, 12, 10], "texture": "#1"},
				"south": {"uv": [0, 0, 0, 10], "texture": "#1"},
				"west": {"uv": [12, 0, 1, 10], "texture": "#1"},
				"up": {"uv": [0, 0, 11, 0], "rotation": 90, "texture": "#1"},
				"down": {"uv": [0, 0, 11, 0], "rotation": 270, "texture": "#1"}
			}
		},
		{
			"from": [6, -1, 13],
			"to": [17, 9, 13],
			"rotation": {"angle": 22.5, "axis": "y", "origin": [11.5, 4, 13]},
			"faces": {
				"north": {"uv": [1, 0, 12, 10], "texture": "#1"},
				"east": {"uv": [0, 0, 0, 10], "texture": "#1"},
				"south": {"uv": [1, 0, 12, 10], "texture": "#1"},
				"west": {"uv": [0, 0, 0, 10], "texture": "#1"},
				"up": {"uv": [0, 0, 11, 0], "texture": "#1"},
				"down": {"uv": [0, 0, 11, 0], "texture": "#1"}
			}
		},
		{
			"from": [11.5, -1, 7.5],
			"to": [11.5, 9, 18.5],
			"rotation": {"angle": 22.5, "axis": "y", "origin": [11.5, 4, 13]},
			"faces": {
				"north": {"uv": [0, 0, 0, 10], "texture": "#1"},
				"east": {"uv": [1, 0, 12, 10], "texture": "#1"},
				"south": {"uv": [0, 0, 0, 10], "texture": "#1"},
				"west": {"uv": [12, 0, 1, 10], "texture": "#1"},
				"up": {"uv": [0, 0, 11, 0], "rotation": 90, "texture": "#1"},
				"down": {"uv": [0, 0, 11, 0], "rotation": 270, "texture": "#1"}
			}
		},
		{
			"from": [-2, -1, 4],
			"to": [9, 9, 4],
			"rotation": {"angle": -22.5, "axis": "y", "origin": [3.5, 4, 4]},
			"faces": {
				"north": {"uv": [1, 0, 12, 10], "texture": "#1"},
				"east": {"uv": [0, 0, 0, 10], "texture": "#1"},
				"south": {"uv": [1, 0, 12, 10], "texture": "#1"},
				"west": {"uv": [0, 0, 0, 10], "texture": "#1"},
				"up": {"uv": [0, 0, 11, 0], "texture": "#1"},
				"down": {"uv": [0, 0, 11, 0], "texture": "#1"}
			}
		},
		{
			"from": [3.5, -1, -1.5],
			"to": [3.5, 9, 9.5],
			"rotation": {"angle": 22.5, "axis": "y", "origin": [3.5, 4, 4]},
			"faces": {
				"north": {"uv": [0, 0, 0, 10], "texture": "#1"},
				"east": {"uv": [1, 0, 12, 10], "texture": "#1"},
				"south": {"uv": [0, 0, 0, 10], "texture": "#1"},
				"west": {"uv": [12, 0, 1, 10], "texture": "#1"},
				"up": {"uv": [0, 0, 11, 0], "rotation": 90, "texture": "#1"},
				"down": {"uv": [0, 0, 11, 0], "rotation": 270, "texture": "#1"}
			}
		},
		{
			"from": [-2, -1, 4],
			"to": [9, 9, 4],
			"rotation": {"angle": 22.5, "axis": "y", "origin": [3.5, 4, 4]},
			"faces": {
				"north": {"uv": [1, 0, 12, 10], "texture": "#1"},
				"east": {"uv": [0, 0, 0, 10], "texture": "#1"},
				"south": {"uv": [1, 0, 12, 10], "texture": "#1"},
				"west": {"uv": [0, 0, 0, 10], "texture": "#1"},
				"up": {"uv": [0, 0, 11, 0], "texture": "#1"},
				"down": {"uv": [0, 0, 11, 0], "texture": "#1"}
			}
		},
		{
			"from": [3.5, -1, -1.5],
			"to": [3.5, 9, 9.5],
			"rotation": {"angle": -22.5, "axis": "y", "origin": [3.5, 4, 4]},
			"faces": {
				"north": {"uv": [0, 0, 0, 10], "texture": "#1"},
				"east": {"uv": [1, 0, 12, 10], "texture": "#1"},
				"south": {"uv": [0, 0, 0, 10], "texture": "#1"},
				"west": {"uv": [12, 0, 1, 10], "texture": "#1"},
				"up": {"uv": [0, 0, 11, 0], "rotation": 90, "texture": "#1"},
				"down": {"uv": [0, 0, 11, 0], "rotation": 270, "texture": "#1"}
			}
		}
	]
}