{
	"credit": "Made with Blockbench",
	"textures": {
		"0": "block/crop/carrot0",
		"1": "block/carrots_stage3",
		"particle": "block/crop/carrot0"
	},
	"elements": [
		{
			"from": [7.53386, -1, 7.31089],
			"to": [15.53386, 6.5, 7.31089],
			"rotation": {"angle": 0, "axis": "y", "origin": [11.53386, 2.75, 7.31089]},
			"faces": {
				"north": {"uv": [14, 3, 2, 14], "texture": "#1"},
				"east": {"uv": [0, 0, 0, 7], "texture": "#missing"},
				"south": {"uv": [2, 3, 14, 14], "texture": "#1"},
				"west": {"uv": [0, 0, 0, 7], "texture": "#missing"},
				"up": {"uv": [0, 0, 3, 0], "texture": "#missing"},
				"down": {"uv": [0, 0, 3, 0], "texture": "#missing"}
			}
		},
		{
			"from": [11.53386, -1, 3.31089],
			"to": [11.53386, 6.5, 11.31089],
			"rotation": {"angle": 0, "axis": "y", "origin": [11.53386, 2.75, 7.31089]},
			"faces": {
				"north": {"uv": [0, 0, 0, 7], "texture": "#1"},
				"east": {"uv": [2, 3, 14, 14], "texture": "#1"},
				"south": {"uv": [0, 0, 0, 7], "texture": "#1"},
				"west": {"uv": [14, 3, 2, 14], "texture": "#1"},
				"up": {"uv": [0, 0, 3, 0], "rotation": 270, "texture": "#1"},
				"down": {"uv": [0, 0, 3, 0], "rotation": 90, "texture": "#1"}
			}
		},
		{
			"from": [7.53386, -1, 7.31089],
			"to": [15.53386, 6.5, 7.31089],
			"rotation": {"angle": -45, "axis": "y", "origin": [11.53386, 2.75, 7.31089]},
			"faces": {
				"north": {"uv": [14, 3, 2, 14], "texture": "#1"},
				"east": {"uv": [0, 0, 0, 7], "texture": "#1"},
				"south": {"uv": [2, 3, 14, 14], "texture": "#1"},
				"west": {"uv": [0, 0, 0, 7], "texture": "#1"},
				"up": {"uv": [0, 0, 3, 0], "texture": "#1"},
				"down": {"uv": [0, 0, 3, 0], "texture": "#1"}
			}
		},
		{
			"from": [11.53386, -1, 3.31089],
			"to": [11.53386, 6.5, 11.31089],
			"rotation": {"angle": -45, "axis": "y", "origin": [11.53386, 2.75, 7.31089]},
			"faces": {
				"north": {"uv": [0, 0, 0, 7], "texture": "#1"},
				"east": {"uv": [2, 3, 14, 14], "texture": "#1"},
				"south": {"uv": [0, 0, 0, 7], "texture": "#1"},
				"west": {"uv": [14, 3, 2, 14], "texture": "#1"},
				"up": {"uv": [0, 0, 3, 0], "rotation": 270, "texture": "#1"},
				"down": {"uv": [0, 0, 3, 0], "rotation": 90, "texture": "#1"}
			}
		},
		{
			"name": "1",
			"from": [12.10614, -0.29052, 5.30407],
			"to": [18.10614, -0.29052, 9.30407],
			"rotation": {"angle": 45, "axis": "z", "origin": [11.81931, 0.51373, 7.4782]},
			"faces": {
				"north": {"uv": [0, 0, 0, 7], "rotation": 270, "texture": "#missing"},
				"east": {"uv": [0, 0, 3, 0], "texture": "#missing"},
				"south": {"uv": [0, 0, 0, 7], "rotation": 90, "texture": "#missing"},
				"west": {"uv": [0, 0, 3, 0], "rotation": 180, "texture": "#missing"},
				"up": {"uv": [6, 0, 15, 11], "rotation": 90, "texture": "#0"},
				"down": {"uv": [6, 0, 15, 11], "rotation": 90, "texture": "#0"}
			}
		},
		{
			"name": "1",
			"from": [5.22321, -0.7527, 5.30407],
			"to": [11.22321, -0.7527, 9.30407],
			"rotation": {"angle": -45, "axis": "z", "origin": [11.81931, 0.51373, 7.4782]},
			"faces": {
				"north": {"uv": [0, 0, 0, 7], "rotation": 90, "texture": "#0"},
				"east": {"uv": [0, 0, 3, 0], "texture": "#0"},
				"south": {"uv": [0, 0, 0, 7], "rotation": 270, "texture": "#0"},
				"west": {"uv": [0, 0, 3, 0], "rotation": 180, "texture": "#0"},
				"up": {"uv": [6, 0, 15, 11], "rotation": 270, "texture": "#0"},
				"down": {"uv": [6, 0, 15, 11], "rotation": 270, "texture": "#0"}
			}
		},
		{
			"name": "1",
			"from": [9.5392, -0.6192, 1.86269],
			"to": [13.5392, -0.6192, 7.86269],
			"rotation": {"angle": 45, "axis": "x", "origin": [11.81931, 0.51373, 7.4782]},
			"faces": {
				"north": {"uv": [0, 0, 3, 0], "texture": "#missing"},
				"east": {"uv": [0, 0, 0, 7], "rotation": 90, "texture": "#missing"},
				"south": {"uv": [0, 0, 3, 0], "rotation": 180, "texture": "#missing"},
				"west": {"uv": [0, 0, 0, 7], "rotation": 270, "texture": "#missing"},
				"up": {"uv": [6, 0, 15, 11], "texture": "#0"},
				"down": {"uv": [6, 0, 15, 11], "rotation": 180, "texture": "#0"}
			}
		},
		{
			"name": "1",
			"from": [9.52862, -0.36546, 7.83997],
			"to": [13.52862, -0.36546, 13.83997],
			"rotation": {"angle": -45, "axis": "x", "origin": [11.81931, 0.51373, 7.4782]},
			"faces": {
				"north": {"uv": [0, 0, 3, 0], "rotation": 180, "texture": "#missing"},
				"east": {"uv": [0, 0, 0, 7], "rotation": 270, "texture": "#missing"},
				"south": {"uv": [0, 0, 3, 0], "texture": "#missing"},
				"west": {"uv": [0, 0, 0, 7], "rotation": 90, "texture": "#missing"},
				"up": {"uv": [6, 0, 15, 11], "rotation": 180, "texture": "#0"},
				"down": {"uv": [6, 0, 15, 11], "texture": "#0"}
			}
		},
		{
			"name": "1",
			"from": [11, 0, 7],
			"to": [12, 1, 8],
			"rotation": {"angle": 0, "axis": "y", "origin": [10, 4, 9]},
			"faces": {
				"north": {"uv": [9, 5, 10, 6], "texture": "#0"},
				"east": {"uv": [9, 5, 10, 6], "texture": "#0"},
				"south": {"uv": [9, 5, 10, 6], "texture": "#0"},
				"west": {"uv": [9, 5, 10, 6], "texture": "#0"},
				"up": {"uv": [9, 5, 10, 6], "texture": "#0"},
				"down": {"uv": [9, 5, 10, 6], "texture": "#0"}
			}
		},
		{
			"from": [1.53386, -2, 11.31089],
			"to": [9.53386, 5.5, 11.31089],
			"rotation": {"angle": 0, "axis": "y", "origin": [5.53386, 1.75, 11.31089]},
			"faces": {
				"north": {"uv": [14, 3, 2, 14], "texture": "#1"},
				"east": {"uv": [0, 0, 0, 7], "texture": "#1"},
				"south": {"uv": [2, 3, 14, 14], "texture": "#1"},
				"west": {"uv": [0, 0, 0, 7], "texture": "#1"},
				"up": {"uv": [0, 0, 3, 0], "texture": "#1"},
				"down": {"uv": [0, 0, 3, 0], "texture": "#1"}
			}
		},
		{
			"from": [5.53386, -2, 7.31089],
			"to": [5.53386, 5.5, 15.31089],
			"rotation": {"angle": 0, "axis": "y", "origin": [5.53386, 1.75, 11.31089]},
			"faces": {
				"north": {"uv": [0, 0, 0, 7], "texture": "#1"},
				"east": {"uv": [2, 3, 14, 14], "texture": "#1"},
				"south": {"uv": [0, 0, 0, 7], "texture": "#1"},
				"west": {"uv": [14, 3, 2, 14], "texture": "#1"},
				"up": {"uv": [0, 0, 3, 0], "rotation": 270, "texture": "#1"},
				"down": {"uv": [0, 0, 3, 0], "rotation": 90, "texture": "#1"}
			}
		},
		{
			"from": [1.53386, -2, 11.31089],
			"to": [9.53386, 5.5, 11.31089],
			"rotation": {"angle": -45, "axis": "y", "origin": [5.53386, 1.75, 11.31089]},
			"faces": {
				"north": {"uv": [14, 3, 2, 14], "texture": "#1"},
				"east": {"uv": [0, 0, 0, 7], "texture": "#1"},
				"south": {"uv": [2, 3, 14, 14], "texture": "#1"},
				"west": {"uv": [0, 0, 0, 7], "texture": "#1"},
				"up": {"uv": [0, 0, 3, 0], "texture": "#1"},
				"down": {"uv": [0, 0, 3, 0], "texture": "#1"}
			}
		},
		{
			"from": [5.53386, -2, 7.31089],
			"to": [5.53386, 5.5, 15.31089],
			"rotation": {"angle": -45, "axis": "y", "origin": [5.53386, 1.75, 11.31089]},
			"faces": {
				"north": {"uv": [0, 0, 0, 7], "texture": "#1"},
				"east": {"uv": [2, 3, 14, 14], "texture": "#1"},
				"south": {"uv": [0, 0, 0, 7], "texture": "#1"},
				"west": {"uv": [14, 3, 2, 14], "texture": "#1"},
				"up": {"uv": [0, 0, 3, 0], "rotation": 270, "texture": "#1"},
				"down": {"uv": [0, 0, 3, 0], "rotation": 90, "texture": "#1"}
			}
		},
		{
			"name": "1",
			"from": [6.10614, -1.29052, 9.30407],
			"to": [12.10614, -1.29052, 13.30407],
			"rotation": {"angle": 45, "axis": "z", "origin": [5.81931, -0.48627, 11.4782]},
			"faces": {
				"north": {"uv": [0, 0, 0, 7], "rotation": 270, "texture": "#0"},
				"east": {"uv": [0, 0, 3, 0], "texture": "#0"},
				"south": {"uv": [0, 0, 0, 7], "rotation": 90, "texture": "#0"},
				"west": {"uv": [0, 0, 3, 0], "rotation": 180, "texture": "#0"},
				"up": {"uv": [6, 0, 15, 11], "rotation": 90, "texture": "#0"},
				"down": {"uv": [6, 0, 15, 11], "rotation": 90, "texture": "#0"}
			}
		},
		{
			"name": "1",
			"from": [-0.77679, -1.7527, 9.30407],
			"to": [5.22321, -1.7527, 13.30407],
			"rotation": {"angle": -45, "axis": "z", "origin": [5.81931, -0.48627, 11.4782]},
			"faces": {
				"north": {"uv": [0, 0, 0, 7], "rotation": 90, "texture": "#0"},
				"east": {"uv": [0, 0, 3, 0], "texture": "#0"},
				"south": {"uv": [0, 0, 0, 7], "rotation": 270, "texture": "#0"},
				"west": {"uv": [0, 0, 3, 0], "rotation": 180, "texture": "#0"},
				"up": {"uv": [6, 0, 15, 11], "rotation": 270, "texture": "#0"},
				"down": {"uv": [6, 0, 15, 11], "rotation": 270, "texture": "#0"}
			}
		},
		{
			"name": "1",
			"from": [3.5392, -1.6192, 5.86269],
			"to": [7.5392, -1.6192, 11.86269],
			"rotation": {"angle": 45, "axis": "x", "origin": [5.81931, -0.48627, 11.4782]},
			"faces": {
				"north": {"uv": [0, 0, 3, 0], "texture": "#0"},
				"east": {"uv": [0, 0, 0, 7], "rotation": 90, "texture": "#0"},
				"south": {"uv": [0, 0, 3, 0], "rotation": 180, "texture": "#0"},
				"west": {"uv": [0, 0, 0, 7], "rotation": 270, "texture": "#0"},
				"up": {"uv": [6, 0, 15, 11], "texture": "#0"},
				"down": {"uv": [6, 0, 15, 11], "rotation": 180, "texture": "#0"}
			}
		},
		{
			"name": "1",
			"from": [3.52862, -1.36546, 11.83997],
			"to": [7.52862, -1.36546, 17.83997],
			"rotation": {"angle": -45, "axis": "x", "origin": [5.81931, -0.48627, 11.4782]},
			"faces": {
				"north": {"uv": [0, 0, 3, 0], "rotation": 180, "texture": "#0"},
				"east": {"uv": [0, 0, 0, 7], "rotation": 270, "texture": "#0"},
				"south": {"uv": [0, 0, 3, 0], "texture": "#0"},
				"west": {"uv": [0, 0, 0, 7], "rotation": 90, "texture": "#0"},
				"up": {"uv": [6, 0, 15, 11], "rotation": 180, "texture": "#0"},
				"down": {"uv": [6, 0, 15, 11], "texture": "#0"}
			}
		},
		{
			"name": "1",
			"from": [5, -1, 11],
			"to": [6, 0, 12],
			"rotation": {"angle": 0, "axis": "y", "origin": [4, 3, 13]},
			"faces": {
				"north": {"uv": [9, 5, 10, 6], "texture": "#0"},
				"east": {"uv": [9, 5, 10, 6], "texture": "#0"},
				"south": {"uv": [9, 5, 10, 6], "texture": "#0"},
				"west": {"uv": [9, 5, 10, 6], "texture": "#0"},
				"up": {"uv": [9, 5, 10, 6], "texture": "#0"},
				"down": {"uv": [9, 5, 10, 6], "texture": "#0"}
			}
		},
		{
			"from": [-0.46614, -2, 4.31089],
			"to": [7.53386, 5.5, 4.31089],
			"rotation": {"angle": 0, "axis": "y", "origin": [3.53386, 1.75, 4.31089]},
			"faces": {
				"north": {"uv": [14, 3, 2, 14], "texture": "#1"},
				"east": {"uv": [0, 0, 0, 7], "texture": "#1"},
				"south": {"uv": [2, 3, 14, 14], "texture": "#1"},
				"west": {"uv": [0, 0, 0, 7], "texture": "#1"},
				"up": {"uv": [0, 0, 3, 0], "texture": "#1"},
				"down": {"uv": [0, 0, 3, 0], "texture": "#1"}
			}
		},
		{
			"from": [3.53386, -2, 0.31089],
			"to": [3.53386, 5.5, 8.31089],
			"rotation": {"angle": 0, "axis": "y", "origin": [3.53386, 1.75, 4.31089]},
			"faces": {
				"north": {"uv": [0, 0, 0, 7], "texture": "#1"},
				"east": {"uv": [2, 3, 14, 14], "texture": "#1"},
				"south": {"uv": [0, 0, 0, 7], "texture": "#1"},
				"west": {"uv": [14, 3, 2, 14], "texture": "#1"},
				"up": {"uv": [0, 0, 3, 0], "rotation": 270, "texture": "#1"},
				"down": {"uv": [0, 0, 3, 0], "rotation": 90, "texture": "#1"}
			}
		},
		{
			"from": [-0.46614, -2, 4.31089],
			"to": [7.53386, 5.5, 4.31089],
			"rotation": {"angle": -45, "axis": "y", "origin": [3.53386, 1.75, 4.31089]},
			"faces": {
				"north": {"uv": [14, 3, 2, 14], "texture": "#1"},
				"east": {"uv": [0, 0, 0, 7], "texture": "#1"},
				"south": {"uv": [2, 3, 14, 14], "texture": "#1"},
				"west": {"uv": [0, 0, 0, 7], "texture": "#1"},
				"up": {"uv": [0, 0, 3, 0], "texture": "#1"},
				"down": {"uv": [0, 0, 3, 0], "texture": "#1"}
			}
		},
		{
			"from": [3.53386, -2, 0.31089],
			"to": [3.53386, 5.5, 8.31089],
			"rotation": {"angle": -45, "axis": "y", "origin": [3.53386, 1.75, 4.31089]},
			"faces": {
				"north": {"uv": [0, 0, 0, 7], "texture": "#1"},
				"east": {"uv": [2, 3, 14, 14], "texture": "#1"},
				"south": {"uv": [0, 0, 0, 7], "texture": "#1"},
				"west": {"uv": [14, 3, 2, 14], "texture": "#1"},
				"up": {"uv": [0, 0, 3, 0], "rotation": 270, "texture": "#1"},
				"down": {"uv": [0, 0, 3, 0], "rotation": 90, "texture": "#1"}
			}
		},
		{
			"name": "1",
			"from": [4.10614, -1.29052, 2.30407],
			"to": [10.10614, -1.29052, 6.30407],
			"rotation": {"angle": 45, "axis": "z", "origin": [3.81931, -0.48627, 4.4782]},
			"faces": {
				"north": {"uv": [0, 0, 0, 7], "rotation": 270, "texture": "#0"},
				"east": {"uv": [0, 0, 3, 0], "texture": "#0"},
				"south": {"uv": [0, 0, 0, 7], "rotation": 90, "texture": "#0"},
				"west": {"uv": [0, 0, 3, 0], "rotation": 180, "texture": "#0"},
				"up": {"uv": [6, 0, 15, 11], "rotation": 90, "texture": "#0"},
				"down": {"uv": [6, 0, 15, 11], "rotation": 90, "texture": "#0"}
			}
		},
		{
			"name": "1",
			"from": [-2.77679, -1.7527, 2.30407],
			"to": [3.22321, -1.7527, 6.30407],
			"rotation": {"angle": -45, "axis": "z", "origin": [3.81931, -0.48627, 4.4782]},
			"faces": {
				"north": {"uv": [0, 0, 0, 7], "rotation": 90, "texture": "#0"},
				"east": {"uv": [0, 0, 3, 0], "texture": "#0"},
				"south": {"uv": [0, 0, 0, 7], "rotation": 270, "texture": "#0"},
				"west": {"uv": [0, 0, 3, 0], "rotation": 180, "texture": "#0"},
				"up": {"uv": [6, 0, 15, 11], "rotation": 270, "texture": "#0"},
				"down": {"uv": [6, 0, 15, 11], "rotation": 270, "texture": "#0"}
			}
		},
		{
			"name": "1",
			"from": [1.5392, -1.6192, -1.13731],
			"to": [5.5392, -1.6192, 4.86269],
			"rotation": {"angle": 45, "axis": "x", "origin": [3.81931, -0.48627, 4.4782]},
			"faces": {
				"north": {"uv": [0, 0, 3, 0], "texture": "#0"},
				"east": {"uv": [0, 0, 0, 7], "rotation": 90, "texture": "#0"},
				"south": {"uv": [0, 0, 3, 0], "rotation": 180, "texture": "#0"},
				"west": {"uv": [0, 0, 0, 7], "rotation": 270, "texture": "#0"},
				"up": {"uv": [6, 0, 15, 11], "texture": "#0"},
				"down": {"uv": [6, 0, 15, 11], "rotation": 180, "texture": "#0"}
			}
		},
		{
			"name": "1",
			"from": [1.52862, -1.36546, 4.83997],
			"to": [5.52862, -1.36546, 10.83997],
			"rotation": {"angle": -45, "axis": "x", "origin": [3.81931, -0.48627, 4.4782]},
			"faces": {
				"north": {"uv": [0, 0, 3, 0], "rotation": 180, "texture": "#0"},
				"east": {"uv": [0, 0, 0, 7], "rotation": 270, "texture": "#0"},
				"south": {"uv": [0, 0, 3, 0], "texture": "#0"},
				"west": {"uv": [0, 0, 0, 7], "rotation": 90, "texture": "#0"},
				"up": {"uv": [6, 0, 15, 11], "rotation": 180, "texture": "#0"},
				"down": {"uv": [6, 0, 15, 11], "texture": "#0"}
			}
		},
		{
			"name": "1",
			"from": [3, -1, 4],
			"to": [4, 0, 5],
			"rotation": {"angle": 0, "axis": "y", "origin": [2, 3, 6]},
			"faces": {
				"north": {"uv": [9, 5, 10, 6], "texture": "#0"},
				"east": {"uv": [9, 5, 10, 6], "texture": "#0"},
				"south": {"uv": [9, 5, 10, 6], "texture": "#0"},
				"west": {"uv": [9, 5, 10, 6], "texture": "#0"},
				"up": {"uv": [9, 5, 10, 6], "texture": "#0"},
				"down": {"uv": [9, 5, 10, 6], "texture": "#0"}
			}
		}
	]
}