{
	"credit": "Made with Blockbench",
	"textures": {
		"0": "block/crop/carrot0",
		"1": "block/carrots_stage3",
		"particle": "block/crop/carrot0"
	},
	"elements": [
		{
			"from": [7.53386, -3, 5.31089],
			"to": [15.53386, 4.5, 5.31089],
			"rotation": {"angle": 0, "axis": "y", "origin": [11.53386, 0.75, 5.31089]},
			"faces": {
				"north": {"uv": [14, 3, 2, 14], "texture": "#1"},
				"east": {"uv": [0, 0, 0, 7], "texture": "#missing"},
				"south": {"uv": [2, 3, 14, 14], "texture": "#1"},
				"west": {"uv": [0, 0, 0, 7], "texture": "#missing"},
				"up": {"uv": [0, 0, 3, 0], "texture": "#missing"},
				"down": {"uv": [0, 0, 3, 0], "texture": "#missing"}
			}
		},
		{
			"from": [11.53386, -3, 1.31089],
			"to": [11.53386, 4.5, 9.31089],
			"rotation": {"angle": 0, "axis": "y", "origin": [11.53386, 0.75, 5.31089]},
			"faces": {
				"north": {"uv": [0, 0, 0, 7], "texture": "#1"},
				"east": {"uv": [2, 3, 14, 14], "texture": "#1"},
				"south": {"uv": [0, 0, 0, 7], "texture": "#1"},
				"west": {"uv": [14, 3, 2, 14], "texture": "#1"},
				"up": {"uv": [0, 0, 3, 0], "rotation": 270, "texture": "#1"},
				"down": {"uv": [0, 0, 3, 0], "rotation": 90, "texture": "#1"}
			}
		},
		{
			"from": [7.53386, -3, 5.31089],
			"to": [15.53386, 4.5, 5.31089],
			"rotation": {"angle": -45, "axis": "y", "origin": [11.53386, 0.75, 5.31089]},
			"faces": {
				"north": {"uv": [14, 3, 2, 14], "texture": "#1"},
				"east": {"uv": [0, 0, 0, 7], "texture": "#1"},
				"south": {"uv": [2, 3, 14, 14], "texture": "#1"},
				"west": {"uv": [0, 0, 0, 7], "texture": "#1"},
				"up": {"uv": [0, 0, 3, 0], "texture": "#1"},
				"down": {"uv": [0, 0, 3, 0], "texture": "#1"}
			}
		},
		{
			"from": [11.53386, -3, 1.31089],
			"to": [11.53386, 4.5, 9.31089],
			"rotation": {"angle": -45, "axis": "y", "origin": [11.53386, 0.75, 5.31089]},
			"faces": {
				"north": {"uv": [0, 0, 0, 7], "texture": "#1"},
				"east": {"uv": [2, 3, 14, 14], "texture": "#1"},
				"south": {"uv": [0, 0, 0, 7], "texture": "#1"},
				"west": {"uv": [14, 3, 2, 14], "texture": "#1"},
				"up": {"uv": [0, 0, 3, 0], "rotation": 270, "texture": "#1"},
				"down": {"uv": [0, 0, 3, 0], "rotation": 90, "texture": "#1"}
			}
		},
		{
			"name": "1",
			"from": [11, -2, 5],
			"to": [12, -1, 6],
			"rotation": {"angle": 0, "axis": "y", "origin": [10, 2, 7]},
			"faces": {
				"north": {"uv": [9, 5, 10, 6], "texture": "#0"},
				"east": {"uv": [9, 5, 10, 6], "texture": "#0"},
				"south": {"uv": [9, 5, 10, 6], "texture": "#0"},
				"west": {"uv": [9, 5, 10, 6], "texture": "#0"},
				"up": {"uv": [9, 5, 10, 6], "texture": "#0"},
				"down": {"uv": [9, 5, 10, 6], "texture": "#0"}
			}
		},
		{
			"from": [1.53386, -3, 11.31089],
			"to": [9.53386, 4.5, 11.31089],
			"rotation": {"angle": 0, "axis": "y", "origin": [5.53386, 0.75, 11.31089]},
			"faces": {
				"north": {"uv": [14, 3, 2, 14], "texture": "#1"},
				"east": {"uv": [0, 0, 0, 7], "texture": "#1"},
				"south": {"uv": [2, 3, 14, 14], "texture": "#1"},
				"west": {"uv": [0, 0, 0, 7], "texture": "#1"},
				"up": {"uv": [0, 0, 3, 0], "texture": "#1"},
				"down": {"uv": [0, 0, 3, 0], "texture": "#1"}
			}
		},
		{
			"from": [5.53386, -3, 7.31089],
			"to": [5.53386, 4.5, 15.31089],
			"rotation": {"angle": 0, "axis": "y", "origin": [5.53386, 0.75, 11.31089]},
			"faces": {
				"north": {"uv": [0, 0, 0, 7], "texture": "#1"},
				"east": {"uv": [2, 3, 14, 14], "texture": "#1"},
				"south": {"uv": [0, 0, 0, 7], "texture": "#1"},
				"west": {"uv": [14, 3, 2, 14], "texture": "#1"},
				"up": {"uv": [0, 0, 3, 0], "rotation": 270, "texture": "#1"},
				"down": {"uv": [0, 0, 3, 0], "rotation": 90, "texture": "#1"}
			}
		},
		{
			"from": [1.53386, -3, 11.31089],
			"to": [9.53386, 4.5, 11.31089],
			"rotation": {"angle": -45, "axis": "y", "origin": [5.53386, 0.75, 11.31089]},
			"faces": {
				"north": {"uv": [14, 3, 2, 14], "texture": "#1"},
				"east": {"uv": [0, 0, 0, 7], "texture": "#1"},
				"south": {"uv": [2, 3, 14, 14], "texture": "#1"},
				"west": {"uv": [0, 0, 0, 7], "texture": "#1"},
				"up": {"uv": [0, 0, 3, 0], "texture": "#1"},
				"down": {"uv": [0, 0, 3, 0], "texture": "#1"}
			}
		},
		{
			"from": [5.53386, -3, 7.31089],
			"to": [5.53386, 4.5, 15.31089],
			"rotation": {"angle": -45, "axis": "y", "origin": [5.53386, 0.75, 11.31089]},
			"faces": {
				"north": {"uv": [0, 0, 0, 7], "texture": "#1"},
				"east": {"uv": [2, 3, 14, 14], "texture": "#1"},
				"south": {"uv": [0, 0, 0, 7], "texture": "#1"},
				"west": {"uv": [14, 3, 2, 14], "texture": "#1"},
				"up": {"uv": [0, 0, 3, 0], "rotation": 270, "texture": "#1"},
				"down": {"uv": [0, 0, 3, 0], "rotation": 90, "texture": "#1"}
			}
		},
		{
			"name": "1",
			"from": [5, -2, 11],
			"to": [6, -1, 12],
			"rotation": {"angle": 0, "axis": "y", "origin": [4, 2, 13]},
			"faces": {
				"north": {"uv": [9, 5, 10, 6], "texture": "#0"},
				"east": {"uv": [9, 5, 10, 6], "texture": "#0"},
				"south": {"uv": [9, 5, 10, 6], "texture": "#0"},
				"west": {"uv": [9, 5, 10, 6], "texture": "#0"},
				"up": {"uv": [9, 5, 10, 6], "texture": "#0"},
				"down": {"uv": [9, 5, 10, 6], "texture": "#0"}
			}
		}
	]
}